crop_id,source,source_image_id,image_path,crop_path,width,height,aspect_ratio,text,font_name,language,is_synthetic,canonical_orientation
synthru_0000000,synthetic_ru,synthru_0000000,/Users/vika/Projects/classifier_rotation/data/synthetic_ru/debug_1000/synthru_0000000.jpg,/Users/vika/Projects/classifier_rotation/data/synthetic_ru/debug_1000/synthru_0000000.jpg,331,28,11.821428571428571,уценка реплика новая мышь установка дом,ofont.ru_Arteks.ttf,ru_en_mixed,True,0
synthru_0000001,synthetic_ru,synthru_0000001,/Users/vika/Projects/classifier_rotation/data/synthetic_ru/debug_1000/synthru_0000001.jpg,/Users/vika/Projects/classifier_rotation/data/synthetic_ru/debug_1000/synthru_0000001.jpg,326,20,16.3,качественно сегодня новый новый склад,ofont.ru_Handgeschrieben.ttf,ru_en_mixed,True,0
synthru_0000002,synthetic_ru,synthru_0000002,/Users/vika/Projects/classifier_rotation/data/synthetic_ru/debug_1000/synthru_0000002.jpg,/Users/vika/Projects/classifier_rotation/data/synthetic_ru/debug_1000/synthru_0000002.jpg,430,59,7.288135593220339,Adidas Lite 63,ofont.ru_Playfair Display.ttf,ru_en_mixed,True,0
synthru_0000003,synthetic_ru,synthru_0000003,/Users/vika/Projects/classifier_rotation/data/synthetic_ru/debug_1000/synthru_0000003.jpg,/Users/vika/Projects/classifier_rotation/data/synthetic_ru/debug_1000/synthru_0000003.jpg,996,50,19.92,магазин чехол распродажа торг почта рублей дорого,ofont.ru_PF Monumenta Pro.ttf,ru_en_mixed,True,0
synthru_0000004,synthetic_ru,synthru_0000004,/Users/vika/Projects/classifier_rotation/data/synthetic_ru/debug_1000/synthru_0000004.jpg,/Users/vika/Projects/classifier_rotation/data/synthetic_ru/debug_1000/synthru_0000004.jpg,760,79,9.620253164556962,871,ofont.ru_Smooz.ttf,ru_en_mixed,True,0
synthru_0000005,synthetic_ru,synthru_0000005,/Users/vika/Projects/classifier_rotation/data/synthetic_ru/debug_1000/synthru_0000005.jpg,/Users/vika/Projects/classifier_rotation/data/synthetic_ru/debug_1000/synthru_0000005.jpg,341,48,7.104166666666667,"ул. Победы, 130",ofont.ru_Hirro Sans.ttf,ru_en_mixed,True,0
synthru_0000006,synthetic_ru,synthru_0000006,/Users/vika/Projects/classifier_rotation/data/synthetic_ru/debug_1000/synthru_0000006.jpg,/Users/vika/Projects/classifier_rotation/data/synthetic_ru/debug_1000/synthru_0000006.jpg,267,31,8.612903225806452,ватсап сегодня набор модель штука,ofont.ru_DlgGeo.ttf,ru_en_mixed,True,0
synthru_0000007,synthetic_ru,synthru_0000007,/Users/vika/Projects/classifier_rotation/data/synthetic_ru/debug_1000/synthru_0000007.jpg,/Users/vika/Projects/classifier_rotation/data/synthetic_ru/debug_1000/synthru_0000007.jpg,1095,37,29.594594594594593,консультация дом куплю планшет продукт вещь торг boxberry гарантия тысяч модель,ofont.ru_DlgGeo.ttf,ru_en_mixed,True,0
synthru_0000008,synthetic_ru,synthru_0000008,/Users/vika/Projects/classifier_rotation/data/synthetic_ru/debug_1000/synthru_0000008.jpg,/Users/vika/Projects/classifier_rotation/data/synthetic_ru/debug_1000/synthru_0000008.jpg,1406,67,20.98507462686567,ул новое стоимость обслуживание реплика цена длина,ofont.ru_Bookman Old Style Cyr.ttf,ru_en_mixed,True,0
synthru_0000009,synthetic_ru,synthru_0000009,/Users/vika/Projects/classifier_rotation/data/synthetic_ru/debug_1000/synthru_0000009.jpg,/Users/vika/Projects/classifier_rotation/data/synthetic_ru/debug_1000/synthru_0000009.jpg,1055,34,31.029411764705884,копейки смартфон клавиатура стекло кузов модель цены скидка продукт,ofont.ru_Arteks.ttf,ru_en_mixed,True,0
synthru_0000010,synthetic_ru,synthru_0000010,/Users/vika/Projects/classifier_rotation/data/synthetic_ru/debug_1000/synthru_0000010.jpg,/Users/vika/Projects/classifier_rotation/data/synthetic_ru/debug_1000/synthru_0000010.jpg,460,91,5.054945054945055,430.99,ofont.ru_Ethna.ttf,ru_en_mixed,True,0
synthru_0000011,synthetic_ru,synthru_0000011,/Users/vika/Projects/classifier_rotation/data/synthetic_ru/debug_1000/synthru_0000011.jpg,/Users/vika/Projects/classifier_rotation/data/synthetic_ru/debug_1000/synthru_0000011.jpg,1349,253,5.33201581027668,Nike Lite 25,ofont.ru_Veles.ttf,ru_en_mixed,True,0
synthru_0000012,synthetic_ru,synthru_0000012,/Users/vika/Projects/classifier_rotation/data/synthetic_ru/debug_1000/synthru_0000012.jpg,/Users/vika/Projects/classifier_rotation/data/synthetic_ru/debug_1000/synthru_0000012.jpg,1697,42,40.404761904761905,дорого завтра телефон пункт год выгодно работа товар авто квартира розница,ofont.ru_PF Monumenta Pro.ttf,ru_en_mixed,True,0
synthru_0000013,synthetic_ru,synthru_0000013,/Users/vika/Projects/classifier_rotation/data/synthetic_ru/debug_1000/synthru_0000013.jpg,/Users/vika/Projects/classifier_rotation/data/synthetic_ru/debug_1000/synthru_0000013.jpg,204,25,8.16,original special,ofont.ru_Arteks.ttf,ru_en_mixed,True,0
synthru_0000014,synthetic_ru,synthru_0000014,/Users/vika/Projects/classifier_rotation/data/synthetic_ru/debug_1000/synthru_0000014.jpg,/Users/vika/Projects/classifier_rotation/data/synthetic_ru/debug_1000/synthru_0000014.jpg,800,103,7.766990291262136,заказ оптом высота,ofont.ru_Ethna.ttf,ru_en_mixed,True,0
synthru_0000015,synthetic_ru,synthru_0000015,/Users/vika/Projects/classifier_rotation/data/synthetic_ru/debug_1000/synthru_0000015.jpg,/Users/vika/Projects/classifier_rotation/data/synthetic_ru/debug_1000/synthru_0000015.jpg,383,60,6.383333333333334,+7 (968) 439-13-24,ofont.ru_Handgeschrieben.ttf,ru_en_mixed,True,0
synthru_0000016,synthetic_ru,synthru_0000016,/Users/vika/Projects/classifier_rotation/data/synthetic_ru/debug_1000/synthru_0000016.jpg,/Users/vika/Projects/classifier_rotation/data/synthetic_ru/debug_1000/synthru_0000016.jpg,330,54,6.111111111111111,LG S 97,ofont.ru_Ethna.ttf,ru_en_mixed,True,0
synthru_0000017,synthetic_ru,synthru_0000017,/Users/vika/Projects/classifier_rotation/data/synthetic_ru/debug_1000/synthru_0000017.jpg,/Users/vika/Projects/classifier_rotation/data/synthetic_ru/debug_1000/synthru_0000017.jpg,145,20,7.25,+7 (922) 730-82-48,ofont.ru_Rubik Vinyl.ttf,ru_en_mixed,True,0
synthru_0000018,synthetic_ru,synthru_0000018,/Users/vika/Projects/classifier_rotation/data/synthetic_ru/debug_1000/synthru_0000018.jpg,/Users/vika/Projects/classifier_rotation/data/synthetic_ru/debug_1000/synthru_0000018.jpg,1061,32,33.15625,авто сегодня дом объектив салон акция дешево обменяю уценка высота склад штука,ofont.ru_Smooz.ttf,ru_en_mixed,True,0
synthru_0000019,synthetic_ru,synthru_0000019,/Users/vika/Projects/classifier_rotation/data/synthetic_ru/debug_1000/synthru_0000019.jpg,/Users/vika/Projects/classifier_rotation/data/synthetic_ru/debug_1000/synthru_0000019.jpg,2725,112,24.330357142857142,салон уточняйте дача сегодня whatsapp комната колонка год квартира,ofont.ru_Veles.ttf,ru_en_mixed,True,0
synthru_0000020,synthetic_ru,synthru_0000020,/Users/vika/Projects/classifier_rotation/data/synthetic_ru/debug_1000/synthru_0000020.jpg,/Users/vika/Projects/classifier_rotation/data/synthetic_ru/debug_1000/synthru_0000020.jpg,490,39,12.564102564102564,распродажа смартфон планшет вещь,ofont.ru_Smooz.ttf,ru_en_mixed,True,0
synthru_0000021,synthetic_ru,synthru_0000021,/Users/vika/Projects/classifier_rotation/data/synthetic_ru/debug_1000/synthru_0000021.jpg,/Users/vika/Projects/classifier_rotation/data/synthetic_ru/debug_1000/synthru_0000021.jpg,86,30,2.8666666666666667,9 047,ofont.ru_Handgeschrieben.ttf,ru_en_mixed,True,0
synthru_0000022,synthetic_ru,synthru_0000022,/Users/vika/Projects/classifier_rotation/data/synthetic_ru/debug_1000/synthru_0000022.jpg,/Users/vika/Projects/classifier_rotation/data/synthetic_ru/debug_1000/synthru_0000022.jpg,118,24,4.916666666666667,Xiaomi Pro 38,ofont.ru_Rubik Vinyl.ttf,ru_en_mixed,True,0
synthru_0000023,synthetic_ru,synthru_0000023,/Users/vika/Projects/classifier_rotation/data/synthetic_ru/debug_1000/synthru_0000023.jpg,/Users/vika/Projects/classifier_rotation/data/synthetic_ru/debug_1000/synthru_0000023.jpg,205,43,4.767441860465116,студия торг,ofont.ru_Zekton.ttf,ru_en_mixed,True,0
synthru_0000024,synthetic_ru,synthru_0000024,/Users/vika/Projects/classifier_rotation/data/synthetic_ru/debug_1000/synthru_0000024.jpg,/Users/vika/Projects/classifier_rotation/data/synthetic_ru/debug_1000/synthru_0000024.jpg,246,20,12.3,комплект телефон машина новая чехол,ofont.ru_Departura.ttf,ru_en_mixed,True,0
synthru_0000025,synthetic_ru,synthru_0000025,/Users/vika/Projects/classifier_rotation/data/synthetic_ru/debug_1000/synthru_0000025.jpg,/Users/vika/Projects/classifier_rotation/data/synthetic_ru/debug_1000/synthru_0000025.jpg,1387,60,23.116666666666667,store discount quality address phone service available discount special quality,ofont.ru_Bookman Old Style Cyr.ttf,ru_en_mixed,True,0
synthru_0000026,synthetic_ru,synthru_0000026,/Users/vika/Projects/classifier_rotation/data/synthetic_ru/debug_1000/synthru_0000026.jpg,/Users/vika/Projects/classifier_rotation/data/synthetic_ru/debug_1000/synthru_0000026.jpg,289,54,5.351851851851852,+7 (935) 669-11-76,ofont.ru_Ethna.ttf,ru_en_mixed,True,0
synthru_0000027,synthetic_ru,synthru_0000027,/Users/vika/Projects/classifier_rotation/data/synthetic_ru/debug_1000/synthru_0000027.jpg,/Users/vika/Projects/classifier_rotation/data/synthetic_ru/debug_1000/synthru_0000027.jpg,579,36,16.083333333333332,original store online model phone original shop available original available,ofont.ru_Downtown.ttf,ru_en_mixed,True,0
synthru_0000028,synthetic_ru,synthru_0000028,/Users/vika/Projects/classifier_rotation/data/synthetic_ru/debug_1000/synthru_0000028.jpg,/Users/vika/Projects/classifier_rotation/data/synthetic_ru/debug_1000/synthru_0000028.jpg,178,28,6.357142857142857,от 99 169 за штуку,ofont.ru_Hirro Sans.ttf,ru_en_mixed,True,0
synthru_0000029,synthetic_ru,synthru_0000029,/Users/vika/Projects/classifier_rotation/data/synthetic_ru/debug_1000/synthru_0000029.jpg,/Users/vika/Projects/classifier_rotation/data/synthetic_ru/debug_1000/synthru_0000029.jpg,449,31,14.483870967741936,9 866,ofont.ru_Rubik Vinyl.ttf,ru_en_mixed,True,0
synthru_0000030,synthetic_ru,synthru_0000030,/Users/vika/Projects/classifier_rotation/data/synthetic_ru/debug_1000/synthru_0000030.jpg,/Users/vika/Projects/classifier_rotation/data/synthetic_ru/debug_1000/synthru_0000030.jpg,405,20,20.25,телефон высота торг копейки тысяч выдачи штука распродажа подарок,ofont.ru_Ethna.ttf,ru_en_mixed,True,0
synthru_0000031,synthetic_ru,synthru_0000031,/Users/vika/Projects/classifier_rotation/data/synthetic_ru/debug_1000/synthru_0000031.jpg,/Users/vika/Projects/classifier_rotation/data/synthetic_ru/debug_1000/synthru_0000031.jpg,599,47,12.74468085106383,64,ofont.ru_PF Monumenta Pro.ttf,ru_en_mixed,True,0
synthru_0000032,synthetic_ru,synthru_0000032,/Users/vika/Projects/classifier_rotation/data/synthetic_ru/debug_1000/synthru_0000032.jpg,/Users/vika/Projects/classifier_rotation/data/synthetic_ru/debug_1000/synthru_0000032.jpg,866,108,8.018518518518519,4Е3ЧЯЦХЖЛЦЯ4УЮ8В2,ofont.ru_Bookman Old Style Cyr.ttf,ru_en_mixed,True,0
synthru_0000033,synthetic_ru,synthru_0000033,/Users/vika/Projects/classifier_rotation/data/synthetic_ru/debug_1000/synthru_0000033.jpg,/Users/vika/Projects/classifier_rotation/data/synthetic_ru/debug_1000/synthru_0000033.jpg,781,40,19.525,копия копейки ватсап модель даром авто ул планшет курьер продаю,ofont.ru_Smooz.ttf,ru_en_mixed,True,0
synthru_0000034,synthetic_ru,synthru_0000034,/Users/vika/Projects/classifier_rotation/data/synthetic_ru/debug_1000/synthru_0000034.jpg,/Users/vika/Projects/classifier_rotation/data/synthetic_ru/debug_1000/synthru_0000034.jpg,700,20,35.0,производство ватсап выдачи руб адрес цвет найму производство дом тысяч самовывоз,ofont.ru_Zekton.ttf,ru_en_mixed,True,0
synthru_0000035,synthetic_ru,synthru_0000035,/Users/vika/Projects/classifier_rotation/data/synthetic_ru/debug_1000/synthru_0000035.jpg,/Users/vika/Projects/classifier_rotation/data/synthetic_ru/debug_1000/synthru_0000035.jpg,112,20,5.6,+7 (948) 495-94-93,ofont.ru_DlgGeo.ttf,ru_en_mixed,True,0
synthru_0000036,synthetic_ru,synthru_0000036,/Users/vika/Projects/classifier_rotation/data/synthetic_ru/debug_1000/synthru_0000036.jpg,/Users/vika/Projects/classifier_rotation/data/synthetic_ru/debug_1000/synthru_0000036.jpg,1489,67,22.223880597014926,Lenovo Недорого машина телеграм версия 8865,ofont.ru_Smooz.ttf,ru_en_mixed,True,0
synthru_0000037,synthetic_ru,synthru_0000037,/Users/vika/Projects/classifier_rotation/data/synthetic_ru/debug_1000/synthru_0000037.jpg,/Users/vika/Projects/classifier_rotation/data/synthetic_ru/debug_1000/synthru_0000037.jpg,370,44,8.409090909090908,участок заказ диски,ofont.ru_Zekton.ttf,ru_en_mixed,True,0
synthru_0000038,synthetic_ru,synthru_0000038,/Users/vika/Projects/classifier_rotation/data/synthetic_ru/debug_1000/synthru_0000038.jpg,/Users/vika/Projects/classifier_rotation/data/synthetic_ru/debug_1000/synthru_0000038.jpg,242,28,8.642857142857142,+7 (958) 965-48-35,ofont.ru_Rubik Vinyl.ttf,ru_en_mixed,True,0
synthru_0000039,synthetic_ru,synthru_0000039,/Users/vika/Projects/classifier_rotation/data/synthetic_ru/debug_1000/synthru_0000039.jpg,/Users/vika/Projects/classifier_rotation/data/synthetic_ru/debug_1000/synthru_0000039.jpg,1021,87,11.735632183908047,HONOR скидка цены выгодно 2241,ofont.ru_Arteks.ttf,ru_en_mixed,True,0
synthru_0000040,synthetic_ru,synthru_0000040,/Users/vika/Projects/classifier_rotation/data/synthetic_ru/debug_1000/synthru_0000040.jpg,/Users/vika/Projects/classifier_rotation/data/synthetic_ru/debug_1000/synthru_0000040.jpg,946,162,5.839506172839506,Sony Lite 48,ofont.ru_Departura.ttf,ru_en_mixed,True,0
synthru_0000041,synthetic_ru,synthru_0000041,/Users/vika/Projects/classifier_rotation/data/synthetic_ru/debug_1000/synthru_0000041.jpg,/Users/vika/Projects/classifier_rotation/data/synthetic_ru/debug_1000/synthru_0000041.jpg,52,20,2.6,6 186,ofont.ru_PF Monumenta Pro.ttf,ru_en_mixed,True,0
synthru_0000042,synthetic_ru,synthru_0000042,/Users/vika/Projects/classifier_rotation/data/synthetic_ru/debug_1000/synthru_0000042.jpg,/Users/vika/Projects/classifier_rotation/data/synthetic_ru/debug_1000/synthru_0000042.jpg,809,36,22.47222222222222,premium offer address online available special offer quality best premium discount offer,ofont.ru_Ethna.ttf,ru_en_mixed,True,0
synthru_0000043,synthetic_ru,synthru_0000043,/Users/vika/Projects/classifier_rotation/data/synthetic_ru/debug_1000/synthru_0000043.jpg,/Users/vika/Projects/classifier_rotation/data/synthetic_ru/debug_1000/synthru_0000043.jpg,871,164,5.310975609756097,+7 (982) 754-86-12,ofont.ru_Arteks.ttf,ru_en_mixed,True,0
synthru_0000044,synthetic_ru,synthru_0000044,/Users/vika/Projects/classifier_rotation/data/synthetic_ru/debug_1000/synthru_0000044.jpg,/Users/vika/Projects/classifier_rotation/data/synthetic_ru/debug_1000/synthru_0000044.jpg,423,59,7.169491525423729,СМЗБИАЧРХБМСГИЯ6ЗД31Ш,ofont.ru_normal font.ttf,ru_en_mixed,True,0
synthru_0000045,synthetic_ru,synthru_0000045,/Users/vika/Projects/classifier_rotation/data/synthetic_ru/debug_1000/synthru_0000045.jpg,/Users/vika/Projects/classifier_rotation/data/synthetic_ru/debug_1000/synthru_0000045.jpg,433,40,10.825,сдэк отличное оригинал,ofont.ru_PF Monumenta Pro.ttf,ru_en_mixed,True,0
synthru_0000046,synthetic_ru,synthru_0000046,/Users/vika/Projects/classifier_rotation/data/synthetic_ru/debug_1000/synthru_0000046.jpg,/Users/vika/Projects/classifier_rotation/data/synthetic_ru/debug_1000/synthru_0000046.jpg,271,23,11.782608695652174,original original discount,ofont.ru_DlgGeo.ttf,ru_en_mixed,True,0
synthru_0000047,synthetic_ru,synthru_0000047,/Users/vika/Projects/classifier_rotation/data/synthetic_ru/debug_1000/synthru_0000047.jpg,/Users/vika/Projects/classifier_rotation/data/synthetic_ru/debug_1000/synthru_0000047.jpg,276,80,3.45,KIA Pro 41,ofont.ru_Hirro Sans.ttf,ru_en_mixed,True,0
synthru_0000048,synthetic_ru,synthru_0000048,/Users/vika/Projects/classifier_rotation/data/synthetic_ru/debug_1000/synthru_0000048.jpg,/Users/vika/Projects/classifier_rotation/data/synthetic_ru/debug_1000/synthru_0000048.jpg,556,24,23.166666666666668,квартира рублей цена ноутбук курьер завтра продам телефон поддержка бронь реплика авто,ofont.ru_ArbatDi.ttf,ru_en_mixed,True,0
synthru_0000049,synthetic_ru,synthru_0000049,/Users/vika/Projects/classifier_rotation/data/synthetic_ru/debug_1000/synthru_0000049.jpg,/Users/vika/Projects/classifier_rotation/data/synthetic_ru/debug_1000/synthru_0000049.jpg,243,23,10.565217391304348,57,ofont.ru_Departura.ttf,ru_en_mixed,True,0
synthru_0000050,synthetic_ru,synthru_0000050,/Users/vika/Projects/classifier_rotation/data/synthetic_ru/debug_1000/synthru_0000050.jpg,/Users/vika/Projects/classifier_rotation/data/synthetic_ru/debug_1000/synthru_0000050.jpg,618,29,21.310344827586206,брак заказ ноутбук год офис проспект штука выдачи,ofont.ru_Arteks.ttf,ru_en_mixed,True,0
synthru_0000051,synthetic_ru,synthru_0000051,/Users/vika/Projects/classifier_rotation/data/synthetic_ru/debug_1000/synthru_0000051.jpg,/Users/vika/Projects/classifier_rotation/data/synthetic_ru/debug_1000/synthru_0000051.jpg,1440,175,8.228571428571428,уценка дом сервис,ofont.ru_Rubik Vinyl.ttf,ru_en_mixed,True,0
synthru_0000052,synthetic_ru,synthru_0000052,/Users/vika/Projects/classifier_rotation/data/synthetic_ru/debug_1000/synthru_0000052.jpg,/Users/vika/Projects/classifier_rotation/data/synthetic_ru/debug_1000/synthru_0000052.jpg,2233,161,13.869565217391305,стоимость гараж кабель коробка брак чехол,ofont.ru_Zekton.ttf,ru_en_mixed,True,0
synthru_0000053,synthetic_ru,synthru_0000053,/Users/vika/Projects/classifier_rotation/data/synthetic_ru/debug_1000/synthru_0000053.jpg,/Users/vika/Projects/classifier_rotation/data/synthetic_ru/debug_1000/synthru_0000053.jpg,625,20,31.25,комплект длина оптом в наличии копейки пробег пишите партия дача предзаказ,ofont.ru_Arteks.ttf,ru_en_mixed,True,0
synthru_0000054,synthetic_ru,synthru_0000054,/Users/vika/Projects/classifier_rotation/data/synthetic_ru/debug_1000/synthru_0000054.jpg,/Users/vika/Projects/classifier_rotation/data/synthetic_ru/debug_1000/synthru_0000054.jpg,280,30,9.333333333333334,373.99,ofont.ru_PF Monumenta Pro.ttf,ru_en_mixed,True,0
synthru_0000055,synthetic_ru,synthru_0000055,/Users/vika/Projects/classifier_rotation/data/synthetic_ru/debug_1000/synthru_0000055.jpg,/Users/vika/Projects/classifier_rotation/data/synthetic_ru/debug_1000/synthru_0000055.jpg,148,20,7.4,курьер заказ улица,ofont.ru_DlgGeo.ttf,ru_en_mixed,True,0
synthru_0000056,synthetic_ru,synthru_0000056,/Users/vika/Projects/classifier_rotation/data/synthetic_ru/debug_1000/synthru_0000056.jpg,/Users/vika/Projects/classifier_rotation/data/synthetic_ru/debug_1000/synthru_0000056.jpg,1440,184,7.826086956521739,хорошее доставка адрес производство,ofont.ru_normal font.ttf,ru_en_mixed,True,0
synthru_0000057,synthetic_ru,synthru_0000057,/Users/vika/Projects/classifier_rotation/data/synthetic_ru/debug_1000/synthru_0000057.jpg,/Users/vika/Projects/classifier_rotation/data/synthetic_ru/debug_1000/synthru_0000057.jpg,307,36,8.527777777777779,Hp распродажа торг быстро Адрес 3179,ofont.ru_normal font.ttf,ru_en_mixed,True,0
synthru_0000058,synthetic_ru,synthru_0000058,/Users/vika/Projects/classifier_rotation/data/synthetic_ru/debug_1000/synthru_0000058.jpg,/Users/vika/Projects/classifier_rotation/data/synthetic_ru/debug_1000/synthru_0000058.jpg,2225,90,24.72222222222222,партия работа дом телеграм ищу цвет бронь наличие,ofont.ru_Rubik Vinyl.ttf,ru_en_mixed,True,0
synthru_0000059,synthetic_ru,synthru_0000059,/Users/vika/Projects/classifier_rotation/data/synthetic_ru/debug_1000/synthru_0000059.jpg,/Users/vika/Projects/classifier_rotation/data/synthetic_ru/debug_1000/synthru_0000059.jpg,1040,103,10.097087378640778,офис установка монитор ремонт б/у,ofont.ru_Hirro Sans.ttf,ru_en_mixed,True,0
synthru_0000060,synthetic_ru,synthru_0000060,/Users/vika/Projects/classifier_rotation/data/synthetic_ru/debug_1000/synthru_0000060.jpg,/Users/vika/Projects/classifier_rotation/data/synthetic_ru/debug_1000/synthru_0000060.jpg,312,54,5.777777777777778,24,ofont.ru_normal font.ttf,ru_en_mixed,True,0
synthru_0000061,synthetic_ru,synthru_0000061,/Users/vika/Projects/classifier_rotation/data/synthetic_ru/debug_1000/synthru_0000061.jpg,/Users/vika/Projects/classifier_rotation/data/synthetic_ru/debug_1000/synthru_0000061.jpg,660,51,12.941176470588236,установка переулок брак стекло ширина смартфон авто,ofont.ru_DlgGeo.ttf,ru_en_mixed,True,0
synthru_0000062,synthetic_ru,synthru_0000062,/Users/vika/Projects/classifier_rotation/data/synthetic_ru/debug_1000/synthru_0000062.jpg,/Users/vika/Projects/classifier_rotation/data/synthetic_ru/debug_1000/synthru_0000062.jpg,461,103,4.475728155339806,Nike Lite 20,ofont.ru_Playfair Display.ttf,ru_en_mixed,True,0
synthru_0000063,synthetic_ru,synthru_0000063,/Users/vika/Projects/classifier_rotation/data/synthetic_ru/debug_1000/synthru_0000063.jpg,/Users/vika/Projects/classifier_rotation/data/synthetic_ru/debug_1000/synthru_0000063.jpg,749,79,9.481012658227849,комплект кузов отправка,ofont.ru_Smooz.ttf,ru_en_mixed,True,0
synthru_0000064,synthetic_ru,synthru_0000064,/Users/vika/Projects/classifier_rotation/data/synthetic_ru/debug_1000/synthru_0000064.jpg,/Users/vika/Projects/classifier_rotation/data/synthetic_ru/debug_1000/synthru_0000064.jpg,333,20,16.65,Toyota торг вещь стекло в наличии 6273,ofont.ru_Arteks.ttf,ru_en_mixed,True,0
synthru_0000065,synthetic_ru,synthru_0000065,/Users/vika/Projects/classifier_rotation/data/synthetic_ru/debug_1000/synthru_0000065.jpg,/Users/vika/Projects/classifier_rotation/data/synthetic_ru/debug_1000/synthru_0000065.jpg,2512,248,10.129032258064516,планшет дорого комната смартфон смотрите дешево,ofont.ru_DlgGeo.ttf,ru_en_mixed,True,0
synthru_0000066,synthetic_ru,synthru_0000066,/Users/vika/Projects/classifier_rotation/data/synthetic_ru/debug_1000/synthru_0000066.jpg,/Users/vika/Projects/classifier_rotation/data/synthetic_ru/debug_1000/synthru_0000066.jpg,272,53,5.132075471698113,Lg бу дешево 2276,ofont.ru_Veles.ttf,ru_en_mixed,True,0
synthru_0000067,synthetic_ru,synthru_0000067,/Users/vika/Projects/classifier_rotation/data/synthetic_ru/debug_1000/synthru_0000067.jpg,/Users/vika/Projects/classifier_rotation/data/synthetic_ru/debug_1000/synthru_0000067.jpg,558,25,22.32,автомобиль цена быстро кожа работа товар оригинал отличное идеальное сдэк,ofont.ru_FloraC.ttf,ru_en_mixed,True,0
synthru_0000068,synthetic_ru,synthru_0000068,/Users/vika/Projects/classifier_rotation/data/synthetic_ru/debug_1000/synthru_0000068.jpg,/Users/vika/Projects/classifier_rotation/data/synthetic_ru/debug_1000/synthru_0000068.jpg,1248,41,30.4390243902439,оптом выдачи набор сегодня адаптер подарок дорого доставка студия даром whatsapp,ofont.ru_Hirro Sans.ttf,ru_en_mixed,True,0
synthru_0000069,synthetic_ru,synthru_0000069,/Users/vika/Projects/classifier_rotation/data/synthetic_ru/debug_1000/synthru_0000069.jpg,/Users/vika/Projects/classifier_rotation/data/synthetic_ru/debug_1000/synthru_0000069.jpg,1195,343,3.4839650145772594,Nike S 49,ofont.ru_Rubik Vinyl.ttf,ru_en_mixed,True,0
synthru_0000070,synthetic_ru,synthru_0000070,/Users/vika/Projects/classifier_rotation/data/synthetic_ru/debug_1000/synthru_0000070.jpg,/Users/vika/Projects/classifier_rotation/data/synthetic_ru/debug_1000/synthru_0000070.jpg,445,50,8.9,Bmw цены Хорошее смотрите 7649,ofont.ru_FloraC.ttf,ru_en_mixed,True,0
synthru_0000071,synthetic_ru,synthru_0000071,/Users/vika/Projects/classifier_rotation/data/synthetic_ru/debug_1000/synthru_0000071.jpg,/Users/vika/Projects/classifier_rotation/data/synthetic_ru/debug_1000/synthru_0000071.jpg,1072,341,3.1436950146627565,доставка стоимость,ofont.ru_Hirro Sans.ttf,ru_en_mixed,True,0
synthru_0000072,synthetic_ru,synthru_0000072,/Users/vika/Projects/classifier_rotation/data/synthetic_ru/debug_1000/synthru_0000072.jpg,/Users/vika/Projects/classifier_rotation/data/synthetic_ru/debug_1000/synthru_0000072.jpg,139,24,5.791666666666667,sale price,ofont.ru_PF Monumenta Pro.ttf,ru_en_mixed,True,0
synthru_0000073,synthetic_ru,synthru_0000073,/Users/vika/Projects/classifier_rotation/data/synthetic_ru/debug_1000/synthru_0000073.jpg,/Users/vika/Projects/classifier_rotation/data/synthetic_ru/debug_1000/synthru_0000073.jpg,858,64,13.40625,в наличии шины,ofont.ru_Smooz.ttf,ru_en_mixed,True,0
synthru_0000074,synthetic_ru,synthru_0000074,/Users/vika/Projects/classifier_rotation/data/synthetic_ru/debug_1000/synthru_0000074.jpg,/Users/vika/Projects/classifier_rotation/data/synthetic_ru/debug_1000/synthru_0000074.jpg,828,21,39.42857142857143,уценка доставка ноутбук цены замша цвет размеры недорого год комната высота склад,ofont.ru_Arteks.ttf,ru_en_mixed,True,0
synthru_0000075,synthetic_ru,synthru_0000075,/Users/vika/Projects/classifier_rotation/data/synthetic_ru/debug_1000/synthru_0000075.jpg,/Users/vika/Projects/classifier_rotation/data/synthetic_ru/debug_1000/synthru_0000075.jpg,574,88,6.5227272727272725,286.99 за месяц,ofont.ru_Hirro Sans.ttf,ru_en_mixed,True,0
synthru_0000076,synthetic_ru,synthru_0000076,/Users/vika/Projects/classifier_rotation/data/synthetic_ru/debug_1000/synthru_0000076.jpg,/Users/vika/Projects/classifier_rotation/data/synthetic_ru/debug_1000/synthru_0000076.jpg,660,54,12.222222222222221,"ул. Мира, 89",ofont.ru_Zekton.ttf,ru_en_mixed,True,0
synthru_0000077,synthetic_ru,synthru_0000077,/Users/vika/Projects/classifier_rotation/data/synthetic_ru/debug_1000/synthru_0000077.jpg,/Users/vika/Projects/classifier_rotation/data/synthetic_ru/debug_1000/synthru_0000077.jpg,1082,219,4.940639269406392,+7 (917) 105-80-30,ofont.ru_Smooz.ttf,ru_en_mixed,True,0
synthru_0000078,synthetic_ru,synthru_0000078,/Users/vika/Projects/classifier_rotation/data/synthetic_ru/debug_1000/synthru_0000078.jpg,/Users/vika/Projects/classifier_rotation/data/synthetic_ru/debug_1000/synthru_0000078.jpg,391,27,14.481481481481481,Xiaomi ватсап куплю доставка 1759,ofont.ru_PF Monumenta Pro.ttf,ru_en_mixed,True,0
synthru_0000079,synthetic_ru,synthru_0000079,/Users/vika/Projects/classifier_rotation/data/synthetic_ru/debug_1000/synthru_0000079.jpg,/Users/vika/Projects/classifier_rotation/data/synthetic_ru/debug_1000/synthru_0000079.jpg,138,37,3.72972972972973,от 80 579,ofont.ru_normal font.ttf,ru_en_mixed,True,0
synthru_0000080,synthetic_ru,synthru_0000080,/Users/vika/Projects/classifier_rotation/data/synthetic_ru/debug_1000/synthru_0000080.jpg,/Users/vika/Projects/classifier_rotation/data/synthetic_ru/debug_1000/synthru_0000080.jpg,2562,302,8.483443708609272,смартфон вещь бу отправка размер год telegram,ofont.ru_Hirro Sans.ttf,ru_en_mixed,True,0
synthru_0000081,synthetic_ru,synthru_0000081,/Users/vika/Projects/classifier_rotation/data/synthetic_ru/debug_1000/synthru_0000081.jpg,/Users/vika/Projects/classifier_rotation/data/synthetic_ru/debug_1000/synthru_0000081.jpg,143,20,7.15,+7 (976) 994-20-77,ofont.ru_Veles.ttf,ru_en_mixed,True,0
synthru_0000082,synthetic_ru,synthru_0000082,/Users/vika/Projects/classifier_rotation/data/synthetic_ru/debug_1000/synthru_0000082.jpg,/Users/vika/Projects/classifier_rotation/data/synthetic_ru/debug_1000/synthru_0000082.jpg,461,109,4.229357798165138,phone address,ofont.ru_Veles.ttf,ru_en_mixed,True,0
synthru_0000083,synthetic_ru,synthru_0000083,/Users/vika/Projects/classifier_rotation/data/synthetic_ru/debug_1000/synthru_0000083.jpg,/Users/vika/Projects/classifier_rotation/data/synthetic_ru/debug_1000/synthru_0000083.jpg,330,43,7.674418604651163,ВУЯМИЯШЭ1ЭЭЕ7ИЧЗМ7Ю,ofont.ru_normal font.ttf,ru_en_mixed,True,0
synthru_0000084,synthetic_ru,synthru_0000084,/Users/vika/Projects/classifier_rotation/data/synthetic_ru/debug_1000/synthru_0000084.jpg,/Users/vika/Projects/classifier_rotation/data/synthetic_ru/debug_1000/synthru_0000084.jpg,1718,60,28.633333333333333,цвет адаптер телеграм продаю недорого новая торг дача ноутбук розница мышь размер,ofont.ru_FloraC.ttf,ru_en_mixed,True,0
synthru_0000085,synthetic_ru,synthru_0000085,/Users/vika/Projects/classifier_rotation/data/synthetic_ru/debug_1000/synthru_0000085.jpg,/Users/vika/Projects/classifier_rotation/data/synthetic_ru/debug_1000/synthru_0000085.jpg,173,27,6.407407407407407,помощь дом,ofont.ru_Downtown.ttf,ru_en_mixed,True,0
synthru_0000086,synthetic_ru,synthru_0000086,/Users/vika/Projects/classifier_rotation/data/synthetic_ru/debug_1000/synthru_0000086.jpg,/Users/vika/Projects/classifier_rotation/data/synthetic_ru/debug_1000/synthru_0000086.jpg,451,31,14.548387096774194,Xiaomi Вакансия поддержка Быстро помощь 2197,ofont.ru_Ethna.ttf,ru_en_mixed,True,0
synthru_0000087,synthetic_ru,synthru_0000087,/Users/vika/Projects/classifier_rotation/data/synthetic_ru/debug_1000/synthru_0000087.jpg,/Users/vika/Projects/classifier_rotation/data/synthetic_ru/debug_1000/synthru_0000087.jpg,669,49,13.653061224489797,HP вакансия смартфон планшет бронь 3922,ofont.ru_Hirro Sans.ttf,ru_en_mixed,True,0
synthru_0000088,synthetic_ru,synthru_0000088,/Users/vika/Projects/classifier_rotation/data/synthetic_ru/debug_1000/synthru_0000088.jpg,/Users/vika/Projects/classifier_rotation/data/synthetic_ru/debug_1000/synthru_0000088.jpg,1532,56,27.357142857142858,монтаж цвет отличное boxberry заказ офис поколение коробка диски бонус корпус,ofont.ru_Zekton.ttf,ru_en_mixed,True,0
synthru_0000089,synthetic_ru,synthru_0000089,/Users/vika/Projects/classifier_rotation/data/synthetic_ru/debug_1000/synthru_0000089.jpg,/Users/vika/Projects/classifier_rotation/data/synthetic_ru/debug_1000/synthru_0000089.jpg,1343,253,5.308300395256917,куплю год наличие студия,ofont.ru_Zekton.ttf,ru_en_mixed,True,0
synthru_0000090,synthetic_ru,synthru_0000090,/Users/vika/Projects/classifier_rotation/data/synthetic_ru/debug_1000/synthru_0000090.jpg,/Users/vika/Projects/classifier_rotation/data/synthetic_ru/debug_1000/synthru_0000090.jpg,509,35,14.542857142857143,студия выгодно быстро улица комплект,ofont.ru_Rubik Vinyl.ttf,ru_en_mixed,True,0
synthru_0000091,synthetic_ru,synthru_0000091,/Users/vika/Projects/classifier_rotation/data/synthetic_ru/debug_1000/synthru_0000091.jpg,/Users/vika/Projects/classifier_rotation/data/synthetic_ru/debug_1000/synthru_0000091.jpg,167,31,5.387096774193548,+7 (942) 679-22-77,ofont.ru_Arteks.ttf,ru_en_mixed,True,0
synthru_0000092,synthetic_ru,synthru_0000092,/Users/vika/Projects/classifier_rotation/data/synthetic_ru/debug_1000/synthru_0000092.jpg,/Users/vika/Projects/classifier_rotation/data/synthetic_ru/debug_1000/synthru_0000092.jpg,561,110,5.1,HUAWEI Max 77,ofont.ru_FloraC.ttf,ru_en_mixed,True,0
synthru_0000093,synthetic_ru,synthru_0000093,/Users/vika/Projects/classifier_rotation/data/synthetic_ru/debug_1000/synthru_0000093.jpg,/Users/vika/Projects/classifier_rotation/data/synthetic_ru/debug_1000/synthru_0000093.jpg,1385,93,14.89247311827957,даром руб уточняйте версия быстро срочно материал,ofont.ru_Rubik Vinyl.ttf,ru_en_mixed,True,0
synthru_0000094,synthetic_ru,synthru_0000094,/Users/vika/Projects/classifier_rotation/data/synthetic_ru/debug_1000/synthru_0000094.jpg,/Users/vika/Projects/classifier_rotation/data/synthetic_ru/debug_1000/synthru_0000094.jpg,291,43,6.767441860465116,цены вес консультация,ofont.ru_Smooz.ttf,ru_en_mixed,True,0
synthru_0000095,synthetic_ru,synthru_0000095,/Users/vika/Projects/classifier_rotation/data/synthetic_ru/debug_1000/synthru_0000095.jpg,/Users/vika/Projects/classifier_rotation/data/synthetic_ru/debug_1000/synthru_0000095.jpg,284,44,6.454545454545454,от 36 670 за штуку,ofont.ru_Playfair Display.ttf,ru_en_mixed,True,0
synthru_0000096,synthetic_ru,synthru_0000096,/Users/vika/Projects/classifier_rotation/data/synthetic_ru/debug_1000/synthru_0000096.jpg,/Users/vika/Projects/classifier_rotation/data/synthetic_ru/debug_1000/synthru_0000096.jpg,821,37,22.18918918918919,гараж смартфон диагональ брак бронь почта мышь,ofont.ru_Zekton.ttf,ru_en_mixed,True,0
synthru_0000097,synthetic_ru,synthru_0000097,/Users/vika/Projects/classifier_rotation/data/synthetic_ru/debug_1000/synthru_0000097.jpg,/Users/vika/Projects/classifier_rotation/data/synthetic_ru/debug_1000/synthru_0000097.jpg,810,204,3.9705882352941178,Lenovo дом 6704,ofont.ru_DlgGeo.ttf,ru_en_mixed,True,0
synthru_0000098,synthetic_ru,synthru_0000098,/Users/vika/Projects/classifier_rotation/data/synthetic_ru/debug_1000/synthru_0000098.jpg,/Users/vika/Projects/classifier_rotation/data/synthetic_ru/debug_1000/synthru_0000098.jpg,1271,135,9.414814814814815,788.99 за штуку,ofont.ru_Rubik Vinyl.ttf,ru_en_mixed,True,0
synthru_0000099,synthetic_ru,synthru_0000099,/Users/vika/Projects/classifier_rotation/data/synthetic_ru/debug_1000/synthru_0000099.jpg,/Users/vika/Projects/classifier_rotation/data/synthetic_ru/debug_1000/synthru_0000099.jpg,154,24,6.416666666666667,модель доставка,ofont.ru_Bookman Old Style Cyr.ttf,ru_en_mixed,True,0
synthru_0000100,synthetic_ru,synthru_0000100,/Users/vika/Projects/classifier_rotation/data/synthetic_ru/debug_1000/synthru_0000100.jpg,/Users/vika/Projects/classifier_rotation/data/synthetic_ru/debug_1000/synthru_0000100.jpg,3278,171,19.169590643274855,пробег шины идеальное спрашивайте уценка брак хорошее,ofont.ru_Smooz.ttf,ru_en_mixed,True,0
synthru_0000101,synthetic_ru,synthru_0000101,/Users/vika/Projects/classifier_rotation/data/synthetic_ru/debug_1000/synthru_0000101.jpg,/Users/vika/Projects/classifier_rotation/data/synthetic_ru/debug_1000/synthru_0000101.jpg,199,32,6.21875,3 163,ofont.ru_Handgeschrieben.ttf,ru_en_mixed,True,0
synthru_0000102,synthetic_ru,synthru_0000102,/Users/vika/Projects/classifier_rotation/data/synthetic_ru/debug_1000/synthru_0000102.jpg,/Users/vika/Projects/classifier_rotation/data/synthetic_ru/debug_1000/synthru_0000102.jpg,156,20,7.8,курьер торг б/у наличие,ofont.ru_DlgGeo.ttf,ru_en_mixed,True,0
synthru_0000103,synthetic_ru,synthru_0000103,/Users/vika/Projects/classifier_rotation/data/synthetic_ru/debug_1000/synthru_0000103.jpg,/Users/vika/Projects/classifier_rotation/data/synthetic_ru/debug_1000/synthru_0000103.jpg,216,27,8.0,"ул. Садовая, 35, кв. 197",ofont.ru_normal font.ttf,ru_en_mixed,True,0
synthru_0000104,synthetic_ru,synthru_0000104,/Users/vika/Projects/classifier_rotation/data/synthetic_ru/debug_1000/synthru_0000104.jpg,/Users/vika/Projects/classifier_rotation/data/synthetic_ru/debug_1000/synthru_0000104.jpg,449,27,16.62962962962963,HP консультация б/у б/у чехол 6011,ofont.ru_Arteks.ttf,ru_en_mixed,True,0
synthru_0000105,synthetic_ru,synthru_0000105,/Users/vika/Projects/classifier_rotation/data/synthetic_ru/debug_1000/synthru_0000105.jpg,/Users/vika/Projects/classifier_rotation/data/synthetic_ru/debug_1000/synthru_0000105.jpg,4069,187,21.759358288770052,телефон выдачи участок материал комната адрес переулок проспект доставка обслуживание дача,ofont.ru_Downtown.ttf,ru_en_mixed,True,0
synthru_0000106,synthetic_ru,synthru_0000106,/Users/vika/Projects/classifier_rotation/data/synthetic_ru/debug_1000/synthru_0000106.jpg,/Users/vika/Projects/classifier_rotation/data/synthetic_ru/debug_1000/synthru_0000106.jpg,820,67,12.238805970149254,Toyota версия монтаж рублей цвет 7406,ofont.ru_Playfair Display.ttf,ru_en_mixed,True,0
synthru_0000107,synthetic_ru,synthru_0000107,/Users/vika/Projects/classifier_rotation/data/synthetic_ru/debug_1000/synthru_0000107.jpg,/Users/vika/Projects/classifier_rotation/data/synthetic_ru/debug_1000/synthru_0000107.jpg,390,31,12.580645161290322,Nike поддержка модель 5632,ofont.ru_Arteks.ttf,ru_en_mixed,True,0
synthru_0000108,synthetic_ru,synthru_0000108,/Users/vika/Projects/classifier_rotation/data/synthetic_ru/debug_1000/synthru_0000108.jpg,/Users/vika/Projects/classifier_rotation/data/synthetic_ru/debug_1000/synthru_0000108.jpg,2431,70,34.72857142857143,отправка ноутбук распродажа коробка ноутбук продам диагональ копия акция диски куплю смартфон,ofont.ru_Departura.ttf,ru_en_mixed,True,0
synthru_0000109,synthetic_ru,synthru_0000109,/Users/vika/Projects/classifier_rotation/data/synthetic_ru/debug_1000/synthru_0000109.jpg,/Users/vika/Projects/classifier_rotation/data/synthetic_ru/debug_1000/synthru_0000109.jpg,2594,102,25.431372549019606,куплю двигатель замша монитор машина отличное размеры телефон выдачи партия новая,ofont.ru_Departura.ttf,ru_en_mixed,True,0
synthru_0000110,synthetic_ru,synthru_0000110,/Users/vika/Projects/classifier_rotation/data/synthetic_ru/debug_1000/synthru_0000110.jpg,/Users/vika/Projects/classifier_rotation/data/synthetic_ru/debug_1000/synthru_0000110.jpg,134,24,5.583333333333333,+7 (930) 606-59-24,ofont.ru_FloraC.ttf,ru_en_mixed,True,0
synthru_0000111,synthetic_ru,synthru_0000111,/Users/vika/Projects/classifier_rotation/data/synthetic_ru/debug_1000/synthru_0000111.jpg,/Users/vika/Projects/classifier_rotation/data/synthetic_ru/debug_1000/synthru_0000111.jpg,38,20,1.9,2,ofont.ru_Rubik Vinyl.ttf,ru_en_mixed,True,0
synthru_0000112,synthetic_ru,synthru_0000112,/Users/vika/Projects/classifier_rotation/data/synthetic_ru/debug_1000/synthru_0000112.jpg,/Users/vika/Projects/classifier_rotation/data/synthetic_ru/debug_1000/synthru_0000112.jpg,70,21,3.3333333333333335,51,ofont.ru_Smooz.ttf,ru_en_mixed,True,0
synthru_0000113,synthetic_ru,synthru_0000113,/Users/vika/Projects/classifier_rotation/data/synthetic_ru/debug_1000/synthru_0000113.jpg,/Users/vika/Projects/classifier_rotation/data/synthetic_ru/debug_1000/synthru_0000113.jpg,82,20,4.1,4 347,ofont.ru_Handgeschrieben.ttf,ru_en_mixed,True,0
synthru_0000114,synthetic_ru,synthru_0000114,/Users/vika/Projects/classifier_rotation/data/synthetic_ru/debug_1000/synthru_0000114.jpg,/Users/vika/Projects/classifier_rotation/data/synthetic_ru/debug_1000/synthru_0000114.jpg,168,20,8.4,Bmw распродажа 8337,ofont.ru_Arteks.ttf,ru_en_mixed,True,0
synthru_0000115,synthetic_ru,synthru_0000115,/Users/vika/Projects/classifier_rotation/data/synthetic_ru/debug_1000/synthru_0000115.jpg,/Users/vika/Projects/classifier_rotation/data/synthetic_ru/debug_1000/synthru_0000115.jpg,558,20,27.9,шины товар акция гарантия розница бронь ватсап телефон чехол курьер,ofont.ru_Bookman Old Style Cyr.ttf,ru_en_mixed,True,0
synthru_0000116,synthetic_ru,synthru_0000116,/Users/vika/Projects/classifier_rotation/data/synthetic_ru/debug_1000/synthru_0000116.jpg,/Users/vika/Projects/classifier_rotation/data/synthetic_ru/debug_1000/synthru_0000116.jpg,179,28,6.392857142857143,"ул. Ленина, 195",ofont.ru_Hirro Sans.ttf,ru_en_mixed,True,0
synthru_0000117,synthetic_ru,synthru_0000117,/Users/vika/Projects/classifier_rotation/data/synthetic_ru/debug_1000/synthru_0000117.jpg,/Users/vika/Projects/classifier_rotation/data/synthetic_ru/debug_1000/synthru_0000117.jpg,1165,293,3.9761092150170647,65,ofont.ru_Arteks.ttf,ru_en_mixed,True,0
synthru_0000118,synthetic_ru,synthru_0000118,/Users/vika/Projects/classifier_rotation/data/synthetic_ru/debug_1000/synthru_0000118.jpg,/Users/vika/Projects/classifier_rotation/data/synthetic_ru/debug_1000/synthru_0000118.jpg,556,35,15.885714285714286,service address store shop original discount price,ofont.ru_Downtown.ttf,ru_en_mixed,True,0
synthru_0000119,synthetic_ru,synthru_0000119,/Users/vika/Projects/classifier_rotation/data/synthetic_ru/debug_1000/synthru_0000119.jpg,/Users/vika/Projects/classifier_rotation/data/synthetic_ru/debug_1000/synthru_0000119.jpg,634,69,9.18840579710145,"ул. Садовая, 143, корп. 8",ofont.ru_Departura.ttf,ru_en_mixed,True,0
synthru_0000120,synthetic_ru,synthru_0000120,/Users/vika/Projects/classifier_rotation/data/synthetic_ru/debug_1000/synthru_0000120.jpg,/Users/vika/Projects/classifier_rotation/data/synthetic_ru/debug_1000/synthru_0000120.jpg,190,27,7.037037037037037,1ИЕЦЗВ2ГЛ9,ofont.ru_Smooz.ttf,ru_en_mixed,True,0
synthru_0000121,synthetic_ru,synthru_0000121,/Users/vika/Projects/classifier_rotation/data/synthetic_ru/debug_1000/synthru_0000121.jpg,/Users/vika/Projects/classifier_rotation/data/synthetic_ru/debug_1000/synthru_0000121.jpg,880,35,25.142857142857142,phone new model service best limited shop store address sale,ofont.ru_Rubik Vinyl.ttf,ru_en_mixed,True,0
synthru_0000122,synthetic_ru,synthru_0000122,/Users/vika/Projects/classifier_rotation/data/synthetic_ru/debug_1000/synthru_0000122.jpg,/Users/vika/Projects/classifier_rotation/data/synthetic_ru/debug_1000/synthru_0000122.jpg,136,25,5.44,ЖРРТ7ГП9Э,ofont.ru_Playfair Display.ttf,ru_en_mixed,True,0
synthru_0000123,synthetic_ru,synthru_0000123,/Users/vika/Projects/classifier_rotation/data/synthetic_ru/debug_1000/synthru_0000123.jpg,/Users/vika/Projects/classifier_rotation/data/synthetic_ru/debug_1000/synthru_0000123.jpg,1018,415,2.4530120481927713,23 за комплект,ofont.ru_ArbatDi.ttf,ru_en_mixed,True,0
synthru_0000124,synthetic_ru,synthru_0000124,/Users/vika/Projects/classifier_rotation/data/synthetic_ru/debug_1000/synthru_0000124.jpg,/Users/vika/Projects/classifier_rotation/data/synthetic_ru/debug_1000/synthru_0000124.jpg,1061,40,26.525,бронь новая самовывоз реплика хорошее сегодня улица качественно двигатель брак быстро смартфон,ofont.ru_Playfair Display.ttf,ru_en_mixed,True,0
synthru_0000125,synthetic_ru,synthru_0000125,/Users/vika/Projects/classifier_rotation/data/synthetic_ru/debug_1000/synthru_0000125.jpg,/Users/vika/Projects/classifier_rotation/data/synthetic_ru/debug_1000/synthru_0000125.jpg,81,20,4.05,14 за месяц,ofont.ru_Downtown.ttf,ru_en_mixed,True,0
synthru_0000126,synthetic_ru,synthru_0000126,/Users/vika/Projects/classifier_rotation/data/synthetic_ru/debug_1000/synthru_0000126.jpg,/Users/vika/Projects/classifier_rotation/data/synthetic_ru/debug_1000/synthru_0000126.jpg,315,71,4.436619718309859,"ул. Кирова, 127",ofont.ru_Rubik Vinyl.ttf,ru_en_mixed,True,0
synthru_0000127,synthetic_ru,synthru_0000127,/Users/vika/Projects/classifier_rotation/data/synthetic_ru/debug_1000/synthru_0000127.jpg,/Users/vika/Projects/classifier_rotation/data/synthetic_ru/debug_1000/synthru_0000127.jpg,462,64,7.21875,LG сегодня 7910,ofont.ru_Smooz.ttf,ru_en_mixed,True,0
synthru_0000128,synthetic_ru,synthru_0000128,/Users/vika/Projects/classifier_rotation/data/synthetic_ru/debug_1000/synthru_0000128.jpg,/Users/vika/Projects/classifier_rotation/data/synthetic_ru/debug_1000/synthru_0000128.jpg,1283,260,4.934615384615385,материал доставка,ofont.ru_Zekton.ttf,ru_en_mixed,True,0
synthru_0000129,synthetic_ru,synthru_0000129,/Users/vika/Projects/classifier_rotation/data/synthetic_ru/debug_1000/synthru_0000129.jpg,/Users/vika/Projects/classifier_rotation/data/synthetic_ru/debug_1000/synthru_0000129.jpg,4124,161,25.614906832298136,розница замша подарок офис поддержка отличное смартфон новый салон,ofont.ru_Smooz.ttf,ru_en_mixed,True,0
synthru_0000130,synthetic_ru,synthru_0000130,/Users/vika/Projects/classifier_rotation/data/synthetic_ru/debug_1000/synthru_0000130.jpg,/Users/vika/Projects/classifier_rotation/data/synthetic_ru/debug_1000/synthru_0000130.jpg,273,40,6.825,+7 (979) 250-25-67,ofont.ru_Downtown.ttf,ru_en_mixed,True,0
synthru_0000131,synthetic_ru,synthru_0000131,/Users/vika/Projects/classifier_rotation/data/synthetic_ru/debug_1000/synthru_0000131.jpg,/Users/vika/Projects/classifier_rotation/data/synthetic_ru/debug_1000/synthru_0000131.jpg,1802,144,12.51388888888889,пункт сервис вакансия продаю ноутбук дом стекло,ofont.ru_Departura.ttf,ru_en_mixed,True,0
synthru_0000132,synthetic_ru,synthru_0000132,/Users/vika/Projects/classifier_rotation/data/synthetic_ru/debug_1000/synthru_0000132.jpg,/Users/vika/Projects/classifier_rotation/data/synthetic_ru/debug_1000/synthru_0000132.jpg,1663,67,24.82089552238806,качество участок смартфон оптом whatsapp boxberry торг камера,ofont.ru_Handgeschrieben.ttf,ru_en_mixed,True,0
synthru_0000133,synthetic_ru,synthru_0000133,/Users/vika/Projects/classifier_rotation/data/synthetic_ru/debug_1000/synthru_0000133.jpg,/Users/vika/Projects/classifier_rotation/data/synthetic_ru/debug_1000/synthru_0000133.jpg,185,32,5.78125,+7 (924) 552-37-62,ofont.ru_Zekton.ttf,ru_en_mixed,True,0
synthru_0000134,synthetic_ru,synthru_0000134,/Users/vika/Projects/classifier_rotation/data/synthetic_ru/debug_1000/synthru_0000134.jpg,/Users/vika/Projects/classifier_rotation/data/synthetic_ru/debug_1000/synthru_0000134.jpg,488,50,9.76,KIA Max 40,ofont.ru_Playfair Display.ttf,ru_en_mixed,True,0
synthru_0000135,synthetic_ru,synthru_0000135,/Users/vika/Projects/classifier_rotation/data/synthetic_ru/debug_1000/synthru_0000135.jpg,/Users/vika/Projects/classifier_rotation/data/synthetic_ru/debug_1000/synthru_0000135.jpg,307,31,9.903225806451612,товар пункт стекло дорого скидка акция недорого двигатель,ofont.ru_normal font.ttf,ru_en_mixed,True,0
synthru_0000136,synthetic_ru,synthru_0000136,/Users/vika/Projects/classifier_rotation/data/synthetic_ru/debug_1000/synthru_0000136.jpg,/Users/vika/Projects/classifier_rotation/data/synthetic_ru/debug_1000/synthru_0000136.jpg,619,39,15.871794871794872,шины корпус бронь новая производство кузов,ofont.ru_Playfair Display.ttf,ru_en_mixed,True,0
synthru_0000137,synthetic_ru,synthru_0000137,/Users/vika/Projects/classifier_rotation/data/synthetic_ru/debug_1000/synthru_0000137.jpg,/Users/vika/Projects/classifier_rotation/data/synthetic_ru/debug_1000/synthru_0000137.jpg,418,20,20.9,offer available offer store discount service model,ofont.ru_Arteks.ttf,ru_en_mixed,True,0
synthru_0000138,synthetic_ru,synthru_0000138,/Users/vika/Projects/classifier_rotation/data/synthetic_ru/debug_1000/synthru_0000138.jpg,/Users/vika/Projects/classifier_rotation/data/synthetic_ru/debug_1000/synthru_0000138.jpg,2122,98,21.653061224489797,оригинал бонус проспект кабель цена диски сегодня партия быстро,ofont.ru_Hirro Sans.ttf,ru_en_mixed,True,0
synthru_0000139,synthetic_ru,synthru_0000139,/Users/vika/Projects/classifier_rotation/data/synthetic_ru/debug_1000/synthru_0000139.jpg,/Users/vika/Projects/classifier_rotation/data/synthetic_ru/debug_1000/synthru_0000139.jpg,376,48,7.833333333333333,price shop service online,ofont.ru_Veles.ttf,ru_en_mixed,True,0
synthru_0000140,synthetic_ru,synthru_0000140,/Users/vika/Projects/classifier_rotation/data/synthetic_ru/debug_1000/synthru_0000140.jpg,/Users/vika/Projects/classifier_rotation/data/synthetic_ru/debug_1000/synthru_0000140.jpg,117,33,3.5454545454545454,от 81 041,ofont.ru_Rubik Vinyl.ttf,ru_en_mixed,True,0
synthru_0000141,synthetic_ru,synthru_0000141,/Users/vika/Projects/classifier_rotation/data/synthetic_ru/debug_1000/synthru_0000141.jpg,/Users/vika/Projects/classifier_rotation/data/synthetic_ru/debug_1000/synthru_0000141.jpg,162,20,8.1,предзаказ дом дефект,ofont.ru_Arteks.ttf,ru_en_mixed,True,0
synthru_0000142,synthetic_ru,synthru_0000142,/Users/vika/Projects/classifier_rotation/data/synthetic_ru/debug_1000/synthru_0000142.jpg,/Users/vika/Projects/classifier_rotation/data/synthetic_ru/debug_1000/synthru_0000142.jpg,1001,99,10.11111111111111,дорого обменяю год бу,ofont.ru_Arteks.ttf,ru_en_mixed,True,0
synthru_0000143,synthetic_ru,synthru_0000143,/Users/vika/Projects/classifier_rotation/data/synthetic_ru/debug_1000/synthru_0000143.jpg,/Users/vika/Projects/classifier_rotation/data/synthetic_ru/debug_1000/synthru_0000143.jpg,324,60,5.4,+7 (980) 109-48-63,ofont.ru_Departura.ttf,ru_en_mixed,True,0
synthru_0000144,synthetic_ru,synthru_0000144,/Users/vika/Projects/classifier_rotation/data/synthetic_ru/debug_1000/synthru_0000144.jpg,/Users/vika/Projects/classifier_rotation/data/synthetic_ru/debug_1000/synthru_0000144.jpg,1890,86,21.976744186046513,доставка оптом поколение недорого найму boxberry продам салон,ofont.ru_Departura.ttf,ru_en_mixed,True,0
synthru_0000145,synthetic_ru,synthru_0000145,/Users/vika/Projects/classifier_rotation/data/synthetic_ru/debug_1000/synthru_0000145.jpg,/Users/vika/Projects/classifier_rotation/data/synthetic_ru/debug_1000/synthru_0000145.jpg,1391,47,29.595744680851062,курьер мышь новый зарядка розница пункт кузов дефект быстро кожа студия ватсап,ofont.ru_Bookman Old Style Cyr.ttf,ru_en_mixed,True,0
synthru_0000146,synthetic_ru,synthru_0000146,/Users/vika/Projects/classifier_rotation/data/synthetic_ru/debug_1000/synthru_0000146.jpg,/Users/vika/Projects/classifier_rotation/data/synthetic_ru/debug_1000/synthru_0000146.jpg,334,28,11.928571428571429,от 80 627,ofont.ru_ArbatDi.ttf,ru_en_mixed,True,0
synthru_0000147,synthetic_ru,synthru_0000147,/Users/vika/Projects/classifier_rotation/data/synthetic_ru/debug_1000/synthru_0000147.jpg,/Users/vika/Projects/classifier_rotation/data/synthetic_ru/debug_1000/synthru_0000147.jpg,1235,156,7.916666666666667,1 660,ofont.ru_Rubik Vinyl.ttf,ru_en_mixed,True,0
synthru_0000148,synthetic_ru,synthru_0000148,/Users/vika/Projects/classifier_rotation/data/synthetic_ru/debug_1000/synthru_0000148.jpg,/Users/vika/Projects/classifier_rotation/data/synthetic_ru/debug_1000/synthru_0000148.jpg,1452,38,38.21052631578947,заказ дом комплект замша доставка партия поколение почта пишите камера продаю размер,ofont.ru_Arteks.ttf,ru_en_mixed,True,0
synthru_0000149,synthetic_ru,synthru_0000149,/Users/vika/Projects/classifier_rotation/data/synthetic_ru/debug_1000/synthru_0000149.jpg,/Users/vika/Projects/classifier_rotation/data/synthetic_ru/debug_1000/synthru_0000149.jpg,705,75,9.4,485.99,ofont.ru_Departura.ttf,ru_en_mixed,True,0
synthru_0000150,synthetic_ru,synthru_0000150,/Users/vika/Projects/classifier_rotation/data/synthetic_ru/debug_1000/synthru_0000150.jpg,/Users/vika/Projects/classifier_rotation/data/synthetic_ru/debug_1000/synthru_0000150.jpg,464,20,23.2,стоимость бу пункт дорого корпус цены сегодня зарядка розница авто салон,ofont.ru_Departura.ttf,ru_en_mixed,True,0
synthru_0000151,synthetic_ru,synthru_0000151,/Users/vika/Projects/classifier_rotation/data/synthetic_ru/debug_1000/synthru_0000151.jpg,/Users/vika/Projects/classifier_rotation/data/synthetic_ru/debug_1000/synthru_0000151.jpg,81,28,2.892857142857143,от 50 918,ofont.ru_FloraC.ttf,ru_en_mixed,True,0
synthru_0000152,synthetic_ru,synthru_0000152,/Users/vika/Projects/classifier_rotation/data/synthetic_ru/debug_1000/synthru_0000152.jpg,/Users/vika/Projects/classifier_rotation/data/synthetic_ru/debug_1000/synthru_0000152.jpg,1360,52,26.153846153846153,телефон требуется копия наушники звоните брак,ofont.ru_PF Monumenta Pro.ttf,ru_en_mixed,True,0
synthru_0000153,synthetic_ru,synthru_0000153,/Users/vika/Projects/classifier_rotation/data/synthetic_ru/debug_1000/synthru_0000153.jpg,/Users/vika/Projects/classifier_rotation/data/synthetic_ru/debug_1000/synthru_0000153.jpg,464,52,8.923076923076923,СКГУО7ВЧ1Ж8П8ЭР5УГЭЭЯХ8ГА,ofont.ru_Handgeschrieben.ttf,ru_en_mixed,True,0
synthru_0000154,synthetic_ru,synthru_0000154,/Users/vika/Projects/classifier_rotation/data/synthetic_ru/debug_1000/synthru_0000154.jpg,/Users/vika/Projects/classifier_rotation/data/synthetic_ru/debug_1000/synthru_0000154.jpg,208,41,5.073170731707317,материал помощь,ofont.ru_DlgGeo.ttf,ru_en_mixed,True,0
synthru_0000155,synthetic_ru,synthru_0000155,/Users/vika/Projects/classifier_rotation/data/synthetic_ru/debug_1000/synthru_0000155.jpg,/Users/vika/Projects/classifier_rotation/data/synthetic_ru/debug_1000/synthru_0000155.jpg,723,22,32.86363636363637,хорошее настройка размер срочно телеграм кузов boxberry доставка сегодня студия,ofont.ru_Zekton.ttf,ru_en_mixed,True,0
synthru_0000156,synthetic_ru,synthru_0000156,/Users/vika/Projects/classifier_rotation/data/synthetic_ru/debug_1000/synthru_0000156.jpg,/Users/vika/Projects/classifier_rotation/data/synthetic_ru/debug_1000/synthru_0000156.jpg,211,20,10.55,Apple гарантия производство модель 4857,ofont.ru_Ethna.ttf,ru_en_mixed,True,0
synthru_0000157,synthetic_ru,synthru_0000157,/Users/vika/Projects/classifier_rotation/data/synthetic_ru/debug_1000/synthru_0000157.jpg,/Users/vika/Projects/classifier_rotation/data/synthetic_ru/debug_1000/synthru_0000157.jpg,210,32,6.5625,+7 (909) 864-97-29,ofont.ru_ArbatDi.ttf,ru_en_mixed,True,0
synthru_0000158,synthetic_ru,synthru_0000158,/Users/vika/Projects/classifier_rotation/data/synthetic_ru/debug_1000/synthru_0000158.jpg,/Users/vika/Projects/classifier_rotation/data/synthetic_ru/debug_1000/synthru_0000158.jpg,291,41,7.097560975609756,83,ofont.ru_Bookman Old Style Cyr.ttf,ru_en_mixed,True,0
synthru_0000159,synthetic_ru,synthru_0000159,/Users/vika/Projects/classifier_rotation/data/synthetic_ru/debug_1000/synthru_0000159.jpg,/Users/vika/Projects/classifier_rotation/data/synthetic_ru/debug_1000/synthru_0000159.jpg,1826,54,33.81481481481482,качество шины вакансия улица клавиатура наличие сегодня консультация консультация бу продам дача,ofont.ru_Bookman Old Style Cyr.ttf,ru_en_mixed,True,0
synthru_0000160,synthetic_ru,synthru_0000160,/Users/vika/Projects/classifier_rotation/data/synthetic_ru/debug_1000/synthru_0000160.jpg,/Users/vika/Projects/classifier_rotation/data/synthetic_ru/debug_1000/synthru_0000160.jpg,707,45,15.71111111111111,LG пробег штука салон выгодно 3235,ofont.ru_Zekton.ttf,ru_en_mixed,True,0
synthru_0000161,synthetic_ru,synthru_0000161,/Users/vika/Projects/classifier_rotation/data/synthetic_ru/debug_1000/synthru_0000161.jpg,/Users/vika/Projects/classifier_rotation/data/synthetic_ru/debug_1000/synthru_0000161.jpg,401,23,17.434782608695652,уценка скидка мышь кожа магазин копия клавиатура,ofont.ru_Zekton.ttf,ru_en_mixed,True,0
synthru_0000162,synthetic_ru,synthru_0000162,/Users/vika/Projects/classifier_rotation/data/synthetic_ru/debug_1000/synthru_0000162.jpg,/Users/vika/Projects/classifier_rotation/data/synthetic_ru/debug_1000/synthru_0000162.jpg,1077,101,10.663366336633663,Bmw адаптер дорого Торг подарок 8843,ofont.ru_Hirro Sans.ttf,ru_en_mixed,True,0
synthru_0000163,synthetic_ru,synthru_0000163,/Users/vika/Projects/classifier_rotation/data/synthetic_ru/debug_1000/synthru_0000163.jpg,/Users/vika/Projects/classifier_rotation/data/synthetic_ru/debug_1000/synthru_0000163.jpg,4322,107,40.39252336448598,распродажа подарок распродажа салон гарантия улица предзаказ вакансия ватсап,ofont.ru_Arteks.ttf,ru_en_mixed,True,0
synthru_0000164,synthetic_ru,synthru_0000164,/Users/vika/Projects/classifier_rotation/data/synthetic_ru/debug_1000/synthru_0000164.jpg,/Users/vika/Projects/classifier_rotation/data/synthetic_ru/debug_1000/synthru_0000164.jpg,532,36,14.777777777777779,гарантия быстро телефон модель модель,ofont.ru_ArbatDi.ttf,ru_en_mixed,True,0
synthru_0000165,synthetic_ru,synthru_0000165,/Users/vika/Projects/classifier_rotation/data/synthetic_ru/debug_1000/synthru_0000165.jpg,/Users/vika/Projects/classifier_rotation/data/synthetic_ru/debug_1000/synthru_0000165.jpg,92,50,1.84,7 948,ofont.ru_Smooz.ttf,ru_en_mixed,True,0
synthru_0000166,synthetic_ru,synthru_0000166,/Users/vika/Projects/classifier_rotation/data/synthetic_ru/debug_1000/synthru_0000166.jpg,/Users/vika/Projects/classifier_rotation/data/synthetic_ru/debug_1000/synthru_0000166.jpg,501,77,6.5064935064935066,KIA S 41,ofont.ru_Bookman Old Style Cyr.ttf,ru_en_mixed,True,0
synthru_0000167,synthetic_ru,synthru_0000167,/Users/vika/Projects/classifier_rotation/data/synthetic_ru/debug_1000/synthru_0000167.jpg,/Users/vika/Projects/classifier_rotation/data/synthetic_ru/debug_1000/synthru_0000167.jpg,1066,38,28.05263157894737,копия продаю сервис работа диски корпус участок брак,ofont.ru_Arteks.ttf,ru_en_mixed,True,0
synthru_0000168,synthetic_ru,synthru_0000168,/Users/vika/Projects/classifier_rotation/data/synthetic_ru/debug_1000/synthru_0000168.jpg,/Users/vika/Projects/classifier_rotation/data/synthetic_ru/debug_1000/synthru_0000168.jpg,1616,139,11.62589928057554,Adidas Дом камера Кабель 9440,ofont.ru_Hirro Sans.ttf,ru_en_mixed,True,0
synthru_0000169,synthetic_ru,synthru_0000169,/Users/vika/Projects/classifier_rotation/data/synthetic_ru/debug_1000/synthru_0000169.jpg,/Users/vika/Projects/classifier_rotation/data/synthetic_ru/debug_1000/synthru_0000169.jpg,3716,255,14.572549019607843,discount special service model discount offer limited service limited phone model,ofont.ru_Zekton.ttf,ru_en_mixed,True,0
synthru_0000170,synthetic_ru,synthru_0000170,/Users/vika/Projects/classifier_rotation/data/synthetic_ru/debug_1000/synthru_0000170.jpg,/Users/vika/Projects/classifier_rotation/data/synthetic_ru/debug_1000/synthru_0000170.jpg,533,30,17.766666666666666,продам партия качество требуется кожа вещь скидка комплект оптом предзаказ спрашивайте комната,ofont.ru_normal font.ttf,ru_en_mixed,True,0
synthru_0000171,synthetic_ru,synthru_0000171,/Users/vika/Projects/classifier_rotation/data/synthetic_ru/debug_1000/synthru_0000171.jpg,/Users/vika/Projects/classifier_rotation/data/synthetic_ru/debug_1000/synthru_0000171.jpg,378,97,3.8969072164948453,+7 (946) 344-93-10,ofont.ru_Downtown.ttf,ru_en_mixed,True,0
synthru_0000172,synthetic_ru,synthru_0000172,/Users/vika/Projects/classifier_rotation/data/synthetic_ru/debug_1000/synthru_0000172.jpg,/Users/vika/Projects/classifier_rotation/data/synthetic_ru/debug_1000/synthru_0000172.jpg,176,25,7.04,"ул. Гагарина, 58, корп. 7",ofont.ru_ArbatDi.ttf,ru_en_mixed,True,0
synthru_0000173,synthetic_ru,synthru_0000173,/Users/vika/Projects/classifier_rotation/data/synthetic_ru/debug_1000/synthru_0000173.jpg,/Users/vika/Projects/classifier_rotation/data/synthetic_ru/debug_1000/synthru_0000173.jpg,202,50,4.04,+7 (975) 982-13-71,ofont.ru_Departura.ttf,ru_en_mixed,True,0
synthru_0000174,synthetic_ru,synthru_0000174,/Users/vika/Projects/classifier_rotation/data/synthetic_ru/debug_1000/synthru_0000174.jpg,/Users/vika/Projects/classifier_rotation/data/synthetic_ru/debug_1000/synthru_0000174.jpg,73,20,3.65,7 907,ofont.ru_Handgeschrieben.ttf,ru_en_mixed,True,0
synthru_0000175,synthetic_ru,synthru_0000175,/Users/vika/Projects/classifier_rotation/data/synthetic_ru/debug_1000/synthru_0000175.jpg,/Users/vika/Projects/classifier_rotation/data/synthetic_ru/debug_1000/synthru_0000175.jpg,155,30,5.166666666666667,Toyota S 68,ofont.ru_ArbatDi.ttf,ru_en_mixed,True,0
synthru_0000176,synthetic_ru,synthru_0000176,/Users/vika/Projects/classifier_rotation/data/synthetic_ru/debug_1000/synthru_0000176.jpg,/Users/vika/Projects/classifier_rotation/data/synthetic_ru/debug_1000/synthru_0000176.jpg,698,29,24.06896551724138,sale original special limited phone price address original sale offer,ofont.ru_Rubik Vinyl.ttf,ru_en_mixed,True,0
synthru_0000177,synthetic_ru,synthru_0000177,/Users/vika/Projects/classifier_rotation/data/synthetic_ru/debug_1000/synthru_0000177.jpg,/Users/vika/Projects/classifier_rotation/data/synthetic_ru/debug_1000/synthru_0000177.jpg,756,32,23.625,тысяч цена копия монтаж распродажа новая рублей торг,ofont.ru_Smooz.ttf,ru_en_mixed,True,0
synthru_0000178,synthetic_ru,synthru_0000178,/Users/vika/Projects/classifier_rotation/data/synthetic_ru/debug_1000/synthru_0000178.jpg,/Users/vika/Projects/classifier_rotation/data/synthetic_ru/debug_1000/synthru_0000178.jpg,438,30,14.6,диагональ авто вес сегодня оперативно помощь,ofont.ru_Handgeschrieben.ttf,ru_en_mixed,True,0
synthru_0000179,synthetic_ru,synthru_0000179,/Users/vika/Projects/classifier_rotation/data/synthetic_ru/debug_1000/synthru_0000179.jpg,/Users/vika/Projects/classifier_rotation/data/synthetic_ru/debug_1000/synthru_0000179.jpg,286,53,5.39622641509434,Adidas X 41,ofont.ru_Veles.ttf,ru_en_mixed,True,0
synthru_0000180,synthetic_ru,synthru_0000180,/Users/vika/Projects/classifier_rotation/data/synthetic_ru/debug_1000/synthru_0000180.jpg,/Users/vika/Projects/classifier_rotation/data/synthetic_ru/debug_1000/synthru_0000180.jpg,42,20,2.1,909.99,ofont.ru_normal font.ttf,ru_en_mixed,True,0
synthru_0000181,synthetic_ru,synthru_0000181,/Users/vika/Projects/classifier_rotation/data/synthetic_ru/debug_1000/synthru_0000181.jpg,/Users/vika/Projects/classifier_rotation/data/synthetic_ru/debug_1000/synthru_0000181.jpg,3037,245,12.395918367346939,сервис смотрите новая студия набор ищу резерв распродажа,ofont.ru_Hirro Sans.ttf,ru_en_mixed,True,0
synthru_0000182,synthetic_ru,synthru_0000182,/Users/vika/Projects/classifier_rotation/data/synthetic_ru/debug_1000/synthru_0000182.jpg,/Users/vika/Projects/classifier_rotation/data/synthetic_ru/debug_1000/synthru_0000182.jpg,923,42,21.976190476190474,best original original address quality service model discount original sale quality quality,ofont.ru_Playfair Display.ttf,ru_en_mixed,True,0
synthru_0000183,synthetic_ru,synthru_0000183,/Users/vika/Projects/classifier_rotation/data/synthetic_ru/debug_1000/synthru_0000183.jpg,/Users/vika/Projects/classifier_rotation/data/synthetic_ru/debug_1000/synthru_0000183.jpg,795,87,9.137931034482758,Honor комплект машина гарантия 4455,ofont.ru_Downtown.ttf,ru_en_mixed,True,0
synthru_0000184,synthetic_ru,synthru_0000184,/Users/vika/Projects/classifier_rotation/data/synthetic_ru/debug_1000/synthru_0000184.jpg,/Users/vika/Projects/classifier_rotation/data/synthetic_ru/debug_1000/synthru_0000184.jpg,1482,216,6.861111111111111,продаю скидка цвета адрес,ofont.ru_Zekton.ttf,ru_en_mixed,True,0
synthru_0000185,synthetic_ru,synthru_0000185,/Users/vika/Projects/classifier_rotation/data/synthetic_ru/debug_1000/synthru_0000185.jpg,/Users/vika/Projects/classifier_rotation/data/synthetic_ru/debug_1000/synthru_0000185.jpg,1084,88,12.318181818181818,предзаказ звоните выгодно смотрите дешево,ofont.ru_Departura.ttf,ru_en_mixed,True,0
synthru_0000186,synthetic_ru,synthru_0000186,/Users/vika/Projects/classifier_rotation/data/synthetic_ru/debug_1000/synthru_0000186.jpg,/Users/vika/Projects/classifier_rotation/data/synthetic_ru/debug_1000/synthru_0000186.jpg,277,26,10.653846153846153,"ул. Советская, 163, кв. 8, корп. 5",ofont.ru_Departura.ttf,ru_en_mixed,True,0
synthru_0000187,synthetic_ru,synthru_0000187,/Users/vika/Projects/classifier_rotation/data/synthetic_ru/debug_1000/synthru_0000187.jpg,/Users/vika/Projects/classifier_rotation/data/synthetic_ru/debug_1000/synthru_0000187.jpg,4799,206,23.296116504854368,отличное обслуживание новое версия почта помощь пробег срочно whatsapp клавиатура обменяю заказ,ofont.ru_DlgGeo.ttf,ru_en_mixed,True,0
synthru_0000188,synthetic_ru,synthru_0000188,/Users/vika/Projects/classifier_rotation/data/synthetic_ru/debug_1000/synthru_0000188.jpg,/Users/vika/Projects/classifier_rotation/data/synthetic_ru/debug_1000/synthru_0000188.jpg,1260,52,24.23076923076923,хорошее доставка подарок в наличии продам автомобиль заказ цены обменяю пункт,ofont.ru_FloraC.ttf,ru_en_mixed,True,0
synthru_0000189,synthetic_ru,synthru_0000189,/Users/vika/Projects/classifier_rotation/data/synthetic_ru/debug_1000/synthru_0000189.jpg,/Users/vika/Projects/classifier_rotation/data/synthetic_ru/debug_1000/synthru_0000189.jpg,598,36,16.61111111111111,дешево модель,ofont.ru_Departura.ttf,ru_en_mixed,True,0
synthru_0000190,synthetic_ru,synthru_0000190,/Users/vika/Projects/classifier_rotation/data/synthetic_ru/debug_1000/synthru_0000190.jpg,/Users/vika/Projects/classifier_rotation/data/synthetic_ru/debug_1000/synthru_0000190.jpg,341,25,13.64,new online premium service model available quality discount sale new original premium,ofont.ru_normal font.ttf,ru_en_mixed,True,0
synthru_0000191,synthetic_ru,synthru_0000191,/Users/vika/Projects/classifier_rotation/data/synthetic_ru/debug_1000/synthru_0000191.jpg,/Users/vika/Projects/classifier_rotation/data/synthetic_ru/debug_1000/synthru_0000191.jpg,652,56,11.642857142857142,консультация год коробка обслуживание,ofont.ru_Veles.ttf,ru_en_mixed,True,0
synthru_0000192,synthetic_ru,synthru_0000192,/Users/vika/Projects/classifier_rotation/data/synthetic_ru/debug_1000/synthru_0000192.jpg,/Users/vika/Projects/classifier_rotation/data/synthetic_ru/debug_1000/synthru_0000192.jpg,1066,78,13.666666666666666,sale sale discount sale price special sale store,ofont.ru_Ethna.ttf,ru_en_mixed,True,0
synthru_0000193,synthetic_ru,synthru_0000193,/Users/vika/Projects/classifier_rotation/data/synthetic_ru/debug_1000/synthru_0000193.jpg,/Users/vika/Projects/classifier_rotation/data/synthetic_ru/debug_1000/synthru_0000193.jpg,238,20,11.9,партия бронь вакансия клавиатура монитор улица,ofont.ru_Downtown.ttf,ru_en_mixed,True,0
synthru_0000194,synthetic_ru,synthru_0000194,/Users/vika/Projects/classifier_rotation/data/synthetic_ru/debug_1000/synthru_0000194.jpg,/Users/vika/Projects/classifier_rotation/data/synthetic_ru/debug_1000/synthru_0000194.jpg,527,77,6.8441558441558445,special shop offer,ofont.ru_ArbatDi.ttf,ru_en_mixed,True,0
synthru_0000195,synthetic_ru,synthru_0000195,/Users/vika/Projects/classifier_rotation/data/synthetic_ru/debug_1000/synthru_0000195.jpg,/Users/vika/Projects/classifier_rotation/data/synthetic_ru/debug_1000/synthru_0000195.jpg,175,25,7.0,от 38 482 за месяц,ofont.ru_Bookman Old Style Cyr.ttf,ru_en_mixed,True,0
synthru_0000196,synthetic_ru,synthru_0000196,/Users/vika/Projects/classifier_rotation/data/synthetic_ru/debug_1000/synthru_0000196.jpg,/Users/vika/Projects/classifier_rotation/data/synthetic_ru/debug_1000/synthru_0000196.jpg,326,20,16.3,рублей материал диски,ofont.ru_Bookman Old Style Cyr.ttf,ru_en_mixed,True,0
synthru_0000197,synthetic_ru,synthru_0000197,/Users/vika/Projects/classifier_rotation/data/synthetic_ru/debug_1000/synthru_0000197.jpg,/Users/vika/Projects/classifier_rotation/data/synthetic_ru/debug_1000/synthru_0000197.jpg,891,68,13.102941176470589,хорошее клавиатура набор мышь уценка студия качество,ofont.ru_Hirro Sans.ttf,ru_en_mixed,True,0
synthru_0000198,synthetic_ru,synthru_0000198,/Users/vika/Projects/classifier_rotation/data/synthetic_ru/debug_1000/synthru_0000198.jpg,/Users/vika/Projects/classifier_rotation/data/synthetic_ru/debug_1000/synthru_0000198.jpg,1767,56,31.553571428571427,ремонт бонус продукт дешево смартфон рублей ширина сегодня вещь коробка кузов работа,ofont.ru_Playfair Display.ttf,ru_en_mixed,True,0
synthru_0000199,synthetic_ru,synthru_0000199,/Users/vika/Projects/classifier_rotation/data/synthetic_ru/debug_1000/synthru_0000199.jpg,/Users/vika/Projects/classifier_rotation/data/synthetic_ru/debug_1000/synthru_0000199.jpg,1321,39,33.87179487179487,отправка версия камера продаю диски быстро самовывоз смотрите пишите руб,ofont.ru_Arteks.ttf,ru_en_mixed,True,0
synthru_0000200,synthetic_ru,synthru_0000200,/Users/vika/Projects/classifier_rotation/data/synthetic_ru/debug_1000/synthru_0000200.jpg,/Users/vika/Projects/classifier_rotation/data/synthetic_ru/debug_1000/synthru_0000200.jpg,385,20,19.25,delivery store premium original address shop price address quality special original,ofont.ru_normal font.ttf,ru_en_mixed,True,0
synthru_0000201,synthetic_ru,synthru_0000201,/Users/vika/Projects/classifier_rotation/data/synthetic_ru/debug_1000/synthru_0000201.jpg,/Users/vika/Projects/classifier_rotation/data/synthetic_ru/debug_1000/synthru_0000201.jpg,265,20,13.25,"ул. Гагарина, 114",ofont.ru_Handgeschrieben.ttf,ru_en_mixed,True,0
synthru_0000202,synthetic_ru,synthru_0000202,/Users/vika/Projects/classifier_rotation/data/synthetic_ru/debug_1000/synthru_0000202.jpg,/Users/vika/Projects/classifier_rotation/data/synthetic_ru/debug_1000/synthru_0000202.jpg,314,51,6.1568627450980395,730.99 за услугу,ofont.ru_Zekton.ttf,ru_en_mixed,True,0
synthru_0000203,synthetic_ru,synthru_0000203,/Users/vika/Projects/classifier_rotation/data/synthetic_ru/debug_1000/synthru_0000203.jpg,/Users/vika/Projects/classifier_rotation/data/synthetic_ru/debug_1000/synthru_0000203.jpg,574,50,11.48,HONOR Plus 56,ofont.ru_Arteks.ttf,ru_en_mixed,True,0
synthru_0000204,synthetic_ru,synthru_0000204,/Users/vika/Projects/classifier_rotation/data/synthetic_ru/debug_1000/synthru_0000204.jpg,/Users/vika/Projects/classifier_rotation/data/synthetic_ru/debug_1000/synthru_0000204.jpg,187,32,5.84375,95 за услугу,ofont.ru_Rubik Vinyl.ttf,ru_en_mixed,True,0
synthru_0000205,synthetic_ru,synthru_0000205,/Users/vika/Projects/classifier_rotation/data/synthetic_ru/debug_1000/synthru_0000205.jpg,/Users/vika/Projects/classifier_rotation/data/synthetic_ru/debug_1000/synthru_0000205.jpg,2398,227,10.56387665198238,сдэк даром объем telegram telegram ватсап партия сдэк,ofont.ru_Downtown.ttf,ru_en_mixed,True,0
synthru_0000206,synthetic_ru,synthru_0000206,/Users/vika/Projects/classifier_rotation/data/synthetic_ru/debug_1000/synthru_0000206.jpg,/Users/vika/Projects/classifier_rotation/data/synthetic_ru/debug_1000/synthru_0000206.jpg,1655,342,4.8391812865497075,брак наушники цвет курьер,ofont.ru_Veles.ttf,ru_en_mixed,True,0
synthru_0000207,synthetic_ru,synthru_0000207,/Users/vika/Projects/classifier_rotation/data/synthetic_ru/debug_1000/synthru_0000207.jpg,/Users/vika/Projects/classifier_rotation/data/synthetic_ru/debug_1000/synthru_0000207.jpg,360,20,18.0,new best shop address best online quality sale price,ofont.ru_Playfair Display.ttf,ru_en_mixed,True,0
synthru_0000208,synthetic_ru,synthru_0000208,/Users/vika/Projects/classifier_rotation/data/synthetic_ru/debug_1000/synthru_0000208.jpg,/Users/vika/Projects/classifier_rotation/data/synthetic_ru/debug_1000/synthru_0000208.jpg,1225,54,22.685185185185187,объектив оперативно торг адаптер сдэк telegram дом зарядка магазин,ofont.ru_Bookman Old Style Cyr.ttf,ru_en_mixed,True,0
synthru_0000209,synthetic_ru,synthru_0000209,/Users/vika/Projects/classifier_rotation/data/synthetic_ru/debug_1000/synthru_0000209.jpg,/Users/vika/Projects/classifier_rotation/data/synthetic_ru/debug_1000/synthru_0000209.jpg,492,31,15.870967741935484,discount online best premium best phone available,ofont.ru_Zekton.ttf,ru_en_mixed,True,0
synthru_0000210,synthetic_ru,synthru_0000210,/Users/vika/Projects/classifier_rotation/data/synthetic_ru/debug_1000/synthru_0000210.jpg,/Users/vika/Projects/classifier_rotation/data/synthetic_ru/debug_1000/synthru_0000210.jpg,1183,99,11.94949494949495,телефон бонус вещь самовывоз консультация,ofont.ru_ArbatDi.ttf,ru_en_mixed,True,0
synthru_0000211,synthetic_ru,synthru_0000211,/Users/vika/Projects/classifier_rotation/data/synthetic_ru/debug_1000/synthru_0000211.jpg,/Users/vika/Projects/classifier_rotation/data/synthetic_ru/debug_1000/synthru_0000211.jpg,152,43,3.5348837209302326,Sony Plus 12,ofont.ru_normal font.ttf,ru_en_mixed,True,0
synthru_0000212,synthetic_ru,synthru_0000212,/Users/vika/Projects/classifier_rotation/data/synthetic_ru/debug_1000/synthru_0000212.jpg,/Users/vika/Projects/classifier_rotation/data/synthetic_ru/debug_1000/synthru_0000212.jpg,82,20,4.1,610.99,ofont.ru_PF Monumenta Pro.ttf,ru_en_mixed,True,0
synthru_0000213,synthetic_ru,synthru_0000213,/Users/vika/Projects/classifier_rotation/data/synthetic_ru/debug_1000/synthru_0000213.jpg,/Users/vika/Projects/classifier_rotation/data/synthetic_ru/debug_1000/synthru_0000213.jpg,1537,100,15.37,158.99,ofont.ru_normal font.ttf,ru_en_mixed,True,0
synthru_0000214,synthetic_ru,synthru_0000214,/Users/vika/Projects/classifier_rotation/data/synthetic_ru/debug_1000/synthru_0000214.jpg,/Users/vika/Projects/classifier_rotation/data/synthetic_ru/debug_1000/synthru_0000214.jpg,416,27,15.407407407407407,новая адаптер,ofont.ru_Hirro Sans.ttf,ru_en_mixed,True,0
synthru_0000215,synthetic_ru,synthru_0000215,/Users/vika/Projects/classifier_rotation/data/synthetic_ru/debug_1000/synthru_0000215.jpg,/Users/vika/Projects/classifier_rotation/data/synthetic_ru/debug_1000/synthru_0000215.jpg,152,28,5.428571428571429,359.99 за месяц,ofont.ru_FloraC.ttf,ru_en_mixed,True,0
synthru_0000216,synthetic_ru,synthru_0000216,/Users/vika/Projects/classifier_rotation/data/synthetic_ru/debug_1000/synthru_0000216.jpg,/Users/vika/Projects/classifier_rotation/data/synthetic_ru/debug_1000/synthru_0000216.jpg,519,51,10.176470588235293,40,ofont.ru_Veles.ttf,ru_en_mixed,True,0
synthru_0000217,synthetic_ru,synthru_0000217,/Users/vika/Projects/classifier_rotation/data/synthetic_ru/debug_1000/synthru_0000217.jpg,/Users/vika/Projects/classifier_rotation/data/synthetic_ru/debug_1000/synthru_0000217.jpg,205,28,7.321428571428571,Adidas Max 94,ofont.ru_PF Monumenta Pro.ttf,ru_en_mixed,True,0
synthru_0000218,synthetic_ru,synthru_0000218,/Users/vika/Projects/classifier_rotation/data/synthetic_ru/debug_1000/synthru_0000218.jpg,/Users/vika/Projects/classifier_rotation/data/synthetic_ru/debug_1000/synthru_0000218.jpg,856,24,35.666666666666664,штука самовывоз длина дом торг уценка хорошее модель вещь недорого смартфон материал,ofont.ru_Smooz.ttf,ru_en_mixed,True,0
synthru_0000219,synthetic_ru,synthru_0000219,/Users/vika/Projects/classifier_rotation/data/synthetic_ru/debug_1000/synthru_0000219.jpg,/Users/vika/Projects/classifier_rotation/data/synthetic_ru/debug_1000/synthru_0000219.jpg,796,50,15.92,Adidas поколение коробка партия 2277,ofont.ru_ArbatDi.ttf,ru_en_mixed,True,0
synthru_0000220,synthetic_ru,synthru_0000220,/Users/vika/Projects/classifier_rotation/data/synthetic_ru/debug_1000/synthru_0000220.jpg,/Users/vika/Projects/classifier_rotation/data/synthetic_ru/debug_1000/synthru_0000220.jpg,868,60,14.466666666666667,А5ЮИУГШ8ГА8ЧЗУБР0ЮХЭЮЭ,ofont.ru_Smooz.ttf,ru_en_mixed,True,0
synthru_0000221,synthetic_ru,synthru_0000221,/Users/vika/Projects/classifier_rotation/data/synthetic_ru/debug_1000/synthru_0000221.jpg,/Users/vika/Projects/classifier_rotation/data/synthetic_ru/debug_1000/synthru_0000221.jpg,4186,127,32.960629921259844,проспект выдачи whatsapp смартфон ищу студия объем цвета дом предзаказ акция цвета,ofont.ru_ArbatDi.ttf,ru_en_mixed,True,0
synthru_0000222,synthetic_ru,synthru_0000222,/Users/vika/Projects/classifier_rotation/data/synthetic_ru/debug_1000/synthru_0000222.jpg,/Users/vika/Projects/classifier_rotation/data/synthetic_ru/debug_1000/synthru_0000222.jpg,250,30,8.333333333333334,Т26Е6ЕР3Д7ФГЦ7А32539ЦЯЧУУЛВФ,ofont.ru_Handgeschrieben.ttf,ru_en_mixed,True,0
synthru_0000223,synthetic_ru,synthru_0000223,/Users/vika/Projects/classifier_rotation/data/synthetic_ru/debug_1000/synthru_0000223.jpg,/Users/vika/Projects/classifier_rotation/data/synthetic_ru/debug_1000/synthru_0000223.jpg,258,53,4.867924528301887,Apple гараж 9696,ofont.ru_Veles.ttf,ru_en_mixed,True,0
synthru_0000224,synthetic_ru,synthru_0000224,/Users/vika/Projects/classifier_rotation/data/synthetic_ru/debug_1000/synthru_0000224.jpg,/Users/vika/Projects/classifier_rotation/data/synthetic_ru/debug_1000/synthru_0000224.jpg,2705,172,15.726744186046512,товар подарок дом товар ширина диагональ диагональ,ofont.ru_FloraC.ttf,ru_en_mixed,True,0
synthru_0000225,synthetic_ru,synthru_0000225,/Users/vika/Projects/classifier_rotation/data/synthetic_ru/debug_1000/synthru_0000225.jpg,/Users/vika/Projects/classifier_rotation/data/synthetic_ru/debug_1000/synthru_0000225.jpg,479,41,11.682926829268293,ул бонус квартира длина шины уценка,ofont.ru_Ethna.ttf,ru_en_mixed,True,0
synthru_0000226,synthetic_ru,synthru_0000226,/Users/vika/Projects/classifier_rotation/data/synthetic_ru/debug_1000/synthru_0000226.jpg,/Users/vika/Projects/classifier_rotation/data/synthetic_ru/debug_1000/synthru_0000226.jpg,396,45,8.8,студия продукт,ofont.ru_Ethna.ttf,ru_en_mixed,True,0
synthru_0000227,synthetic_ru,synthru_0000227,/Users/vika/Projects/classifier_rotation/data/synthetic_ru/debug_1000/synthru_0000227.jpg,/Users/vika/Projects/classifier_rotation/data/synthetic_ru/debug_1000/synthru_0000227.jpg,134,24,5.583333333333333,HUAWEI Plus 93,ofont.ru_PF Monumenta Pro.ttf,ru_en_mixed,True,0
synthru_0000228,synthetic_ru,synthru_0000228,/Users/vika/Projects/classifier_rotation/data/synthetic_ru/debug_1000/synthru_0000228.jpg,/Users/vika/Projects/classifier_rotation/data/synthetic_ru/debug_1000/synthru_0000228.jpg,735,37,19.864864864864863,адаптер скидка пробег работа наушники новая штука доставка выгодно вес,ofont.ru_Zekton.ttf,ru_en_mixed,True,0
synthru_0000229,synthetic_ru,synthru_0000229,/Users/vika/Projects/classifier_rotation/data/synthetic_ru/debug_1000/synthru_0000229.jpg,/Users/vika/Projects/classifier_rotation/data/synthetic_ru/debug_1000/synthru_0000229.jpg,357,40,8.925,от 90 842 за месяц,ofont.ru_PF Monumenta Pro.ttf,ru_en_mixed,True,0
synthru_0000230,synthetic_ru,synthru_0000230,/Users/vika/Projects/classifier_rotation/data/synthetic_ru/debug_1000/synthru_0000230.jpg,/Users/vika/Projects/classifier_rotation/data/synthetic_ru/debug_1000/synthru_0000230.jpg,378,87,4.344827586206897,+7 (913) 745-98-55,ofont.ru_Zekton.ttf,ru_en_mixed,True,0
synthru_0000231,synthetic_ru,synthru_0000231,/Users/vika/Projects/classifier_rotation/data/synthetic_ru/debug_1000/synthru_0000231.jpg,/Users/vika/Projects/classifier_rotation/data/synthetic_ru/debug_1000/synthru_0000231.jpg,108,20,5.4,сегодня колонка,ofont.ru_Rubik Vinyl.ttf,ru_en_mixed,True,0
synthru_0000232,synthetic_ru,synthru_0000232,/Users/vika/Projects/classifier_rotation/data/synthetic_ru/debug_1000/synthru_0000232.jpg,/Users/vika/Projects/classifier_rotation/data/synthetic_ru/debug_1000/synthru_0000232.jpg,855,47,18.19148936170213,копия дефект товар отправка улица объем дефект дом дом новое поколение ул,ofont.ru_FloraC.ttf,ru_en_mixed,True,0
synthru_0000233,synthetic_ru,synthru_0000233,/Users/vika/Projects/classifier_rotation/data/synthetic_ru/debug_1000/synthru_0000233.jpg,/Users/vika/Projects/classifier_rotation/data/synthetic_ru/debug_1000/synthru_0000233.jpg,921,33,27.90909090909091,дефект в наличии идеальное уценка квартира копия улица авто,ofont.ru_Rubik Vinyl.ttf,ru_en_mixed,True,0
synthru_0000234,synthetic_ru,synthru_0000234,/Users/vika/Projects/classifier_rotation/data/synthetic_ru/debug_1000/synthru_0000234.jpg,/Users/vika/Projects/classifier_rotation/data/synthetic_ru/debug_1000/synthru_0000234.jpg,787,60,13.116666666666667,участок оптом цена поколение,ofont.ru_Bookman Old Style Cyr.ttf,ru_en_mixed,True,0
synthru_0000235,synthetic_ru,synthru_0000235,/Users/vika/Projects/classifier_rotation/data/synthetic_ru/debug_1000/synthru_0000235.jpg,/Users/vika/Projects/classifier_rotation/data/synthetic_ru/debug_1000/synthru_0000235.jpg,565,60,9.416666666666666,телефон быстро высота брак,ofont.ru_Arteks.ttf,ru_en_mixed,True,0
synthru_0000236,synthetic_ru,synthru_0000236,/Users/vika/Projects/classifier_rotation/data/synthetic_ru/debug_1000/synthru_0000236.jpg,/Users/vika/Projects/classifier_rotation/data/synthetic_ru/debug_1000/synthru_0000236.jpg,740,64,11.5625,766.99 за штуку,ofont.ru_PF Monumenta Pro.ttf,ru_en_mixed,True,0
synthru_0000237,synthetic_ru,synthru_0000237,/Users/vika/Projects/classifier_rotation/data/synthetic_ru/debug_1000/synthru_0000237.jpg,/Users/vika/Projects/classifier_rotation/data/synthetic_ru/debug_1000/synthru_0000237.jpg,199,20,9.95,best store shop price offer,ofont.ru_Arteks.ttf,ru_en_mixed,True,0
synthru_0000238,synthetic_ru,synthru_0000238,/Users/vika/Projects/classifier_rotation/data/synthetic_ru/debug_1000/synthru_0000238.jpg,/Users/vika/Projects/classifier_rotation/data/synthetic_ru/debug_1000/synthru_0000238.jpg,1519,72,21.09722222222222,мышь уценка boxberry монтаж whatsapp дом отличное доставка,ofont.ru_ArbatDi.ttf,ru_en_mixed,True,0
synthru_0000239,synthetic_ru,synthru_0000239,/Users/vika/Projects/classifier_rotation/data/synthetic_ru/debug_1000/synthru_0000239.jpg,/Users/vika/Projects/classifier_rotation/data/synthetic_ru/debug_1000/synthru_0000239.jpg,172,20,8.6,"ул. Победы, 92, кв. 47, корп. 5",ofont.ru_Downtown.ttf,ru_en_mixed,True,0
synthru_0000240,synthetic_ru,synthru_0000240,/Users/vika/Projects/classifier_rotation/data/synthetic_ru/debug_1000/synthru_0000240.jpg,/Users/vika/Projects/classifier_rotation/data/synthetic_ru/debug_1000/synthru_0000240.jpg,1129,45,25.08888888888889,ноутбук комната монтаж недорого диски студия,ofont.ru_PF Monumenta Pro.ttf,ru_en_mixed,True,0
synthru_0000241,synthetic_ru,synthru_0000241,/Users/vika/Projects/classifier_rotation/data/synthetic_ru/debug_1000/synthru_0000241.jpg,/Users/vika/Projects/classifier_rotation/data/synthetic_ru/debug_1000/synthru_0000241.jpg,154,42,3.6666666666666665,7З3ОПХЧТ50Т,ofont.ru_Arteks.ttf,ru_en_mixed,True,0
synthru_0000242,synthetic_ru,synthru_0000242,/Users/vika/Projects/classifier_rotation/data/synthetic_ru/debug_1000/synthru_0000242.jpg,/Users/vika/Projects/classifier_rotation/data/synthetic_ru/debug_1000/synthru_0000242.jpg,3457,211,16.38388625592417,партия резерв брак качественно комплект идеальное б/у качество отличное,ofont.ru_Ethna.ttf,ru_en_mixed,True,0
synthru_0000243,synthetic_ru,synthru_0000243,/Users/vika/Projects/classifier_rotation/data/synthetic_ru/debug_1000/synthru_0000243.jpg,/Users/vika/Projects/classifier_rotation/data/synthetic_ru/debug_1000/synthru_0000243.jpg,629,34,18.5,offer limited phone offer address address phone,ofont.ru_DlgGeo.ttf,ru_en_mixed,True,0
synthru_0000244,synthetic_ru,synthru_0000244,/Users/vika/Projects/classifier_rotation/data/synthetic_ru/debug_1000/synthru_0000244.jpg,/Users/vika/Projects/classifier_rotation/data/synthetic_ru/debug_1000/synthru_0000244.jpg,1052,148,7.108108108108108,оптом почта оригинал,ofont.ru_Handgeschrieben.ttf,ru_en_mixed,True,0
synthru_0000245,synthetic_ru,synthru_0000245,/Users/vika/Projects/classifier_rotation/data/synthetic_ru/debug_1000/synthru_0000245.jpg,/Users/vika/Projects/classifier_rotation/data/synthetic_ru/debug_1000/synthru_0000245.jpg,5240,217,24.147465437788018,пишите boxberry планшет высота копейки срочно пишите доставка качество поддержка,ofont.ru_Veles.ttf,ru_en_mixed,True,0
synthru_0000246,synthetic_ru,synthru_0000246,/Users/vika/Projects/classifier_rotation/data/synthetic_ru/debug_1000/synthru_0000246.jpg,/Users/vika/Projects/classifier_rotation/data/synthetic_ru/debug_1000/synthru_0000246.jpg,514,54,9.518518518518519,HP стоимость набор склад 1432,ofont.ru_Rubik Vinyl.ttf,ru_en_mixed,True,0
synthru_0000247,synthetic_ru,synthru_0000247,/Users/vika/Projects/classifier_rotation/data/synthetic_ru/debug_1000/synthru_0000247.jpg,/Users/vika/Projects/classifier_rotation/data/synthetic_ru/debug_1000/synthru_0000247.jpg,428,20,21.4,камера цвет замша идеальное монитор telegram клавиатура цвет офис,ofont.ru_Bookman Old Style Cyr.ttf,ru_en_mixed,True,0
synthru_0000248,synthetic_ru,synthru_0000248,/Users/vika/Projects/classifier_rotation/data/synthetic_ru/debug_1000/synthru_0000248.jpg,/Users/vika/Projects/classifier_rotation/data/synthetic_ru/debug_1000/synthru_0000248.jpg,2195,122,17.991803278688526,копейки версия корпус самовывоз квартира поколение мышь акция,ofont.ru_ArbatDi.ttf,ru_en_mixed,True,0
synthru_0000249,synthetic_ru,synthru_0000249,/Users/vika/Projects/classifier_rotation/data/synthetic_ru/debug_1000/synthru_0000249.jpg,/Users/vika/Projects/classifier_rotation/data/synthetic_ru/debug_1000/synthru_0000249.jpg,1196,71,16.845070422535212,Bmw поддержка Телефон Машина диагональ 1960,ofont.ru_Veles.ttf,ru_en_mixed,True,0
synthru_0000250,synthetic_ru,synthru_0000250,/Users/vika/Projects/classifier_rotation/data/synthetic_ru/debug_1000/synthru_0000250.jpg,/Users/vika/Projects/classifier_rotation/data/synthetic_ru/debug_1000/synthru_0000250.jpg,580,63,9.206349206349206,Toyota рублей ноутбук оперативно 8756,ofont.ru_DlgGeo.ttf,ru_en_mixed,True,0
synthru_0000251,synthetic_ru,synthru_0000251,/Users/vika/Projects/classifier_rotation/data/synthetic_ru/debug_1000/synthru_0000251.jpg,/Users/vika/Projects/classifier_rotation/data/synthetic_ru/debug_1000/synthru_0000251.jpg,337,29,11.620689655172415,offer price service store address store,ofont.ru_Downtown.ttf,ru_en_mixed,True,0
synthru_0000252,synthetic_ru,synthru_0000252,/Users/vika/Projects/classifier_rotation/data/synthetic_ru/debug_1000/synthru_0000252.jpg,/Users/vika/Projects/classifier_rotation/data/synthetic_ru/debug_1000/synthru_0000252.jpg,191,34,5.617647058823529,Apple новое улица 8413,ofont.ru_Zekton.ttf,ru_en_mixed,True,0
synthru_0000253,synthetic_ru,synthru_0000253,/Users/vika/Projects/classifier_rotation/data/synthetic_ru/debug_1000/synthru_0000253.jpg,/Users/vika/Projects/classifier_rotation/data/synthetic_ru/debug_1000/synthru_0000253.jpg,205,28,7.321428571428571,HP год штука 9473,ofont.ru_normal font.ttf,ru_en_mixed,True,0
synthru_0000254,synthetic_ru,synthru_0000254,/Users/vika/Projects/classifier_rotation/data/synthetic_ru/debug_1000/synthru_0000254.jpg,/Users/vika/Projects/classifier_rotation/data/synthetic_ru/debug_1000/synthru_0000254.jpg,1044,79,13.215189873417721,О5ПЯЗХЗ2З6И4ШУ8ВЕ,ofont.ru_PF Monumenta Pro.ttf,ru_en_mixed,True,0
synthru_0000255,synthetic_ru,synthru_0000255,/Users/vika/Projects/classifier_rotation/data/synthetic_ru/debug_1000/synthru_0000255.jpg,/Users/vika/Projects/classifier_rotation/data/synthetic_ru/debug_1000/synthru_0000255.jpg,3134,137,22.875912408759124,версия новое кожа коробка набор качество бронь дом новая требуется пишите вещь,ofont.ru_Ethna.ttf,ru_en_mixed,True,0
synthru_0000256,synthetic_ru,synthru_0000256,/Users/vika/Projects/classifier_rotation/data/synthetic_ru/debug_1000/synthru_0000256.jpg,/Users/vika/Projects/classifier_rotation/data/synthetic_ru/debug_1000/synthru_0000256.jpg,213,28,7.607142857142857,111.99,ofont.ru_FloraC.ttf,ru_en_mixed,True,0
synthru_0000257,synthetic_ru,synthru_0000257,/Users/vika/Projects/classifier_rotation/data/synthetic_ru/debug_1000/synthru_0000257.jpg,/Users/vika/Projects/classifier_rotation/data/synthetic_ru/debug_1000/synthru_0000257.jpg,1391,91,15.285714285714286,HONOR кузов версия подарок 5630,ofont.ru_ArbatDi.ttf,ru_en_mixed,True,0
synthru_0000258,synthetic_ru,synthru_0000258,/Users/vika/Projects/classifier_rotation/data/synthetic_ru/debug_1000/synthru_0000258.jpg,/Users/vika/Projects/classifier_rotation/data/synthetic_ru/debug_1000/synthru_0000258.jpg,490,84,5.833333333333333,от 51 497,ofont.ru_Zekton.ttf,ru_en_mixed,True,0
synthru_0000259,synthetic_ru,synthru_0000259,/Users/vika/Projects/classifier_rotation/data/synthetic_ru/debug_1000/synthru_0000259.jpg,/Users/vika/Projects/classifier_rotation/data/synthetic_ru/debug_1000/synthru_0000259.jpg,306,20,15.3,срочно камера даром whatsapp завтра новый завтра,ofont.ru_Playfair Display.ttf,ru_en_mixed,True,0
synthru_0000260,synthetic_ru,synthru_0000260,/Users/vika/Projects/classifier_rotation/data/synthetic_ru/debug_1000/synthru_0000260.jpg,/Users/vika/Projects/classifier_rotation/data/synthetic_ru/debug_1000/synthru_0000260.jpg,266,49,5.428571428571429,HUAWEI Pro 94,ofont.ru_Zekton.ttf,ru_en_mixed,True,0
synthru_0000261,synthetic_ru,synthru_0000261,/Users/vika/Projects/classifier_rotation/data/synthetic_ru/debug_1000/synthru_0000261.jpg,/Users/vika/Projects/classifier_rotation/data/synthetic_ru/debug_1000/synthru_0000261.jpg,1049,38,27.605263157894736,дешево авто звоните комплект склад дорого подарок самовывоз,ofont.ru_Rubik Vinyl.ttf,ru_en_mixed,True,0
synthru_0000262,synthetic_ru,synthru_0000262,/Users/vika/Projects/classifier_rotation/data/synthetic_ru/debug_1000/synthru_0000262.jpg,/Users/vika/Projects/classifier_rotation/data/synthetic_ru/debug_1000/synthru_0000262.jpg,825,40,20.625,original service discount address offer address special best address delivery,ofont.ru_Zekton.ttf,ru_en_mixed,True,0
synthru_0000263,synthetic_ru,synthru_0000263,/Users/vika/Projects/classifier_rotation/data/synthetic_ru/debug_1000/synthru_0000263.jpg,/Users/vika/Projects/classifier_rotation/data/synthetic_ru/debug_1000/synthru_0000263.jpg,374,48,7.791666666666667,Adidas Выдачи Работа авто 6758,ofont.ru_FloraC.ttf,ru_en_mixed,True,0
synthru_0000264,synthetic_ru,synthru_0000264,/Users/vika/Projects/classifier_rotation/data/synthetic_ru/debug_1000/synthru_0000264.jpg,/Users/vika/Projects/classifier_rotation/data/synthetic_ru/debug_1000/synthru_0000264.jpg,321,66,4.863636363636363,быстро модель,ofont.ru_ArbatDi.ttf,ru_en_mixed,True,0
synthru_0000265,synthetic_ru,synthru_0000265,/Users/vika/Projects/classifier_rotation/data/synthetic_ru/debug_1000/synthru_0000265.jpg,/Users/vika/Projects/classifier_rotation/data/synthetic_ru/debug_1000/synthru_0000265.jpg,1032,96,10.75,75 за штуку,ofont.ru_PF Monumenta Pro.ttf,ru_en_mixed,True,0
synthru_0000266,synthetic_ru,synthru_0000266,/Users/vika/Projects/classifier_rotation/data/synthetic_ru/debug_1000/synthru_0000266.jpg,/Users/vika/Projects/classifier_rotation/data/synthetic_ru/debug_1000/synthru_0000266.jpg,650,109,5.963302752293578,+7 (914) 424-79-64,ofont.ru_Zekton.ttf,ru_en_mixed,True,0
synthru_0000267,synthetic_ru,synthru_0000267,/Users/vika/Projects/classifier_rotation/data/synthetic_ru/debug_1000/synthru_0000267.jpg,/Users/vika/Projects/classifier_rotation/data/synthetic_ru/debug_1000/synthru_0000267.jpg,196,25,7.84,Toyota Pro 73,ofont.ru_FloraC.ttf,ru_en_mixed,True,0
synthru_0000268,synthetic_ru,synthru_0000268,/Users/vika/Projects/classifier_rotation/data/synthetic_ru/debug_1000/synthru_0000268.jpg,/Users/vika/Projects/classifier_rotation/data/synthetic_ru/debug_1000/synthru_0000268.jpg,1190,147,8.095238095238095,Huawei корпус 8056,ofont.ru_Smooz.ttf,ru_en_mixed,True,0
synthru_0000269,synthetic_ru,synthru_0000269,/Users/vika/Projects/classifier_rotation/data/synthetic_ru/debug_1000/synthru_0000269.jpg,/Users/vika/Projects/classifier_rotation/data/synthetic_ru/debug_1000/synthru_0000269.jpg,1151,73,15.767123287671232,машина курьер набор хорошее гарантия,ofont.ru_DlgGeo.ttf,ru_en_mixed,True,0
synthru_0000270,synthetic_ru,synthru_0000270,/Users/vika/Projects/classifier_rotation/data/synthetic_ru/debug_1000/synthru_0000270.jpg,/Users/vika/Projects/classifier_rotation/data/synthetic_ru/debug_1000/synthru_0000270.jpg,561,67,8.373134328358208,требуется пробег,ofont.ru_FloraC.ttf,ru_en_mixed,True,0
synthru_0000271,synthetic_ru,synthru_0000271,/Users/vika/Projects/classifier_rotation/data/synthetic_ru/debug_1000/synthru_0000271.jpg,/Users/vika/Projects/classifier_rotation/data/synthetic_ru/debug_1000/synthru_0000271.jpg,953,64,14.890625,Sony бу Наушники цены выдачи 4362,ofont.ru_Hirro Sans.ttf,ru_en_mixed,True,0
synthru_0000272,synthetic_ru,synthru_0000272,/Users/vika/Projects/classifier_rotation/data/synthetic_ru/debug_1000/synthru_0000272.jpg,/Users/vika/Projects/classifier_rotation/data/synthetic_ru/debug_1000/synthru_0000272.jpg,1568,72,21.77777777777778,+7 (990) 533-86-42,ofont.ru_Bookman Old Style Cyr.ttf,ru_en_mixed,True,0
synthru_0000273,synthetic_ru,synthru_0000273,/Users/vika/Projects/classifier_rotation/data/synthetic_ru/debug_1000/synthru_0000273.jpg,/Users/vika/Projects/classifier_rotation/data/synthetic_ru/debug_1000/synthru_0000273.jpg,344,58,5.931034482758621,подарок год ищу ватсап,ofont.ru_DlgGeo.ttf,ru_en_mixed,True,0
synthru_0000274,synthetic_ru,synthru_0000274,/Users/vika/Projects/classifier_rotation/data/synthetic_ru/debug_1000/synthru_0000274.jpg,/Users/vika/Projects/classifier_rotation/data/synthetic_ru/debug_1000/synthru_0000274.jpg,883,102,8.656862745098039,original store limited delivery,ofont.ru_Veles.ttf,ru_en_mixed,True,0
synthru_0000275,synthetic_ru,synthru_0000275,/Users/vika/Projects/classifier_rotation/data/synthetic_ru/debug_1000/synthru_0000275.jpg,/Users/vika/Projects/classifier_rotation/data/synthetic_ru/debug_1000/synthru_0000275.jpg,1057,112,9.4375,оригинал новый телефон цена,ofont.ru_Downtown.ttf,ru_en_mixed,True,0
synthru_0000276,synthetic_ru,synthru_0000276,/Users/vika/Projects/classifier_rotation/data/synthetic_ru/debug_1000/synthru_0000276.jpg,/Users/vika/Projects/classifier_rotation/data/synthetic_ru/debug_1000/synthru_0000276.jpg,2313,57,40.578947368421055,бу наличие ищу новое сдэк даром длина планшет диагональ машина рублей коробка,ofont.ru_PF Monumenta Pro.ttf,ru_en_mixed,True,0
synthru_0000277,synthetic_ru,synthru_0000277,/Users/vika/Projects/classifier_rotation/data/synthetic_ru/debug_1000/synthru_0000277.jpg,/Users/vika/Projects/classifier_rotation/data/synthetic_ru/debug_1000/synthru_0000277.jpg,437,61,7.163934426229508,торг адаптер бронь обменяю,ofont.ru_Ethna.ttf,ru_en_mixed,True,0
synthru_0000278,synthetic_ru,synthru_0000278,/Users/vika/Projects/classifier_rotation/data/synthetic_ru/debug_1000/synthru_0000278.jpg,/Users/vika/Projects/classifier_rotation/data/synthetic_ru/debug_1000/synthru_0000278.jpg,802,31,25.870967741935484,best new service model delivery best new address store offer best,ofont.ru_DlgGeo.ttf,ru_en_mixed,True,0
synthru_0000279,synthetic_ru,synthru_0000279,/Users/vika/Projects/classifier_rotation/data/synthetic_ru/debug_1000/synthru_0000279.jpg,/Users/vika/Projects/classifier_rotation/data/synthetic_ru/debug_1000/synthru_0000279.jpg,1005,51,19.705882352941178,от 12 884,ofont.ru_Handgeschrieben.ttf,ru_en_mixed,True,0
synthru_0000280,synthetic_ru,synthru_0000280,/Users/vika/Projects/classifier_rotation/data/synthetic_ru/debug_1000/synthru_0000280.jpg,/Users/vika/Projects/classifier_rotation/data/synthetic_ru/debug_1000/synthru_0000280.jpg,353,40,8.825,Sony завтра вакансия переулок 3459,ofont.ru_ArbatDi.ttf,ru_en_mixed,True,0
synthru_0000281,synthetic_ru,synthru_0000281,/Users/vika/Projects/classifier_rotation/data/synthetic_ru/debug_1000/synthru_0000281.jpg,/Users/vika/Projects/classifier_rotation/data/synthetic_ru/debug_1000/synthru_0000281.jpg,1960,79,24.810126582278482,качество уценка магазин выдачи настройка набор адаптер отличное цвета б/у услуги мышь,ofont.ru_Veles.ttf,ru_en_mixed,True,0
synthru_0000282,synthetic_ru,synthru_0000282,/Users/vika/Projects/classifier_rotation/data/synthetic_ru/debug_1000/synthru_0000282.jpg,/Users/vika/Projects/classifier_rotation/data/synthetic_ru/debug_1000/synthru_0000282.jpg,799,138,5.7898550724637685,HUAWEI модель 7965,ofont.ru_Zekton.ttf,ru_en_mixed,True,0
synthru_0000283,synthetic_ru,synthru_0000283,/Users/vika/Projects/classifier_rotation/data/synthetic_ru/debug_1000/synthru_0000283.jpg,/Users/vika/Projects/classifier_rotation/data/synthetic_ru/debug_1000/synthru_0000283.jpg,884,34,26.0,shop shop premium original best quality offer price discount,ofont.ru_Rubik Vinyl.ttf,ru_en_mixed,True,0
synthru_0000284,synthetic_ru,synthru_0000284,/Users/vika/Projects/classifier_rotation/data/synthetic_ru/debug_1000/synthru_0000284.jpg,/Users/vika/Projects/classifier_rotation/data/synthetic_ru/debug_1000/synthru_0000284.jpg,380,23,16.52173913043478,помощь смотрите оперативно подарок шины,ofont.ru_Downtown.ttf,ru_en_mixed,True,0
synthru_0000285,synthetic_ru,synthru_0000285,/Users/vika/Projects/classifier_rotation/data/synthetic_ru/debug_1000/synthru_0000285.jpg,/Users/vika/Projects/classifier_rotation/data/synthetic_ru/debug_1000/synthru_0000285.jpg,1467,108,13.583333333333334,пункт звонок гараж новая,ofont.ru_Arteks.ttf,ru_en_mixed,True,0
synthru_0000286,synthetic_ru,synthru_0000286,/Users/vika/Projects/classifier_rotation/data/synthetic_ru/debug_1000/synthru_0000286.jpg,/Users/vika/Projects/classifier_rotation/data/synthetic_ru/debug_1000/synthru_0000286.jpg,1433,85,16.858823529411765,Kia Кабель поколение звонок отличное 5960,ofont.ru_FloraC.ttf,ru_en_mixed,True,0
synthru_0000287,synthetic_ru,synthru_0000287,/Users/vika/Projects/classifier_rotation/data/synthetic_ru/debug_1000/synthru_0000287.jpg,/Users/vika/Projects/classifier_rotation/data/synthetic_ru/debug_1000/synthru_0000287.jpg,460,62,7.419354838709677,"ул. Пушкина, 242, кв. 75",ofont.ru_normal font.ttf,ru_en_mixed,True,0
synthru_0000288,synthetic_ru,synthru_0000288,/Users/vika/Projects/classifier_rotation/data/synthetic_ru/debug_1000/synthru_0000288.jpg,/Users/vika/Projects/classifier_rotation/data/synthetic_ru/debug_1000/synthru_0000288.jpg,932,80,11.65,Nike куплю тысяч ремонт 2407,ofont.ru_Veles.ttf,ru_en_mixed,True,0
synthru_0000289,synthetic_ru,synthru_0000289,/Users/vika/Projects/classifier_rotation/data/synthetic_ru/debug_1000/synthru_0000289.jpg,/Users/vika/Projects/classifier_rotation/data/synthetic_ru/debug_1000/synthru_0000289.jpg,1010,101,10.0,219.99,ofont.ru_Downtown.ttf,ru_en_mixed,True,0
synthru_0000290,synthetic_ru,synthru_0000290,/Users/vika/Projects/classifier_rotation/data/synthetic_ru/debug_1000/synthru_0000290.jpg,/Users/vika/Projects/classifier_rotation/data/synthetic_ru/debug_1000/synthru_0000290.jpg,1293,151,8.562913907284768,quality store online special best,ofont.ru_FloraC.ttf,ru_en_mixed,True,0
synthru_0000291,synthetic_ru,synthru_0000291,/Users/vika/Projects/classifier_rotation/data/synthetic_ru/debug_1000/synthru_0000291.jpg,/Users/vika/Projects/classifier_rotation/data/synthetic_ru/debug_1000/synthru_0000291.jpg,132,30,4.4,Samsung вещь 2131,ofont.ru_normal font.ttf,ru_en_mixed,True,0
synthru_0000292,synthetic_ru,synthru_0000292,/Users/vika/Projects/classifier_rotation/data/synthetic_ru/debug_1000/synthru_0000292.jpg,/Users/vika/Projects/classifier_rotation/data/synthetic_ru/debug_1000/synthru_0000292.jpg,840,100,8.4,Samsung S 32,ofont.ru_Veles.ttf,ru_en_mixed,True,0
synthru_0000293,synthetic_ru,synthru_0000293,/Users/vika/Projects/classifier_rotation/data/synthetic_ru/debug_1000/synthru_0000293.jpg,/Users/vika/Projects/classifier_rotation/data/synthetic_ru/debug_1000/synthru_0000293.jpg,332,27,12.296296296296296,от 77 783 за месяц,ofont.ru_Hirro Sans.ttf,ru_en_mixed,True,0
synthru_0000294,synthetic_ru,synthru_0000294,/Users/vika/Projects/classifier_rotation/data/synthetic_ru/debug_1000/synthru_0000294.jpg,/Users/vika/Projects/classifier_rotation/data/synthetic_ru/debug_1000/synthru_0000294.jpg,198,31,6.387096774193548,год длина вес вес,ofont.ru_PF Monumenta Pro.ttf,ru_en_mixed,True,0
synthru_0000295,synthetic_ru,synthru_0000295,/Users/vika/Projects/classifier_rotation/data/synthetic_ru/debug_1000/synthru_0000295.jpg,/Users/vika/Projects/classifier_rotation/data/synthetic_ru/debug_1000/synthru_0000295.jpg,184,25,7.36,16,ofont.ru_normal font.ttf,ru_en_mixed,True,0
synthru_0000296,synthetic_ru,synthru_0000296,/Users/vika/Projects/classifier_rotation/data/synthetic_ru/debug_1000/synthru_0000296.jpg,/Users/vika/Projects/classifier_rotation/data/synthetic_ru/debug_1000/synthru_0000296.jpg,512,91,5.626373626373627,от 24 159 за месяц,ofont.ru_Rubik Vinyl.ttf,ru_en_mixed,True,0
synthru_0000297,synthetic_ru,synthru_0000297,/Users/vika/Projects/classifier_rotation/data/synthetic_ru/debug_1000/synthru_0000297.jpg,/Users/vika/Projects/classifier_rotation/data/synthetic_ru/debug_1000/synthru_0000297.jpg,1599,92,17.380434782608695,качество whatsapp бонус срочно telegram товар торг,ofont.ru_FloraC.ttf,ru_en_mixed,True,0
synthru_0000298,synthetic_ru,synthru_0000298,/Users/vika/Projects/classifier_rotation/data/synthetic_ru/debug_1000/synthru_0000298.jpg,/Users/vika/Projects/classifier_rotation/data/synthetic_ru/debug_1000/synthru_0000298.jpg,402,73,5.506849315068493,+7 (931) 881-81-93,ofont.ru_DlgGeo.ttf,ru_en_mixed,True,0
synthru_0000299,synthetic_ru,synthru_0000299,/Users/vika/Projects/classifier_rotation/data/synthetic_ru/debug_1000/synthru_0000299.jpg,/Users/vika/Projects/classifier_rotation/data/synthetic_ru/debug_1000/synthru_0000299.jpg,445,20,22.25,руб выгодно диски смотрите магазин дорого магазин тысяч идеальное,ofont.ru_Bookman Old Style Cyr.ttf,ru_en_mixed,True,0
synthru_0000300,synthetic_ru,synthru_0000300,/Users/vika/Projects/classifier_rotation/data/synthetic_ru/debug_1000/synthru_0000300.jpg,/Users/vika/Projects/classifier_rotation/data/synthetic_ru/debug_1000/synthru_0000300.jpg,412,26,15.846153846153847,завтра длина гараж продаю смартфон пробег продам,ofont.ru_Zekton.ttf,ru_en_mixed,True,0
synthru_0000301,synthetic_ru,synthru_0000301,/Users/vika/Projects/classifier_rotation/data/synthetic_ru/debug_1000/synthru_0000301.jpg,/Users/vika/Projects/classifier_rotation/data/synthetic_ru/debug_1000/synthru_0000301.jpg,725,50,14.5,квартира быстро брак адаптер смартфон куплю длина найму,ofont.ru_Veles.ttf,ru_en_mixed,True,0
synthru_0000302,synthetic_ru,synthru_0000302,/Users/vika/Projects/classifier_rotation/data/synthetic_ru/debug_1000/synthru_0000302.jpg,/Users/vika/Projects/classifier_rotation/data/synthetic_ru/debug_1000/synthru_0000302.jpg,564,50,11.28,спрашивайте автомобиль новое руб год,ofont.ru_Downtown.ttf,ru_en_mixed,True,0
synthru_0000303,synthetic_ru,synthru_0000303,/Users/vika/Projects/classifier_rotation/data/synthetic_ru/debug_1000/synthru_0000303.jpg,/Users/vika/Projects/classifier_rotation/data/synthetic_ru/debug_1000/synthru_0000303.jpg,517,52,9.942307692307692,7С82А0ГХ0ЯТЗ624Ш6ВПГТЯ71ХА,ofont.ru_Rubik Vinyl.ttf,ru_en_mixed,True,0
synthru_0000304,synthetic_ru,synthru_0000304,/Users/vika/Projects/classifier_rotation/data/synthetic_ru/debug_1000/synthru_0000304.jpg,/Users/vika/Projects/classifier_rotation/data/synthetic_ru/debug_1000/synthru_0000304.jpg,462,20,23.1,BMW магазин выгодно высота 5584,ofont.ru_PF Monumenta Pro.ttf,ru_en_mixed,True,0
synthru_0000305,synthetic_ru,synthru_0000305,/Users/vika/Projects/classifier_rotation/data/synthetic_ru/debug_1000/synthru_0000305.jpg,/Users/vika/Projects/classifier_rotation/data/synthetic_ru/debug_1000/synthru_0000305.jpg,400,20,20.0,товар участок материал новая продукт товар склад размер студия,ofont.ru_Smooz.ttf,ru_en_mixed,True,0
synthru_0000306,synthetic_ru,synthru_0000306,/Users/vika/Projects/classifier_rotation/data/synthetic_ru/debug_1000/synthru_0000306.jpg,/Users/vika/Projects/classifier_rotation/data/synthetic_ru/debug_1000/synthru_0000306.jpg,126,20,6.3,+7 (975) 908-34-83,ofont.ru_DlgGeo.ttf,ru_en_mixed,True,0
synthru_0000307,synthetic_ru,synthru_0000307,/Users/vika/Projects/classifier_rotation/data/synthetic_ru/debug_1000/synthru_0000307.jpg,/Users/vika/Projects/classifier_rotation/data/synthetic_ru/debug_1000/synthru_0000307.jpg,272,65,4.184615384615385,HP Max 23,ofont.ru_Zekton.ttf,ru_en_mixed,True,0
synthru_0000308,synthetic_ru,synthru_0000308,/Users/vika/Projects/classifier_rotation/data/synthetic_ru/debug_1000/synthru_0000308.jpg,/Users/vika/Projects/classifier_rotation/data/synthetic_ru/debug_1000/synthru_0000308.jpg,1723,59,29.203389830508474,диагональ смартфон ширина смартфон пункт поддержка сегодня самовывоз boxberry новая звонок работа,ofont.ru_Zekton.ttf,ru_en_mixed,True,0
synthru_0000309,synthetic_ru,synthru_0000309,/Users/vika/Projects/classifier_rotation/data/synthetic_ru/debug_1000/synthru_0000309.jpg,/Users/vika/Projects/classifier_rotation/data/synthetic_ru/debug_1000/synthru_0000309.jpg,748,59,12.677966101694915,замша авто работа оперативно пишите дешево,ofont.ru_Hirro Sans.ttf,ru_en_mixed,True,0
synthru_0000310,synthetic_ru,synthru_0000310,/Users/vika/Projects/classifier_rotation/data/synthetic_ru/debug_1000/synthru_0000310.jpg,/Users/vika/Projects/classifier_rotation/data/synthetic_ru/debug_1000/synthru_0000310.jpg,663,109,6.08256880733945,HUAWEI Plus 35,ofont.ru_Playfair Display.ttf,ru_en_mixed,True,0
synthru_0000311,synthetic_ru,synthru_0000311,/Users/vika/Projects/classifier_rotation/data/synthetic_ru/debug_1000/synthru_0000311.jpg,/Users/vika/Projects/classifier_rotation/data/synthetic_ru/debug_1000/synthru_0000311.jpg,410,40,10.25,"ул. Советская, 236, кв. 97",ofont.ru_Hirro Sans.ttf,ru_en_mixed,True,0
synthru_0000312,synthetic_ru,synthru_0000312,/Users/vika/Projects/classifier_rotation/data/synthetic_ru/debug_1000/synthru_0000312.jpg,/Users/vika/Projects/classifier_rotation/data/synthetic_ru/debug_1000/synthru_0000312.jpg,567,20,28.35,ширина сдэк наличие смартфон наушники поколение рублей бронь требуется квартира,ofont.ru_Arteks.ttf,ru_en_mixed,True,0
synthru_0000313,synthetic_ru,synthru_0000313,/Users/vika/Projects/classifier_rotation/data/synthetic_ru/debug_1000/synthru_0000313.jpg,/Users/vika/Projects/classifier_rotation/data/synthetic_ru/debug_1000/synthru_0000313.jpg,73,20,3.65,от 44 589,ofont.ru_Smooz.ttf,ru_en_mixed,True,0
synthru_0000314,synthetic_ru,synthru_0000314,/Users/vika/Projects/classifier_rotation/data/synthetic_ru/debug_1000/synthru_0000314.jpg,/Users/vika/Projects/classifier_rotation/data/synthetic_ru/debug_1000/synthru_0000314.jpg,796,197,4.040609137055838,Samsung Pro 14,ofont.ru_Playfair Display.ttf,ru_en_mixed,True,0
synthru_0000315,synthetic_ru,synthru_0000315,/Users/vika/Projects/classifier_rotation/data/synthetic_ru/debug_1000/synthru_0000315.jpg,/Users/vika/Projects/classifier_rotation/data/synthetic_ru/debug_1000/synthru_0000315.jpg,138,24,5.75,"ул. Ленина, 121",ofont.ru_DlgGeo.ttf,ru_en_mixed,True,0
synthru_0000316,synthetic_ru,synthru_0000316,/Users/vika/Projects/classifier_rotation/data/synthetic_ru/debug_1000/synthru_0000316.jpg,/Users/vika/Projects/classifier_rotation/data/synthetic_ru/debug_1000/synthru_0000316.jpg,886,40,22.15,пункт даром реплика звонок отправка мышь поколение коробка быстро,ofont.ru_FloraC.ttf,ru_en_mixed,True,0
synthru_0000317,synthetic_ru,synthru_0000317,/Users/vika/Projects/classifier_rotation/data/synthetic_ru/debug_1000/synthru_0000317.jpg,/Users/vika/Projects/classifier_rotation/data/synthetic_ru/debug_1000/synthru_0000317.jpg,642,192,3.34375,BMW Plus 53,ofont.ru_Ethna.ttf,ru_en_mixed,True,0
synthru_0000318,synthetic_ru,synthru_0000318,/Users/vika/Projects/classifier_rotation/data/synthetic_ru/debug_1000/synthru_0000318.jpg,/Users/vika/Projects/classifier_rotation/data/synthetic_ru/debug_1000/synthru_0000318.jpg,2814,182,15.461538461538462,доставка сервис объем в наличии куплю,ofont.ru_PF Monumenta Pro.ttf,ru_en_mixed,True,0
synthru_0000319,synthetic_ru,synthru_0000319,/Users/vika/Projects/classifier_rotation/data/synthetic_ru/debug_1000/synthru_0000319.jpg,/Users/vika/Projects/classifier_rotation/data/synthetic_ru/debug_1000/synthru_0000319.jpg,450,57,7.894736842105263,от 66 360 за штуку,ofont.ru_DlgGeo.ttf,ru_en_mixed,True,0
synthru_0000320,synthetic_ru,synthru_0000320,/Users/vika/Projects/classifier_rotation/data/synthetic_ru/debug_1000/synthru_0000320.jpg,/Users/vika/Projects/classifier_rotation/data/synthetic_ru/debug_1000/synthru_0000320.jpg,557,45,12.377777777777778,цвет цена студия материал,ofont.ru_Rubik Vinyl.ttf,ru_en_mixed,True,0
synthru_0000321,synthetic_ru,synthru_0000321,/Users/vika/Projects/classifier_rotation/data/synthetic_ru/debug_1000/synthru_0000321.jpg,/Users/vika/Projects/classifier_rotation/data/synthetic_ru/debug_1000/synthru_0000321.jpg,93,20,4.65,Ж5ХЯ1Л,ofont.ru_Handgeschrieben.ttf,ru_en_mixed,True,0
synthru_0000322,synthetic_ru,synthru_0000322,/Users/vika/Projects/classifier_rotation/data/synthetic_ru/debug_1000/synthru_0000322.jpg,/Users/vika/Projects/classifier_rotation/data/synthetic_ru/debug_1000/synthru_0000322.jpg,93,20,4.65,1 452,ofont.ru_Veles.ttf,ru_en_mixed,True,0
synthru_0000323,synthetic_ru,synthru_0000323,/Users/vika/Projects/classifier_rotation/data/synthetic_ru/debug_1000/synthru_0000323.jpg,/Users/vika/Projects/classifier_rotation/data/synthetic_ru/debug_1000/synthru_0000323.jpg,458,74,6.1891891891891895,whatsapp обслуживание,ofont.ru_Veles.ttf,ru_en_mixed,True,0
synthru_0000324,synthetic_ru,synthru_0000324,/Users/vika/Projects/classifier_rotation/data/synthetic_ru/debug_1000/synthru_0000324.jpg,/Users/vika/Projects/classifier_rotation/data/synthetic_ru/debug_1000/synthru_0000324.jpg,96,26,3.6923076923076925,HONOR Pro 7,ofont.ru_Smooz.ttf,ru_en_mixed,True,0
synthru_0000325,synthetic_ru,synthru_0000325,/Users/vika/Projects/classifier_rotation/data/synthetic_ru/debug_1000/synthru_0000325.jpg,/Users/vika/Projects/classifier_rotation/data/synthetic_ru/debug_1000/synthru_0000325.jpg,134,37,3.6216216216216215,Adidas Plus 20,ofont.ru_FloraC.ttf,ru_en_mixed,True,0
synthru_0000326,synthetic_ru,synthru_0000326,/Users/vika/Projects/classifier_rotation/data/synthetic_ru/debug_1000/synthru_0000326.jpg,/Users/vika/Projects/classifier_rotation/data/synthetic_ru/debug_1000/synthru_0000326.jpg,109,30,3.6333333333333333,79ЛСЖХЭ,ofont.ru_DlgGeo.ttf,ru_en_mixed,True,0
synthru_0000327,synthetic_ru,synthru_0000327,/Users/vika/Projects/classifier_rotation/data/synthetic_ru/debug_1000/synthru_0000327.jpg,/Users/vika/Projects/classifier_rotation/data/synthetic_ru/debug_1000/synthru_0000327.jpg,1005,30,33.5,зарядка оригинал торг материал уценка комплект реплика поколение дешево наличие пробег,ofont.ru_FloraC.ttf,ru_en_mixed,True,0
synthru_0000328,synthetic_ru,synthru_0000328,/Users/vika/Projects/classifier_rotation/data/synthetic_ru/debug_1000/synthru_0000328.jpg,/Users/vika/Projects/classifier_rotation/data/synthetic_ru/debug_1000/synthru_0000328.jpg,304,33,9.212121212121213,4 168,ofont.ru_Rubik Vinyl.ttf,ru_en_mixed,True,0
synthru_0000329,synthetic_ru,synthru_0000329,/Users/vika/Projects/classifier_rotation/data/synthetic_ru/debug_1000/synthru_0000329.jpg,/Users/vika/Projects/classifier_rotation/data/synthetic_ru/debug_1000/synthru_0000329.jpg,228,27,8.444444444444445,уценка брак выгодно копейки вес,ofont.ru_Ethna.ttf,ru_en_mixed,True,0
synthru_0000330,synthetic_ru,synthru_0000330,/Users/vika/Projects/classifier_rotation/data/synthetic_ru/debug_1000/synthru_0000330.jpg,/Users/vika/Projects/classifier_rotation/data/synthetic_ru/debug_1000/synthru_0000330.jpg,65,20,3.25,от 50 366,ofont.ru_Hirro Sans.ttf,ru_en_mixed,True,0
synthru_0000331,synthetic_ru,synthru_0000331,/Users/vika/Projects/classifier_rotation/data/synthetic_ru/debug_1000/synthru_0000331.jpg,/Users/vika/Projects/classifier_rotation/data/synthetic_ru/debug_1000/synthru_0000331.jpg,1172,96,12.208333333333334,автомобиль дом размеры оптом требуется предзаказ,ofont.ru_Downtown.ttf,ru_en_mixed,True,0
synthru_0000332,synthetic_ru,synthru_0000332,/Users/vika/Projects/classifier_rotation/data/synthetic_ru/debug_1000/synthru_0000332.jpg,/Users/vika/Projects/classifier_rotation/data/synthetic_ru/debug_1000/synthru_0000332.jpg,1352,120,11.266666666666667,best offer offer best discount phone offer,ofont.ru_Handgeschrieben.ttf,ru_en_mixed,True,0
synthru_0000333,synthetic_ru,synthru_0000333,/Users/vika/Projects/classifier_rotation/data/synthetic_ru/debug_1000/synthru_0000333.jpg,/Users/vika/Projects/classifier_rotation/data/synthetic_ru/debug_1000/synthru_0000333.jpg,612,67,9.134328358208956,"ул. Кирова, 151, кв. 211",ofont.ru_Bookman Old Style Cyr.ttf,ru_en_mixed,True,0
synthru_0000334,synthetic_ru,synthru_0000334,/Users/vika/Projects/classifier_rotation/data/synthetic_ru/debug_1000/synthru_0000334.jpg,/Users/vika/Projects/classifier_rotation/data/synthetic_ru/debug_1000/synthru_0000334.jpg,223,55,4.054545454545455,+7 (993) 541-31-32,ofont.ru_Playfair Display.ttf,ru_en_mixed,True,0
synthru_0000335,synthetic_ru,synthru_0000335,/Users/vika/Projects/classifier_rotation/data/synthetic_ru/debug_1000/synthru_0000335.jpg,/Users/vika/Projects/classifier_rotation/data/synthetic_ru/debug_1000/synthru_0000335.jpg,897,83,10.80722891566265,1 889 за штуку,ofont.ru_Rubik Vinyl.ttf,ru_en_mixed,True,0
synthru_0000336,synthetic_ru,synthru_0000336,/Users/vika/Projects/classifier_rotation/data/synthetic_ru/debug_1000/synthru_0000336.jpg,/Users/vika/Projects/classifier_rotation/data/synthetic_ru/debug_1000/synthru_0000336.jpg,1985,164,12.103658536585366,Т43Ц0ЦШЦХРШЮЭГЧЦЖА2ЮИБЗ6ТРШ1,ofont.ru_Zekton.ttf,ru_en_mixed,True,0
synthru_0000337,synthetic_ru,synthru_0000337,/Users/vika/Projects/classifier_rotation/data/synthetic_ru/debug_1000/synthru_0000337.jpg,/Users/vika/Projects/classifier_rotation/data/synthetic_ru/debug_1000/synthru_0000337.jpg,1415,73,19.383561643835616,ЖЭУНК695ВИ4ЕФ82Л1З37РРОЛЕЖ,ofont.ru_Smooz.ttf,ru_en_mixed,True,0
synthru_0000338,synthetic_ru,synthru_0000338,/Users/vika/Projects/classifier_rotation/data/synthetic_ru/debug_1000/synthru_0000338.jpg,/Users/vika/Projects/classifier_rotation/data/synthetic_ru/debug_1000/synthru_0000338.jpg,555,42,13.214285714285714,заказ колонка мышь заказ пробег поддержка пункт,ofont.ru_FloraC.ttf,ru_en_mixed,True,0
synthru_0000339,synthetic_ru,synthru_0000339,/Users/vika/Projects/classifier_rotation/data/synthetic_ru/debug_1000/synthru_0000339.jpg,/Users/vika/Projects/classifier_rotation/data/synthetic_ru/debug_1000/synthru_0000339.jpg,219,40,5.475,"ул. Пушкина, 198, кв. 65",ofont.ru_FloraC.ttf,ru_en_mixed,True,0
synthru_0000340,synthetic_ru,synthru_0000340,/Users/vika/Projects/classifier_rotation/data/synthetic_ru/debug_1000/synthru_0000340.jpg,/Users/vika/Projects/classifier_rotation/data/synthetic_ru/debug_1000/synthru_0000340.jpg,1037,20,51.85,диагональ квартира поколение планшет заказ пишите boxberry квартира дорого клавиатура переулок,ofont.ru_Arteks.ttf,ru_en_mixed,True,0
synthru_0000341,synthetic_ru,synthru_0000341,/Users/vika/Projects/classifier_rotation/data/synthetic_ru/debug_1000/synthru_0000341.jpg,/Users/vika/Projects/classifier_rotation/data/synthetic_ru/debug_1000/synthru_0000341.jpg,1055,103,10.242718446601941,Huawei ноутбук установка 1595,ofont.ru_Hirro Sans.ttf,ru_en_mixed,True,0
synthru_0000342,synthetic_ru,synthru_0000342,/Users/vika/Projects/classifier_rotation/data/synthetic_ru/debug_1000/synthru_0000342.jpg,/Users/vika/Projects/classifier_rotation/data/synthetic_ru/debug_1000/synthru_0000342.jpg,691,153,4.516339869281046,Samsung Lite 65,ofont.ru_Downtown.ttf,ru_en_mixed,True,0
synthru_0000343,synthetic_ru,synthru_0000343,/Users/vika/Projects/classifier_rotation/data/synthetic_ru/debug_1000/synthru_0000343.jpg,/Users/vika/Projects/classifier_rotation/data/synthetic_ru/debug_1000/synthru_0000343.jpg,88,32,2.75,Hp чехол 6261,ofont.ru_Departura.ttf,ru_en_mixed,True,0
synthru_0000344,synthetic_ru,synthru_0000344,/Users/vika/Projects/classifier_rotation/data/synthetic_ru/debug_1000/synthru_0000344.jpg,/Users/vika/Projects/classifier_rotation/data/synthetic_ru/debug_1000/synthru_0000344.jpg,198,48,4.125,5 428,ofont.ru_ArbatDi.ttf,ru_en_mixed,True,0
synthru_0000345,synthetic_ru,synthru_0000345,/Users/vika/Projects/classifier_rotation/data/synthetic_ru/debug_1000/synthru_0000345.jpg,/Users/vika/Projects/classifier_rotation/data/synthetic_ru/debug_1000/synthru_0000345.jpg,213,20,10.65,монтаж двигатель партия бонус,ofont.ru_Arteks.ttf,ru_en_mixed,True,0
synthru_0000346,synthetic_ru,synthru_0000346,/Users/vika/Projects/classifier_rotation/data/synthetic_ru/debug_1000/synthru_0000346.jpg,/Users/vika/Projects/classifier_rotation/data/synthetic_ru/debug_1000/synthru_0000346.jpg,459,40,11.475,46,ofont.ru_Arteks.ttf,ru_en_mixed,True,0
synthru_0000347,synthetic_ru,synthru_0000347,/Users/vika/Projects/classifier_rotation/data/synthetic_ru/debug_1000/synthru_0000347.jpg,/Users/vika/Projects/classifier_rotation/data/synthetic_ru/debug_1000/synthru_0000347.jpg,254,33,7.696969696969697,premium offer premium,ofont.ru_DlgGeo.ttf,ru_en_mixed,True,0
synthru_0000348,synthetic_ru,synthru_0000348,/Users/vika/Projects/classifier_rotation/data/synthetic_ru/debug_1000/synthru_0000348.jpg,/Users/vika/Projects/classifier_rotation/data/synthetic_ru/debug_1000/synthru_0000348.jpg,601,21,28.61904761904762,оригинал новое установка вещь автомобиль оперативно,ofont.ru_PF Monumenta Pro.ttf,ru_en_mixed,True,0
synthru_0000349,synthetic_ru,synthru_0000349,/Users/vika/Projects/classifier_rotation/data/synthetic_ru/debug_1000/synthru_0000349.jpg,/Users/vika/Projects/classifier_rotation/data/synthetic_ru/debug_1000/synthru_0000349.jpg,154,20,7.7,telegram дефект сегодня,ofont.ru_Rubik Vinyl.ttf,ru_en_mixed,True,0
synthru_0000350,synthetic_ru,synthru_0000350,/Users/vika/Projects/classifier_rotation/data/synthetic_ru/debug_1000/synthru_0000350.jpg,/Users/vika/Projects/classifier_rotation/data/synthetic_ru/debug_1000/synthru_0000350.jpg,325,24,13.541666666666666,+7 (931) 794-87-63,ofont.ru_Veles.ttf,ru_en_mixed,True,0
synthru_0000351,synthetic_ru,synthru_0000351,/Users/vika/Projects/classifier_rotation/data/synthetic_ru/debug_1000/synthru_0000351.jpg,/Users/vika/Projects/classifier_rotation/data/synthetic_ru/debug_1000/synthru_0000351.jpg,268,25,10.72,Samsung монтаж набор 4684,ofont.ru_Zekton.ttf,ru_en_mixed,True,0
synthru_0000352,synthetic_ru,synthru_0000352,/Users/vika/Projects/classifier_rotation/data/synthetic_ru/debug_1000/synthru_0000352.jpg,/Users/vika/Projects/classifier_rotation/data/synthetic_ru/debug_1000/synthru_0000352.jpg,263,29,9.068965517241379,+7 (995) 453-41-94,ofont.ru_normal font.ttf,ru_en_mixed,True,0
synthru_0000353,synthetic_ru,synthru_0000353,/Users/vika/Projects/classifier_rotation/data/synthetic_ru/debug_1000/synthru_0000353.jpg,/Users/vika/Projects/classifier_rotation/data/synthetic_ru/debug_1000/synthru_0000353.jpg,609,25,24.36,выгодно настройка адаптер бу самовывоз доставка дорого мышь доставка скидка отправка найму,ofont.ru_normal font.ttf,ru_en_mixed,True,0
synthru_0000354,synthetic_ru,synthru_0000354,/Users/vika/Projects/classifier_rotation/data/synthetic_ru/debug_1000/synthru_0000354.jpg,/Users/vika/Projects/classifier_rotation/data/synthetic_ru/debug_1000/synthru_0000354.jpg,542,28,19.357142857142858,дешево ремонт telegram размеры работа куплю адаптер выгодно высота,ofont.ru_Playfair Display.ttf,ru_en_mixed,True,0
synthru_0000355,synthetic_ru,synthru_0000355,/Users/vika/Projects/classifier_rotation/data/synthetic_ru/debug_1000/synthru_0000355.jpg,/Users/vika/Projects/classifier_rotation/data/synthetic_ru/debug_1000/synthru_0000355.jpg,609,28,21.75,цвета boxberry торг кузов сегодня качественно спрашивайте бу,ofont.ru_Zekton.ttf,ru_en_mixed,True,0
synthru_0000356,synthetic_ru,synthru_0000356,/Users/vika/Projects/classifier_rotation/data/synthetic_ru/debug_1000/synthru_0000356.jpg,/Users/vika/Projects/classifier_rotation/data/synthetic_ru/debug_1000/synthru_0000356.jpg,2835,108,26.25,available service discount phone limited shop delivery address shop limited special,ofont.ru_FloraC.ttf,ru_en_mixed,True,0
synthru_0000357,synthetic_ru,synthru_0000357,/Users/vika/Projects/classifier_rotation/data/synthetic_ru/debug_1000/synthru_0000357.jpg,/Users/vika/Projects/classifier_rotation/data/synthetic_ru/debug_1000/synthru_0000357.jpg,297,20,14.85,delivery special model address available store shop service new service new,ofont.ru_Departura.ttf,ru_en_mixed,True,0
synthru_0000358,synthetic_ru,synthru_0000358,/Users/vika/Projects/classifier_rotation/data/synthetic_ru/debug_1000/synthru_0000358.jpg,/Users/vika/Projects/classifier_rotation/data/synthetic_ru/debug_1000/synthru_0000358.jpg,383,20,19.15,"ул. Пушкина, 86, кв. 50",ofont.ru_DlgGeo.ttf,ru_en_mixed,True,0
synthru_0000359,synthetic_ru,synthru_0000359,/Users/vika/Projects/classifier_rotation/data/synthetic_ru/debug_1000/synthru_0000359.jpg,/Users/vika/Projects/classifier_rotation/data/synthetic_ru/debug_1000/synthru_0000359.jpg,881,36,24.47222222222222,требуется комплект установка завтра монитор уточняйте дешево колонка розница,ofont.ru_Ethna.ttf,ru_en_mixed,True,0
synthru_0000360,synthetic_ru,synthru_0000360,/Users/vika/Projects/classifier_rotation/data/synthetic_ru/debug_1000/synthru_0000360.jpg,/Users/vika/Projects/classifier_rotation/data/synthetic_ru/debug_1000/synthru_0000360.jpg,654,31,21.096774193548388,смартфон оригинал розница поддержка улица смартфон,ofont.ru_Rubik Vinyl.ttf,ru_en_mixed,True,0
synthru_0000361,synthetic_ru,synthru_0000361,/Users/vika/Projects/classifier_rotation/data/synthetic_ru/debug_1000/synthru_0000361.jpg,/Users/vika/Projects/classifier_rotation/data/synthetic_ru/debug_1000/synthru_0000361.jpg,3541,157,22.554140127388536,discount special discount discount price shop address discount best premium,ofont.ru_Handgeschrieben.ttf,ru_en_mixed,True,0
synthru_0000362,synthetic_ru,synthru_0000362,/Users/vika/Projects/classifier_rotation/data/synthetic_ru/debug_1000/synthru_0000362.jpg,/Users/vika/Projects/classifier_rotation/data/synthetic_ru/debug_1000/synthru_0000362.jpg,130,31,4.193548387096774,машина куплю,ofont.ru_Playfair Display.ttf,ru_en_mixed,True,0
synthru_0000363,synthetic_ru,synthru_0000363,/Users/vika/Projects/classifier_rotation/data/synthetic_ru/debug_1000/synthru_0000363.jpg,/Users/vika/Projects/classifier_rotation/data/synthetic_ru/debug_1000/synthru_0000363.jpg,68,20,3.4,6 579,ofont.ru_Smooz.ttf,ru_en_mixed,True,0
synthru_0000364,synthetic_ru,synthru_0000364,/Users/vika/Projects/classifier_rotation/data/synthetic_ru/debug_1000/synthru_0000364.jpg,/Users/vika/Projects/classifier_rotation/data/synthetic_ru/debug_1000/synthru_0000364.jpg,261,32,8.15625,штука уценка работа звоните,ofont.ru_Departura.ttf,ru_en_mixed,True,0
synthru_0000365,synthetic_ru,synthru_0000365,/Users/vika/Projects/classifier_rotation/data/synthetic_ru/debug_1000/synthru_0000365.jpg,/Users/vika/Projects/classifier_rotation/data/synthetic_ru/debug_1000/synthru_0000365.jpg,452,42,10.761904761904763,качественно новое,ofont.ru_PF Monumenta Pro.ttf,ru_en_mixed,True,0
synthru_0000366,synthetic_ru,synthru_0000366,/Users/vika/Projects/classifier_rotation/data/synthetic_ru/debug_1000/synthru_0000366.jpg,/Users/vika/Projects/classifier_rotation/data/synthetic_ru/debug_1000/synthru_0000366.jpg,193,33,5.848484848484849,54 за услугу,ofont.ru_DlgGeo.ttf,ru_en_mixed,True,0
synthru_0000367,synthetic_ru,synthru_0000367,/Users/vika/Projects/classifier_rotation/data/synthetic_ru/debug_1000/synthru_0000367.jpg,/Users/vika/Projects/classifier_rotation/data/synthetic_ru/debug_1000/synthru_0000367.jpg,371,42,8.833333333333334,7 122,ofont.ru_DlgGeo.ttf,ru_en_mixed,True,0
synthru_0000368,synthetic_ru,synthru_0000368,/Users/vika/Projects/classifier_rotation/data/synthetic_ru/debug_1000/synthru_0000368.jpg,/Users/vika/Projects/classifier_rotation/data/synthetic_ru/debug_1000/synthru_0000368.jpg,863,27,31.962962962962962,вес ул пишите переулок б/у материал монитор качество,ofont.ru_PF Monumenta Pro.ttf,ru_en_mixed,True,0
synthru_0000369,synthetic_ru,synthru_0000369,/Users/vika/Projects/classifier_rotation/data/synthetic_ru/debug_1000/synthru_0000369.jpg,/Users/vika/Projects/classifier_rotation/data/synthetic_ru/debug_1000/synthru_0000369.jpg,64,20,3.2,от 76 648,ofont.ru_FloraC.ttf,ru_en_mixed,True,0
synthru_0000370,synthetic_ru,synthru_0000370,/Users/vika/Projects/classifier_rotation/data/synthetic_ru/debug_1000/synthru_0000370.jpg,/Users/vika/Projects/classifier_rotation/data/synthetic_ru/debug_1000/synthru_0000370.jpg,663,31,21.387096774193548,store premium shop quality new price store available model sale,ofont.ru_Smooz.ttf,ru_en_mixed,True,0
synthru_0000371,synthetic_ru,synthru_0000371,/Users/vika/Projects/classifier_rotation/data/synthetic_ru/debug_1000/synthru_0000371.jpg,/Users/vika/Projects/classifier_rotation/data/synthetic_ru/debug_1000/synthru_0000371.jpg,770,95,8.105263157894736,+7 (938) 581-62-53,ofont.ru_Veles.ttf,ru_en_mixed,True,0
synthru_0000372,synthetic_ru,synthru_0000372,/Users/vika/Projects/classifier_rotation/data/synthetic_ru/debug_1000/synthru_0000372.jpg,/Users/vika/Projects/classifier_rotation/data/synthetic_ru/debug_1000/synthru_0000372.jpg,75,28,2.6785714285714284,LG Lite 95,ofont.ru_FloraC.ttf,ru_en_mixed,True,0
synthru_0000373,synthetic_ru,synthru_0000373,/Users/vika/Projects/classifier_rotation/data/synthetic_ru/debug_1000/synthru_0000373.jpg,/Users/vika/Projects/classifier_rotation/data/synthetic_ru/debug_1000/synthru_0000373.jpg,250,20,12.5,Sony курьер автомобиль квартира идеальное 6087,ofont.ru_Ethna.ttf,ru_en_mixed,True,0
synthru_0000374,synthetic_ru,synthru_0000374,/Users/vika/Projects/classifier_rotation/data/synthetic_ru/debug_1000/synthru_0000374.jpg,/Users/vika/Projects/classifier_rotation/data/synthetic_ru/debug_1000/synthru_0000374.jpg,455,85,5.352941176470588,торг набор,ofont.ru_Arteks.ttf,ru_en_mixed,True,0
synthru_0000375,synthetic_ru,synthru_0000375,/Users/vika/Projects/classifier_rotation/data/synthetic_ru/debug_1000/synthru_0000375.jpg,/Users/vika/Projects/classifier_rotation/data/synthetic_ru/debug_1000/synthru_0000375.jpg,2211,60,36.85,новая проспект отличное дом заказ квартира пункт копейки отличное ширина,ofont.ru_Bookman Old Style Cyr.ttf,ru_en_mixed,True,0
synthru_0000376,synthetic_ru,synthru_0000376,/Users/vika/Projects/classifier_rotation/data/synthetic_ru/debug_1000/synthru_0000376.jpg,/Users/vika/Projects/classifier_rotation/data/synthetic_ru/debug_1000/synthru_0000376.jpg,1768,42,42.095238095238095,предзаказ недорого участок комплект отличное машина поколение проспект качество звонок установка быстро,ofont.ru_Bookman Old Style Cyr.ttf,ru_en_mixed,True,0
synthru_0000377,synthetic_ru,synthru_0000377,/Users/vika/Projects/classifier_rotation/data/synthetic_ru/debug_1000/synthru_0000377.jpg,/Users/vika/Projects/classifier_rotation/data/synthetic_ru/debug_1000/synthru_0000377.jpg,185,23,8.043478260869565,+7 (917) 226-82-72,ofont.ru_Arteks.ttf,ru_en_mixed,True,0
synthru_0000378,synthetic_ru,synthru_0000378,/Users/vika/Projects/classifier_rotation/data/synthetic_ru/debug_1000/synthru_0000378.jpg,/Users/vika/Projects/classifier_rotation/data/synthetic_ru/debug_1000/synthru_0000378.jpg,236,59,4.0,83 за штуку,ofont.ru_Hirro Sans.ttf,ru_en_mixed,True,0
synthru_0000379,synthetic_ru,synthru_0000379,/Users/vika/Projects/classifier_rotation/data/synthetic_ru/debug_1000/synthru_0000379.jpg,/Users/vika/Projects/classifier_rotation/data/synthetic_ru/debug_1000/synthru_0000379.jpg,356,20,17.8,вещь завтра гараж дорого камера б/у объем,ofont.ru_DlgGeo.ttf,ru_en_mixed,True,0
synthru_0000380,synthetic_ru,synthru_0000380,/Users/vika/Projects/classifier_rotation/data/synthetic_ru/debug_1000/synthru_0000380.jpg,/Users/vika/Projects/classifier_rotation/data/synthetic_ru/debug_1000/synthru_0000380.jpg,1961,288,6.809027777777778,набор штука размер самовывоз,ofont.ru_Veles.ttf,ru_en_mixed,True,0
synthru_0000381,synthetic_ru,synthru_0000381,/Users/vika/Projects/classifier_rotation/data/synthetic_ru/debug_1000/synthru_0000381.jpg,/Users/vika/Projects/classifier_rotation/data/synthetic_ru/debug_1000/synthru_0000381.jpg,2493,92,27.097826086956523,резерв куплю стекло дача комплект салон комната сдэк спрашивайте срочно камера,ofont.ru_PF Monumenta Pro.ttf,ru_en_mixed,True,0
synthru_0000382,synthetic_ru,synthru_0000382,/Users/vika/Projects/classifier_rotation/data/synthetic_ru/debug_1000/synthru_0000382.jpg,/Users/vika/Projects/classifier_rotation/data/synthetic_ru/debug_1000/synthru_0000382.jpg,650,42,15.476190476190476,цвета установка идеальное заказ срочно,ofont.ru_Ethna.ttf,ru_en_mixed,True,0
synthru_0000383,synthetic_ru,synthru_0000383,/Users/vika/Projects/classifier_rotation/data/synthetic_ru/debug_1000/synthru_0000383.jpg,/Users/vika/Projects/classifier_rotation/data/synthetic_ru/debug_1000/synthru_0000383.jpg,133,20,6.65,"ул. Пушкина, 30",ofont.ru_Playfair Display.ttf,ru_en_mixed,True,0
synthru_0000384,synthetic_ru,synthru_0000384,/Users/vika/Projects/classifier_rotation/data/synthetic_ru/debug_1000/synthru_0000384.jpg,/Users/vika/Projects/classifier_rotation/data/synthetic_ru/debug_1000/synthru_0000384.jpg,3873,149,25.993288590604028,ищу новая замша квартира торг копейки цвета акция объем заказ стоимость,ofont.ru_Zekton.ttf,ru_en_mixed,True,0
synthru_0000385,synthetic_ru,synthru_0000385,/Users/vika/Projects/classifier_rotation/data/synthetic_ru/debug_1000/synthru_0000385.jpg,/Users/vika/Projects/classifier_rotation/data/synthetic_ru/debug_1000/synthru_0000385.jpg,118,25,4.72,+7 (900) 524-14-11,ofont.ru_ArbatDi.ttf,ru_en_mixed,True,0
synthru_0000386,synthetic_ru,synthru_0000386,/Users/vika/Projects/classifier_rotation/data/synthetic_ru/debug_1000/synthru_0000386.jpg,/Users/vika/Projects/classifier_rotation/data/synthetic_ru/debug_1000/synthru_0000386.jpg,760,23,33.04347826086956,model available service original delivery shop available price price online model limited,ofont.ru_Handgeschrieben.ttf,ru_en_mixed,True,0
synthru_0000387,synthetic_ru,synthru_0000387,/Users/vika/Projects/classifier_rotation/data/synthetic_ru/debug_1000/synthru_0000387.jpg,/Users/vika/Projects/classifier_rotation/data/synthetic_ru/debug_1000/synthru_0000387.jpg,783,37,21.16216216216216,telegram самовывоз обслуживание уценка стекло адрес адаптер коробка руб найму машина автомобиль,ofont.ru_Departura.ttf,ru_en_mixed,True,0
synthru_0000388,synthetic_ru,synthru_0000388,/Users/vika/Projects/classifier_rotation/data/synthetic_ru/debug_1000/synthru_0000388.jpg,/Users/vika/Projects/classifier_rotation/data/synthetic_ru/debug_1000/synthru_0000388.jpg,1728,90,19.2,наличие курьер работа проспект цена куплю брак поддержка,ofont.ru_Arteks.ttf,ru_en_mixed,True,0
synthru_0000389,synthetic_ru,synthru_0000389,/Users/vika/Projects/classifier_rotation/data/synthetic_ru/debug_1000/synthru_0000389.jpg,/Users/vika/Projects/classifier_rotation/data/synthetic_ru/debug_1000/synthru_0000389.jpg,855,168,5.089285714285714,Samsung Max 8,ofont.ru_PF Monumenta Pro.ttf,ru_en_mixed,True,0
synthru_0000390,synthetic_ru,synthru_0000390,/Users/vika/Projects/classifier_rotation/data/synthetic_ru/debug_1000/synthru_0000390.jpg,/Users/vika/Projects/classifier_rotation/data/synthetic_ru/debug_1000/synthru_0000390.jpg,817,25,32.68,склад колонка качественно новая улица дом идеальное недорого колонка кожа вес дача,ofont.ru_Handgeschrieben.ttf,ru_en_mixed,True,0
synthru_0000391,synthetic_ru,synthru_0000391,/Users/vika/Projects/classifier_rotation/data/synthetic_ru/debug_1000/synthru_0000391.jpg,/Users/vika/Projects/classifier_rotation/data/synthetic_ru/debug_1000/synthru_0000391.jpg,209,36,5.805555555555555,б/у переулок,ofont.ru_Smooz.ttf,ru_en_mixed,True,0
synthru_0000392,synthetic_ru,synthru_0000392,/Users/vika/Projects/classifier_rotation/data/synthetic_ru/debug_1000/synthru_0000392.jpg,/Users/vika/Projects/classifier_rotation/data/synthetic_ru/debug_1000/synthru_0000392.jpg,2062,111,18.576576576576578,гараж ремонт новая тысяч участок телеграм,ofont.ru_Bookman Old Style Cyr.ttf,ru_en_mixed,True,0
synthru_0000393,synthetic_ru,synthru_0000393,/Users/vika/Projects/classifier_rotation/data/synthetic_ru/debug_1000/synthru_0000393.jpg,/Users/vika/Projects/classifier_rotation/data/synthetic_ru/debug_1000/synthru_0000393.jpg,719,357,2.0140056022408963,пробег пункт,ofont.ru_ArbatDi.ttf,ru_en_mixed,True,0
synthru_0000394,synthetic_ru,synthru_0000394,/Users/vika/Projects/classifier_rotation/data/synthetic_ru/debug_1000/synthru_0000394.jpg,/Users/vika/Projects/classifier_rotation/data/synthetic_ru/debug_1000/synthru_0000394.jpg,249,38,6.552631578947368,Adidas Помощь 5132,ofont.ru_Veles.ttf,ru_en_mixed,True,0
synthru_0000395,synthetic_ru,synthru_0000395,/Users/vika/Projects/classifier_rotation/data/synthetic_ru/debug_1000/synthru_0000395.jpg,/Users/vika/Projects/classifier_rotation/data/synthetic_ru/debug_1000/synthru_0000395.jpg,298,20,14.9,Hp дом Настройка продам 861,ofont.ru_PF Monumenta Pro.ttf,ru_en_mixed,True,0
synthru_0000396,synthetic_ru,synthru_0000396,/Users/vika/Projects/classifier_rotation/data/synthetic_ru/debug_1000/synthru_0000396.jpg,/Users/vika/Projects/classifier_rotation/data/synthetic_ru/debug_1000/synthru_0000396.jpg,1303,243,5.362139917695473,"ул. Пушкина, 198, корп. 5",ofont.ru_Hirro Sans.ttf,ru_en_mixed,True,0
synthru_0000397,synthetic_ru,synthru_0000397,/Users/vika/Projects/classifier_rotation/data/synthetic_ru/debug_1000/synthru_0000397.jpg,/Users/vika/Projects/classifier_rotation/data/synthetic_ru/debug_1000/synthru_0000397.jpg,2106,183,11.508196721311476,переулок кабель гарантия курьер срочно,ofont.ru_Veles.ttf,ru_en_mixed,True,0
synthru_0000398,synthetic_ru,synthru_0000398,/Users/vika/Projects/classifier_rotation/data/synthetic_ru/debug_1000/synthru_0000398.jpg,/Users/vika/Projects/classifier_rotation/data/synthetic_ru/debug_1000/synthru_0000398.jpg,127,24,5.291666666666667,камера торг whatsapp,ofont.ru_Downtown.ttf,ru_en_mixed,True,0
synthru_0000399,synthetic_ru,synthru_0000399,/Users/vika/Projects/classifier_rotation/data/synthetic_ru/debug_1000/synthru_0000399.jpg,/Users/vika/Projects/classifier_rotation/data/synthetic_ru/debug_1000/synthru_0000399.jpg,380,31,12.258064516129032,Adidas доставка размер 9733,ofont.ru_Arteks.ttf,ru_en_mixed,True,0
synthru_0000400,synthetic_ru,synthru_0000400,/Users/vika/Projects/classifier_rotation/data/synthetic_ru/debug_1000/synthru_0000400.jpg,/Users/vika/Projects/classifier_rotation/data/synthetic_ru/debug_1000/synthru_0000400.jpg,1420,90,15.777777777777779,поколение дефект дешево автомобиль планшет копейки,ofont.ru_ArbatDi.ttf,ru_en_mixed,True,0
synthru_0000401,synthetic_ru,synthru_0000401,/Users/vika/Projects/classifier_rotation/data/synthetic_ru/debug_1000/synthru_0000401.jpg,/Users/vika/Projects/classifier_rotation/data/synthetic_ru/debug_1000/synthru_0000401.jpg,110,20,5.5,delivery discount,ofont.ru_Bookman Old Style Cyr.ttf,ru_en_mixed,True,0
synthru_0000402,synthetic_ru,synthru_0000402,/Users/vika/Projects/classifier_rotation/data/synthetic_ru/debug_1000/synthru_0000402.jpg,/Users/vika/Projects/classifier_rotation/data/synthetic_ru/debug_1000/synthru_0000402.jpg,176,24,7.333333333333333,97,ofont.ru_PF Monumenta Pro.ttf,ru_en_mixed,True,0
synthru_0000403,synthetic_ru,synthru_0000403,/Users/vika/Projects/classifier_rotation/data/synthetic_ru/debug_1000/synthru_0000403.jpg,/Users/vika/Projects/classifier_rotation/data/synthetic_ru/debug_1000/synthru_0000403.jpg,98,29,3.3793103448275863,от 91 700,ofont.ru_Bookman Old Style Cyr.ttf,ru_en_mixed,True,0
synthru_0000404,synthetic_ru,synthru_0000404,/Users/vika/Projects/classifier_rotation/data/synthetic_ru/debug_1000/synthru_0000404.jpg,/Users/vika/Projects/classifier_rotation/data/synthetic_ru/debug_1000/synthru_0000404.jpg,334,25,13.36,монтаж ноутбук,ofont.ru_Departura.ttf,ru_en_mixed,True,0
synthru_0000405,synthetic_ru,synthru_0000405,/Users/vika/Projects/classifier_rotation/data/synthetic_ru/debug_1000/synthru_0000405.jpg,/Users/vika/Projects/classifier_rotation/data/synthetic_ru/debug_1000/synthru_0000405.jpg,1012,72,14.055555555555555,продаю оптом тысяч дача товар отправка,ofont.ru_Smooz.ttf,ru_en_mixed,True,0
synthru_0000406,synthetic_ru,synthru_0000406,/Users/vika/Projects/classifier_rotation/data/synthetic_ru/debug_1000/synthru_0000406.jpg,/Users/vika/Projects/classifier_rotation/data/synthetic_ru/debug_1000/synthru_0000406.jpg,1402,91,15.406593406593407,shop offer model model premium special premium,ofont.ru_Hirro Sans.ttf,ru_en_mixed,True,0
synthru_0000407,synthetic_ru,synthru_0000407,/Users/vika/Projects/classifier_rotation/data/synthetic_ru/debug_1000/synthru_0000407.jpg,/Users/vika/Projects/classifier_rotation/data/synthetic_ru/debug_1000/synthru_0000407.jpg,712,31,22.967741935483872,замша курьер найму наушники ширина материал цвета размеры даром помощь,ofont.ru_Smooz.ttf,ru_en_mixed,True,0
synthru_0000408,synthetic_ru,synthru_0000408,/Users/vika/Projects/classifier_rotation/data/synthetic_ru/debug_1000/synthru_0000408.jpg,/Users/vika/Projects/classifier_rotation/data/synthetic_ru/debug_1000/synthru_0000408.jpg,192,32,6.0,new discount,ofont.ru_Departura.ttf,ru_en_mixed,True,0
synthru_0000409,synthetic_ru,synthru_0000409,/Users/vika/Projects/classifier_rotation/data/synthetic_ru/debug_1000/synthru_0000409.jpg,/Users/vika/Projects/classifier_rotation/data/synthetic_ru/debug_1000/synthru_0000409.jpg,2186,255,8.572549019607843,колонка найму проспект машина дешево вещь,ofont.ru_DlgGeo.ttf,ru_en_mixed,True,0
synthru_0000410,synthetic_ru,synthru_0000410,/Users/vika/Projects/classifier_rotation/data/synthetic_ru/debug_1000/synthru_0000410.jpg,/Users/vika/Projects/classifier_rotation/data/synthetic_ru/debug_1000/synthru_0000410.jpg,894,63,14.19047619047619,Toyota выдачи Комната кожа автомобиль 3028,ofont.ru_Zekton.ttf,ru_en_mixed,True,0
synthru_0000411,synthetic_ru,synthru_0000411,/Users/vika/Projects/classifier_rotation/data/synthetic_ru/debug_1000/synthru_0000411.jpg,/Users/vika/Projects/classifier_rotation/data/synthetic_ru/debug_1000/synthru_0000411.jpg,1550,353,4.390934844192635,7 382,ofont.ru_Veles.ttf,ru_en_mixed,True,0
synthru_0000412,synthetic_ru,synthru_0000412,/Users/vika/Projects/classifier_rotation/data/synthetic_ru/debug_1000/synthru_0000412.jpg,/Users/vika/Projects/classifier_rotation/data/synthetic_ru/debug_1000/synthru_0000412.jpg,377,38,9.921052631578947,discount limited original model,ofont.ru_Zekton.ttf,ru_en_mixed,True,0
synthru_0000413,synthetic_ru,synthru_0000413,/Users/vika/Projects/classifier_rotation/data/synthetic_ru/debug_1000/synthru_0000413.jpg,/Users/vika/Projects/classifier_rotation/data/synthetic_ru/debug_1000/synthru_0000413.jpg,1023,162,6.314814814814815,7 905 за комплект,ofont.ru_Rubik Vinyl.ttf,ru_en_mixed,True,0
synthru_0000414,synthetic_ru,synthru_0000414,/Users/vika/Projects/classifier_rotation/data/synthetic_ru/debug_1000/synthru_0000414.jpg,/Users/vika/Projects/classifier_rotation/data/synthetic_ru/debug_1000/synthru_0000414.jpg,540,23,23.47826086956522,503.99 за комплект,ofont.ru_Smooz.ttf,ru_en_mixed,True,0
synthru_0000415,synthetic_ru,synthru_0000415,/Users/vika/Projects/classifier_rotation/data/synthetic_ru/debug_1000/synthru_0000415.jpg,/Users/vika/Projects/classifier_rotation/data/synthetic_ru/debug_1000/synthru_0000415.jpg,223,55,4.054545454545455,848.99,ofont.ru_DlgGeo.ttf,ru_en_mixed,True,0
synthru_0000416,synthetic_ru,synthru_0000416,/Users/vika/Projects/classifier_rotation/data/synthetic_ru/debug_1000/synthru_0000416.jpg,/Users/vika/Projects/classifier_rotation/data/synthetic_ru/debug_1000/synthru_0000416.jpg,368,41,8.975609756097562,штука звонок быстро комплект монтаж пункт ищу,ofont.ru_normal font.ttf,ru_en_mixed,True,0
synthru_0000417,synthetic_ru,synthru_0000417,/Users/vika/Projects/classifier_rotation/data/synthetic_ru/debug_1000/synthru_0000417.jpg,/Users/vika/Projects/classifier_rotation/data/synthetic_ru/debug_1000/synthru_0000417.jpg,519,112,4.633928571428571,Nike торг 1195,ofont.ru_Arteks.ttf,ru_en_mixed,True,0
synthru_0000418,synthetic_ru,synthru_0000418,/Users/vika/Projects/classifier_rotation/data/synthetic_ru/debug_1000/synthru_0000418.jpg,/Users/vika/Projects/classifier_rotation/data/synthetic_ru/debug_1000/synthru_0000418.jpg,150,30,5.0,HONOR ищу 432,ofont.ru_Ethna.ttf,ru_en_mixed,True,0
synthru_0000419,synthetic_ru,synthru_0000419,/Users/vika/Projects/classifier_rotation/data/synthetic_ru/debug_1000/synthru_0000419.jpg,/Users/vika/Projects/classifier_rotation/data/synthetic_ru/debug_1000/synthru_0000419.jpg,2984,107,27.88785046728972,кожа продукт распродажа дом акция объектив телеграм,ofont.ru_Arteks.ttf,ru_en_mixed,True,0
synthru_0000420,synthetic_ru,synthru_0000420,/Users/vika/Projects/classifier_rotation/data/synthetic_ru/debug_1000/synthru_0000420.jpg,/Users/vika/Projects/classifier_rotation/data/synthetic_ru/debug_1000/synthru_0000420.jpg,121,20,6.05,62 за комплект,ofont.ru_Zekton.ttf,ru_en_mixed,True,0
synthru_0000421,synthetic_ru,synthru_0000421,/Users/vika/Projects/classifier_rotation/data/synthetic_ru/debug_1000/synthru_0000421.jpg,/Users/vika/Projects/classifier_rotation/data/synthetic_ru/debug_1000/synthru_0000421.jpg,913,73,12.506849315068493,работа магазин сервис отправка консультация,ofont.ru_Departura.ttf,ru_en_mixed,True,0
synthru_0000422,synthetic_ru,synthru_0000422,/Users/vika/Projects/classifier_rotation/data/synthetic_ru/debug_1000/synthru_0000422.jpg,/Users/vika/Projects/classifier_rotation/data/synthetic_ru/debug_1000/synthru_0000422.jpg,4462,120,37.18333333333333,предзаказ обменяю заказ замша акция заказ коробка обслуживание коробка торг кабель,ofont.ru_ArbatDi.ttf,ru_en_mixed,True,0
synthru_0000423,synthetic_ru,synthru_0000423,/Users/vika/Projects/classifier_rotation/data/synthetic_ru/debug_1000/synthru_0000423.jpg,/Users/vika/Projects/classifier_rotation/data/synthetic_ru/debug_1000/synthru_0000423.jpg,315,29,10.862068965517242,Lg цвета Колонка адаптер Подарок 6248,ofont.ru_Handgeschrieben.ttf,ru_en_mixed,True,0
synthru_0000424,synthetic_ru,synthru_0000424,/Users/vika/Projects/classifier_rotation/data/synthetic_ru/debug_1000/synthru_0000424.jpg,/Users/vika/Projects/classifier_rotation/data/synthetic_ru/debug_1000/synthru_0000424.jpg,177,39,4.538461538461538,service phone,ofont.ru_Playfair Display.ttf,ru_en_mixed,True,0
synthru_0000425,synthetic_ru,synthru_0000425,/Users/vika/Projects/classifier_rotation/data/synthetic_ru/debug_1000/synthru_0000425.jpg,/Users/vika/Projects/classifier_rotation/data/synthetic_ru/debug_1000/synthru_0000425.jpg,198,22,9.0,качество студия товар б/у,ofont.ru_Arteks.ttf,ru_en_mixed,True,0
synthru_0000426,synthetic_ru,synthru_0000426,/Users/vika/Projects/classifier_rotation/data/synthetic_ru/debug_1000/synthru_0000426.jpg,/Users/vika/Projects/classifier_rotation/data/synthetic_ru/debug_1000/synthru_0000426.jpg,369,120,3.075,334.99,ofont.ru_Smooz.ttf,ru_en_mixed,True,0
synthru_0000427,synthetic_ru,synthru_0000427,/Users/vika/Projects/classifier_rotation/data/synthetic_ru/debug_1000/synthru_0000427.jpg,/Users/vika/Projects/classifier_rotation/data/synthetic_ru/debug_1000/synthru_0000427.jpg,1413,64,22.078125,проспект производство стекло производство квартира,ofont.ru_Playfair Display.ttf,ru_en_mixed,True,0
synthru_0000428,synthetic_ru,synthru_0000428,/Users/vika/Projects/classifier_rotation/data/synthetic_ru/debug_1000/synthru_0000428.jpg,/Users/vika/Projects/classifier_rotation/data/synthetic_ru/debug_1000/synthru_0000428.jpg,156,31,5.032258064516129,200.99,ofont.ru_PF Monumenta Pro.ttf,ru_en_mixed,True,0
synthru_0000429,synthetic_ru,synthru_0000429,/Users/vika/Projects/classifier_rotation/data/synthetic_ru/debug_1000/synthru_0000429.jpg,/Users/vika/Projects/classifier_rotation/data/synthetic_ru/debug_1000/synthru_0000429.jpg,388,21,18.476190476190474,shop quality store premium shop premium offer offer,ofont.ru_Handgeschrieben.ttf,ru_en_mixed,True,0
synthru_0000430,synthetic_ru,synthru_0000430,/Users/vika/Projects/classifier_rotation/data/synthetic_ru/debug_1000/synthru_0000430.jpg,/Users/vika/Projects/classifier_rotation/data/synthetic_ru/debug_1000/synthru_0000430.jpg,935,138,6.77536231884058,Xiaomi офис 393,ofont.ru_Bookman Old Style Cyr.ttf,ru_en_mixed,True,0
synthru_0000431,synthetic_ru,synthru_0000431,/Users/vika/Projects/classifier_rotation/data/synthetic_ru/debug_1000/synthru_0000431.jpg,/Users/vika/Projects/classifier_rotation/data/synthetic_ru/debug_1000/synthru_0000431.jpg,198,42,4.714285714285714,ДЧ1Я1,ofont.ru_Smooz.ttf,ru_en_mixed,True,0
synthru_0000432,synthetic_ru,synthru_0000432,/Users/vika/Projects/classifier_rotation/data/synthetic_ru/debug_1000/synthru_0000432.jpg,/Users/vika/Projects/classifier_rotation/data/synthetic_ru/debug_1000/synthru_0000432.jpg,323,40,8.075,распродажа версия розница,ofont.ru_normal font.ttf,ru_en_mixed,True,0
synthru_0000433,synthetic_ru,synthru_0000433,/Users/vika/Projects/classifier_rotation/data/synthetic_ru/debug_1000/synthru_0000433.jpg,/Users/vika/Projects/classifier_rotation/data/synthetic_ru/debug_1000/synthru_0000433.jpg,1917,210,9.128571428571428,модель акция дефект срочно подарок участок,ofont.ru_Departura.ttf,ru_en_mixed,True,0
synthru_0000434,synthetic_ru,synthru_0000434,/Users/vika/Projects/classifier_rotation/data/synthetic_ru/debug_1000/synthru_0000434.jpg,/Users/vika/Projects/classifier_rotation/data/synthetic_ru/debug_1000/synthru_0000434.jpg,1038,32,32.4375,address quality discount price available quality service service discount,ofont.ru_DlgGeo.ttf,ru_en_mixed,True,0
synthru_0000435,synthetic_ru,synthru_0000435,/Users/vika/Projects/classifier_rotation/data/synthetic_ru/debug_1000/synthru_0000435.jpg,/Users/vika/Projects/classifier_rotation/data/synthetic_ru/debug_1000/synthru_0000435.jpg,213,32,6.65625,Apple Plus 17,ofont.ru_normal font.ttf,ru_en_mixed,True,0
synthru_0000436,synthetic_ru,synthru_0000436,/Users/vika/Projects/classifier_rotation/data/synthetic_ru/debug_1000/synthru_0000436.jpg,/Users/vika/Projects/classifier_rotation/data/synthetic_ru/debug_1000/synthru_0000436.jpg,159,20,7.95,HUAWEI дешево звонок 8460,ofont.ru_Ethna.ttf,ru_en_mixed,True,0
synthru_0000437,synthetic_ru,synthru_0000437,/Users/vika/Projects/classifier_rotation/data/synthetic_ru/debug_1000/synthru_0000437.jpg,/Users/vika/Projects/classifier_rotation/data/synthetic_ru/debug_1000/synthru_0000437.jpg,218,44,4.954545454545454,Lenovo Max 42,ofont.ru_Zekton.ttf,ru_en_mixed,True,0
synthru_0000438,synthetic_ru,synthru_0000438,/Users/vika/Projects/classifier_rotation/data/synthetic_ru/debug_1000/synthru_0000438.jpg,/Users/vika/Projects/classifier_rotation/data/synthetic_ru/debug_1000/synthru_0000438.jpg,232,20,11.6,планшет чехол модель проспект версия размеры торг доставка,ofont.ru_normal font.ttf,ru_en_mixed,True,0
synthru_0000439,synthetic_ru,synthru_0000439,/Users/vika/Projects/classifier_rotation/data/synthetic_ru/debug_1000/synthru_0000439.jpg,/Users/vika/Projects/classifier_rotation/data/synthetic_ru/debug_1000/synthru_0000439.jpg,3396,147,23.102040816326532,скидка звонок обслуживание стекло новое быстро участок оригинал,ofont.ru_ArbatDi.ttf,ru_en_mixed,True,0
synthru_0000440,synthetic_ru,synthru_0000440,/Users/vika/Projects/classifier_rotation/data/synthetic_ru/debug_1000/synthru_0000440.jpg,/Users/vika/Projects/classifier_rotation/data/synthetic_ru/debug_1000/synthru_0000440.jpg,719,80,8.9875,работа boxberry дорого клавиатура,ofont.ru_ArbatDi.ttf,ru_en_mixed,True,0
synthru_0000441,synthetic_ru,synthru_0000441,/Users/vika/Projects/classifier_rotation/data/synthetic_ru/debug_1000/synthru_0000441.jpg,/Users/vika/Projects/classifier_rotation/data/synthetic_ru/debug_1000/synthru_0000441.jpg,556,47,11.829787234042554,выдачи комплект год ноутбук клавиатура обменяю,ofont.ru_DlgGeo.ttf,ru_en_mixed,True,0
synthru_0000442,synthetic_ru,synthru_0000442,/Users/vika/Projects/classifier_rotation/data/synthetic_ru/debug_1000/synthru_0000442.jpg,/Users/vika/Projects/classifier_rotation/data/synthetic_ru/debug_1000/synthru_0000442.jpg,392,44,8.909090909090908,"ул. Гагарина, 124, кв. 274",ofont.ru_Rubik Vinyl.ttf,ru_en_mixed,True,0
synthru_0000443,synthetic_ru,synthru_0000443,/Users/vika/Projects/classifier_rotation/data/synthetic_ru/debug_1000/synthru_0000443.jpg,/Users/vika/Projects/classifier_rotation/data/synthetic_ru/debug_1000/synthru_0000443.jpg,2654,88,30.15909090909091,пишите новый дефект телефон версия выгодно реплика комната высота монитор поддержка распродажа,ofont.ru_Zekton.ttf,ru_en_mixed,True,0
synthru_0000444,synthetic_ru,synthru_0000444,/Users/vika/Projects/classifier_rotation/data/synthetic_ru/debug_1000/synthru_0000444.jpg,/Users/vika/Projects/classifier_rotation/data/synthetic_ru/debug_1000/synthru_0000444.jpg,1277,102,12.519607843137255,"ул. Советская, 83, кв. 248",ofont.ru_Bookman Old Style Cyr.ttf,ru_en_mixed,True,0
synthru_0000445,synthetic_ru,synthru_0000445,/Users/vika/Projects/classifier_rotation/data/synthetic_ru/debug_1000/synthru_0000445.jpg,/Users/vika/Projects/classifier_rotation/data/synthetic_ru/debug_1000/synthru_0000445.jpg,97,20,4.85,96 за услугу,ofont.ru_Hirro Sans.ttf,ru_en_mixed,True,0
synthru_0000446,synthetic_ru,synthru_0000446,/Users/vika/Projects/classifier_rotation/data/synthetic_ru/debug_1000/synthru_0000446.jpg,/Users/vika/Projects/classifier_rotation/data/synthetic_ru/debug_1000/synthru_0000446.jpg,71,20,3.55,KIA Max 26,ofont.ru_normal font.ttf,ru_en_mixed,True,0
synthru_0000447,synthetic_ru,synthru_0000447,/Users/vika/Projects/classifier_rotation/data/synthetic_ru/debug_1000/synthru_0000447.jpg,/Users/vika/Projects/classifier_rotation/data/synthetic_ru/debug_1000/synthru_0000447.jpg,637,26,24.5,автомобиль телеграм завтра продаю стоимость копейки работа,ofont.ru_Smooz.ttf,ru_en_mixed,True,0
synthru_0000448,synthetic_ru,synthru_0000448,/Users/vika/Projects/classifier_rotation/data/synthetic_ru/debug_1000/synthru_0000448.jpg,/Users/vika/Projects/classifier_rotation/data/synthetic_ru/debug_1000/synthru_0000448.jpg,305,20,15.25,дом адаптер boxberry чехол дом руб проспект звонок салон высота,ofont.ru_Downtown.ttf,ru_en_mixed,True,0
synthru_0000449,synthetic_ru,synthru_0000449,/Users/vika/Projects/classifier_rotation/data/synthetic_ru/debug_1000/synthru_0000449.jpg,/Users/vika/Projects/classifier_rotation/data/synthetic_ru/debug_1000/synthru_0000449.jpg,1163,332,3.503012048192771,от 52 043,ofont.ru_Zekton.ttf,ru_en_mixed,True,0
synthru_0000450,synthetic_ru,synthru_0000450,/Users/vika/Projects/classifier_rotation/data/synthetic_ru/debug_1000/synthru_0000450.jpg,/Users/vika/Projects/classifier_rotation/data/synthetic_ru/debug_1000/synthru_0000450.jpg,201,30,6.7,Toyota Lite 27,ofont.ru_ArbatDi.ttf,ru_en_mixed,True,0
synthru_0000451,synthetic_ru,synthru_0000451,/Users/vika/Projects/classifier_rotation/data/synthetic_ru/debug_1000/synthru_0000451.jpg,/Users/vika/Projects/classifier_rotation/data/synthetic_ru/debug_1000/synthru_0000451.jpg,287,20,14.35,вакансия год продаю руб пробег автомобиль бронь,ofont.ru_Handgeschrieben.ttf,ru_en_mixed,True,0
synthru_0000452,synthetic_ru,synthru_0000452,/Users/vika/Projects/classifier_rotation/data/synthetic_ru/debug_1000/synthru_0000452.jpg,/Users/vika/Projects/classifier_rotation/data/synthetic_ru/debug_1000/synthru_0000452.jpg,125,20,6.25,Xiaomi Pro 58,ofont.ru_Departura.ttf,ru_en_mixed,True,0
synthru_0000453,synthetic_ru,synthru_0000453,/Users/vika/Projects/classifier_rotation/data/synthetic_ru/debug_1000/synthru_0000453.jpg,/Users/vika/Projects/classifier_rotation/data/synthetic_ru/debug_1000/synthru_0000453.jpg,1059,42,25.214285714285715,размер офис салон вещь корпус год клавиатура набор замша руб дешево год,ofont.ru_Downtown.ttf,ru_en_mixed,True,0
synthru_0000454,synthetic_ru,synthru_0000454,/Users/vika/Projects/classifier_rotation/data/synthetic_ru/debug_1000/synthru_0000454.jpg,/Users/vika/Projects/classifier_rotation/data/synthetic_ru/debug_1000/synthru_0000454.jpg,610,98,6.224489795918367,Hp скидка 6137,ofont.ru_Hirro Sans.ttf,ru_en_mixed,True,0
synthru_0000455,synthetic_ru,synthru_0000455,/Users/vika/Projects/classifier_rotation/data/synthetic_ru/debug_1000/synthru_0000455.jpg,/Users/vika/Projects/classifier_rotation/data/synthetic_ru/debug_1000/synthru_0000455.jpg,608,124,4.903225806451613,Xiaomi Lite 38,ofont.ru_Veles.ttf,ru_en_mixed,True,0
synthru_0000456,synthetic_ru,synthru_0000456,/Users/vika/Projects/classifier_rotation/data/synthetic_ru/debug_1000/synthru_0000456.jpg,/Users/vika/Projects/classifier_rotation/data/synthetic_ru/debug_1000/synthru_0000456.jpg,1765,74,23.85135135135135,консультация камера рублей гарантия дорого скидка подарок требуется гарантия авто,ofont.ru_Zekton.ttf,ru_en_mixed,True,0
synthru_0000457,synthetic_ru,synthru_0000457,/Users/vika/Projects/classifier_rotation/data/synthetic_ru/debug_1000/synthru_0000457.jpg,/Users/vika/Projects/classifier_rotation/data/synthetic_ru/debug_1000/synthru_0000457.jpg,3094,140,22.1,отправка ширина цены обменяю переулок объем монтаж,ofont.ru_Smooz.ttf,ru_en_mixed,True,0
synthru_0000458,synthetic_ru,synthru_0000458,/Users/vika/Projects/classifier_rotation/data/synthetic_ru/debug_1000/synthru_0000458.jpg,/Users/vika/Projects/classifier_rotation/data/synthetic_ru/debug_1000/synthru_0000458.jpg,311,47,6.617021276595745,8 491,ofont.ru_DlgGeo.ttf,ru_en_mixed,True,0
synthru_0000459,synthetic_ru,synthru_0000459,/Users/vika/Projects/classifier_rotation/data/synthetic_ru/debug_1000/synthru_0000459.jpg,/Users/vika/Projects/classifier_rotation/data/synthetic_ru/debug_1000/synthru_0000459.jpg,745,89,8.370786516853933,delivery online limited sale delivery,ofont.ru_Departura.ttf,ru_en_mixed,True,0
synthru_0000460,synthetic_ru,synthru_0000460,/Users/vika/Projects/classifier_rotation/data/synthetic_ru/debug_1000/synthru_0000460.jpg,/Users/vika/Projects/classifier_rotation/data/synthetic_ru/debug_1000/synthru_0000460.jpg,1051,150,7.006666666666667,69 за комплект,ofont.ru_FloraC.ttf,ru_en_mixed,True,0
synthru_0000461,synthetic_ru,synthru_0000461,/Users/vika/Projects/classifier_rotation/data/synthetic_ru/debug_1000/synthru_0000461.jpg,/Users/vika/Projects/classifier_rotation/data/synthetic_ru/debug_1000/synthru_0000461.jpg,1009,40,25.225,корпус торг качественно цвета идеальное диски офис ширина набор телефон новая выдачи,ofont.ru_ArbatDi.ttf,ru_en_mixed,True,0
synthru_0000462,synthetic_ru,synthru_0000462,/Users/vika/Projects/classifier_rotation/data/synthetic_ru/debug_1000/synthru_0000462.jpg,/Users/vika/Projects/classifier_rotation/data/synthetic_ru/debug_1000/synthru_0000462.jpg,1362,104,13.096153846153847,865.99 за комплект,ofont.ru_Smooz.ttf,ru_en_mixed,True,0
synthru_0000463,synthetic_ru,synthru_0000463,/Users/vika/Projects/classifier_rotation/data/synthetic_ru/debug_1000/synthru_0000463.jpg,/Users/vika/Projects/classifier_rotation/data/synthetic_ru/debug_1000/synthru_0000463.jpg,1172,157,7.464968152866242,special offer,ofont.ru_Handgeschrieben.ttf,ru_en_mixed,True,0
synthru_0000464,synthetic_ru,synthru_0000464,/Users/vika/Projects/classifier_rotation/data/synthetic_ru/debug_1000/synthru_0000464.jpg,/Users/vika/Projects/classifier_rotation/data/synthetic_ru/debug_1000/synthru_0000464.jpg,1149,98,11.724489795918368,51 за комплект,ofont.ru_Zekton.ttf,ru_en_mixed,True,0
synthru_0000465,synthetic_ru,synthru_0000465,/Users/vika/Projects/classifier_rotation/data/synthetic_ru/debug_1000/synthru_0000465.jpg,/Users/vika/Projects/classifier_rotation/data/synthetic_ru/debug_1000/synthru_0000465.jpg,2987,90,33.18888888888889,объектив цвета обменяю сегодня бонус двигатель телеграм офис кожа б/у стоимость подарок,ofont.ru_Hirro Sans.ttf,ru_en_mixed,True,0
synthru_0000466,synthetic_ru,synthru_0000466,/Users/vika/Projects/classifier_rotation/data/synthetic_ru/debug_1000/synthru_0000466.jpg,/Users/vika/Projects/classifier_rotation/data/synthetic_ru/debug_1000/synthru_0000466.jpg,414,53,7.811320754716981,+7 (934) 105-62-36,ofont.ru_ArbatDi.ttf,ru_en_mixed,True,0
synthru_0000467,synthetic_ru,synthru_0000467,/Users/vika/Projects/classifier_rotation/data/synthetic_ru/debug_1000/synthru_0000467.jpg,/Users/vika/Projects/classifier_rotation/data/synthetic_ru/debug_1000/synthru_0000467.jpg,1398,337,4.148367952522255,от 71 469,ofont.ru_ArbatDi.ttf,ru_en_mixed,True,0
synthru_0000468,synthetic_ru,synthru_0000468,/Users/vika/Projects/classifier_rotation/data/synthetic_ru/debug_1000/synthru_0000468.jpg,/Users/vika/Projects/classifier_rotation/data/synthetic_ru/debug_1000/synthru_0000468.jpg,63,20,3.15,86.99,ofont.ru_PF Monumenta Pro.ttf,ru_en_mixed,True,0
synthru_0000469,synthetic_ru,synthru_0000469,/Users/vika/Projects/classifier_rotation/data/synthetic_ru/debug_1000/synthru_0000469.jpg,/Users/vika/Projects/classifier_rotation/data/synthetic_ru/debug_1000/synthru_0000469.jpg,560,37,15.135135135135135,дорого новое копейки телефон адаптер,ofont.ru_Rubik Vinyl.ttf,ru_en_mixed,True,0
synthru_0000470,synthetic_ru,synthru_0000470,/Users/vika/Projects/classifier_rotation/data/synthetic_ru/debug_1000/synthru_0000470.jpg,/Users/vika/Projects/classifier_rotation/data/synthetic_ru/debug_1000/synthru_0000470.jpg,576,63,9.142857142857142,бронь продам квартира кабель,ofont.ru_Downtown.ttf,ru_en_mixed,True,0
synthru_0000471,synthetic_ru,synthru_0000471,/Users/vika/Projects/classifier_rotation/data/synthetic_ru/debug_1000/synthru_0000471.jpg,/Users/vika/Projects/classifier_rotation/data/synthetic_ru/debug_1000/synthru_0000471.jpg,807,179,4.5083798882681565,22,ofont.ru_ArbatDi.ttf,ru_en_mixed,True,0
synthru_0000472,synthetic_ru,synthru_0000472,/Users/vika/Projects/classifier_rotation/data/synthetic_ru/debug_1000/synthru_0000472.jpg,/Users/vika/Projects/classifier_rotation/data/synthetic_ru/debug_1000/synthru_0000472.jpg,1346,62,21.70967741935484,замша уценка брак длина автомобиль проспект офис звонок работа уценка колонка,ofont.ru_Bookman Old Style Cyr.ttf,ru_en_mixed,True,0
synthru_0000473,synthetic_ru,synthru_0000473,/Users/vika/Projects/classifier_rotation/data/synthetic_ru/debug_1000/synthru_0000473.jpg,/Users/vika/Projects/classifier_rotation/data/synthetic_ru/debug_1000/synthru_0000473.jpg,1195,217,5.506912442396313,KIA оперативно 8382,ofont.ru_Veles.ttf,ru_en_mixed,True,0
synthru_0000474,synthetic_ru,synthru_0000474,/Users/vika/Projects/classifier_rotation/data/synthetic_ru/debug_1000/synthru_0000474.jpg,/Users/vika/Projects/classifier_rotation/data/synthetic_ru/debug_1000/synthru_0000474.jpg,617,31,19.903225806451612,limited limited original offer original phone discount discount sale,ofont.ru_DlgGeo.ttf,ru_en_mixed,True,0
synthru_0000475,synthetic_ru,synthru_0000475,/Users/vika/Projects/classifier_rotation/data/synthetic_ru/debug_1000/synthru_0000475.jpg,/Users/vika/Projects/classifier_rotation/data/synthetic_ru/debug_1000/synthru_0000475.jpg,122,20,6.1,Huawei Даром дорого 4964,ofont.ru_normal font.ttf,ru_en_mixed,True,0
synthru_0000476,synthetic_ru,synthru_0000476,/Users/vika/Projects/classifier_rotation/data/synthetic_ru/debug_1000/synthru_0000476.jpg,/Users/vika/Projects/classifier_rotation/data/synthetic_ru/debug_1000/synthru_0000476.jpg,280,56,5.0,Apple S 13,ofont.ru_PF Monumenta Pro.ttf,ru_en_mixed,True,0
synthru_0000477,synthetic_ru,synthru_0000477,/Users/vika/Projects/classifier_rotation/data/synthetic_ru/debug_1000/synthru_0000477.jpg,/Users/vika/Projects/classifier_rotation/data/synthetic_ru/debug_1000/synthru_0000477.jpg,86,21,4.095238095238095,KIA Max 51,ofont.ru_Arteks.ttf,ru_en_mixed,True,0
synthru_0000478,synthetic_ru,synthru_0000478,/Users/vika/Projects/classifier_rotation/data/synthetic_ru/debug_1000/synthru_0000478.jpg,/Users/vika/Projects/classifier_rotation/data/synthetic_ru/debug_1000/synthru_0000478.jpg,449,28,16.035714285714285,брак пишите рублей руб камера клавиатура вакансия услуги копия,ofont.ru_Hirro Sans.ttf,ru_en_mixed,True,0
synthru_0000479,synthetic_ru,synthru_0000479,/Users/vika/Projects/classifier_rotation/data/synthetic_ru/debug_1000/synthru_0000479.jpg,/Users/vika/Projects/classifier_rotation/data/synthetic_ru/debug_1000/synthru_0000479.jpg,162,36,4.5,от 76 746,ofont.ru_Departura.ttf,ru_en_mixed,True,0
synthru_0000480,synthetic_ru,synthru_0000480,/Users/vika/Projects/classifier_rotation/data/synthetic_ru/debug_1000/synthru_0000480.jpg,/Users/vika/Projects/classifier_rotation/data/synthetic_ru/debug_1000/synthru_0000480.jpg,849,168,5.053571428571429,"ул. Гагарина, 68, корп. 5",ofont.ru_normal font.ttf,ru_en_mixed,True,0
synthru_0000481,synthetic_ru,synthru_0000481,/Users/vika/Projects/classifier_rotation/data/synthetic_ru/debug_1000/synthru_0000481.jpg,/Users/vika/Projects/classifier_rotation/data/synthetic_ru/debug_1000/synthru_0000481.jpg,871,36,24.194444444444443,настройка цена стекло кабель дорого год почта ремонт новая самовывоз участок доставка,ofont.ru_DlgGeo.ttf,ru_en_mixed,True,0
synthru_0000482,synthetic_ru,synthru_0000482,/Users/vika/Projects/classifier_rotation/data/synthetic_ru/debug_1000/synthru_0000482.jpg,/Users/vika/Projects/classifier_rotation/data/synthetic_ru/debug_1000/synthru_0000482.jpg,169,20,8.45,Lenovo Lite 52,ofont.ru_DlgGeo.ttf,ru_en_mixed,True,0
synthru_0000483,synthetic_ru,synthru_0000483,/Users/vika/Projects/classifier_rotation/data/synthetic_ru/debug_1000/synthru_0000483.jpg,/Users/vika/Projects/classifier_rotation/data/synthetic_ru/debug_1000/synthru_0000483.jpg,2363,180,13.127777777777778,недорого колонка доставка наличие сдэк,ofont.ru_Rubik Vinyl.ttf,ru_en_mixed,True,0
synthru_0000484,synthetic_ru,synthru_0000484,/Users/vika/Projects/classifier_rotation/data/synthetic_ru/debug_1000/synthru_0000484.jpg,/Users/vika/Projects/classifier_rotation/data/synthetic_ru/debug_1000/synthru_0000484.jpg,922,54,17.074074074074073,Adidas выгодно спрашивайте квартира продукт 920,ofont.ru_Handgeschrieben.ttf,ru_en_mixed,True,0
synthru_0000485,synthetic_ru,synthru_0000485,/Users/vika/Projects/classifier_rotation/data/synthetic_ru/debug_1000/synthru_0000485.jpg,/Users/vika/Projects/classifier_rotation/data/synthetic_ru/debug_1000/synthru_0000485.jpg,967,65,14.876923076923077,HUAWEI телефон реплика адаптер 5144,ofont.ru_Playfair Display.ttf,ru_en_mixed,True,0
synthru_0000486,synthetic_ru,synthru_0000486,/Users/vika/Projects/classifier_rotation/data/synthetic_ru/debug_1000/synthru_0000486.jpg,/Users/vika/Projects/classifier_rotation/data/synthetic_ru/debug_1000/synthru_0000486.jpg,782,52,15.038461538461538,Apple продаю кожа торг 8262,ofont.ru_PF Monumenta Pro.ttf,ru_en_mixed,True,0
synthru_0000487,synthetic_ru,synthru_0000487,/Users/vika/Projects/classifier_rotation/data/synthetic_ru/debug_1000/synthru_0000487.jpg,/Users/vika/Projects/classifier_rotation/data/synthetic_ru/debug_1000/synthru_0000487.jpg,688,32,21.5,Sony whatsapp смотрите отличное boxberry 2977,ofont.ru_PF Monumenta Pro.ttf,ru_en_mixed,True,0
synthru_0000488,synthetic_ru,synthru_0000488,/Users/vika/Projects/classifier_rotation/data/synthetic_ru/debug_1000/synthru_0000488.jpg,/Users/vika/Projects/classifier_rotation/data/synthetic_ru/debug_1000/synthru_0000488.jpg,1334,87,15.333333333333334,5 451,ofont.ru_Playfair Display.ttf,ru_en_mixed,True,0
synthru_0000489,synthetic_ru,synthru_0000489,/Users/vika/Projects/classifier_rotation/data/synthetic_ru/debug_1000/synthru_0000489.jpg,/Users/vika/Projects/classifier_rotation/data/synthetic_ru/debug_1000/synthru_0000489.jpg,331,66,5.015151515151516,Toyota Max 30,ofont.ru_Hirro Sans.ttf,ru_en_mixed,True,0
synthru_0000490,synthetic_ru,synthru_0000490,/Users/vika/Projects/classifier_rotation/data/synthetic_ru/debug_1000/synthru_0000490.jpg,/Users/vika/Projects/classifier_rotation/data/synthetic_ru/debug_1000/synthru_0000490.jpg,961,129,7.449612403100775,BMW новый 2869,ofont.ru_normal font.ttf,ru_en_mixed,True,0
synthru_0000491,synthetic_ru,synthru_0000491,/Users/vika/Projects/classifier_rotation/data/synthetic_ru/debug_1000/synthru_0000491.jpg,/Users/vika/Projects/classifier_rotation/data/synthetic_ru/debug_1000/synthru_0000491.jpg,951,36,26.416666666666668,бронь пункт быстро сегодня офис кожа склад самовывоз,ofont.ru_Bookman Old Style Cyr.ttf,ru_en_mixed,True,0
synthru_0000492,synthetic_ru,synthru_0000492,/Users/vika/Projects/classifier_rotation/data/synthetic_ru/debug_1000/synthru_0000492.jpg,/Users/vika/Projects/classifier_rotation/data/synthetic_ru/debug_1000/synthru_0000492.jpg,343,52,6.596153846153846,Toyota Lite 52,ofont.ru_Smooz.ttf,ru_en_mixed,True,0
synthru_0000493,synthetic_ru,synthru_0000493,/Users/vika/Projects/classifier_rotation/data/synthetic_ru/debug_1000/synthru_0000493.jpg,/Users/vika/Projects/classifier_rotation/data/synthetic_ru/debug_1000/synthru_0000493.jpg,124,22,5.636363636363637,от 4 235 за комплект,ofont.ru_Smooz.ttf,ru_en_mixed,True,0
synthru_0000494,synthetic_ru,synthru_0000494,/Users/vika/Projects/classifier_rotation/data/synthetic_ru/debug_1000/synthru_0000494.jpg,/Users/vika/Projects/classifier_rotation/data/synthetic_ru/debug_1000/synthru_0000494.jpg,600,39,15.384615384615385,quality sale phone special discount original address store offer new phone,ofont.ru_Ethna.ttf,ru_en_mixed,True,0
synthru_0000495,synthetic_ru,synthru_0000495,/Users/vika/Projects/classifier_rotation/data/synthetic_ru/debug_1000/synthru_0000495.jpg,/Users/vika/Projects/classifier_rotation/data/synthetic_ru/debug_1000/synthru_0000495.jpg,781,111,7.036036036036036,+7 (966) 629-83-44,ofont.ru_DlgGeo.ttf,ru_en_mixed,True,0
synthru_0000496,synthetic_ru,synthru_0000496,/Users/vika/Projects/classifier_rotation/data/synthetic_ru/debug_1000/synthru_0000496.jpg,/Users/vika/Projects/classifier_rotation/data/synthetic_ru/debug_1000/synthru_0000496.jpg,1202,56,21.464285714285715,модель завтра машина дом монтаж объем дорого студия установка,ofont.ru_Departura.ttf,ru_en_mixed,True,0
synthru_0000497,synthetic_ru,synthru_0000497,/Users/vika/Projects/classifier_rotation/data/synthetic_ru/debug_1000/synthru_0000497.jpg,/Users/vika/Projects/classifier_rotation/data/synthetic_ru/debug_1000/synthru_0000497.jpg,510,28,18.214285714285715,+7 (969) 229-22-39,ofont.ru_Veles.ttf,ru_en_mixed,True,0
synthru_0000498,synthetic_ru,synthru_0000498,/Users/vika/Projects/classifier_rotation/data/synthetic_ru/debug_1000/synthru_0000498.jpg,/Users/vika/Projects/classifier_rotation/data/synthetic_ru/debug_1000/synthru_0000498.jpg,268,38,7.052631578947368,HONOR дешево 5799,ofont.ru_DlgGeo.ttf,ru_en_mixed,True,0
synthru_0000499,synthetic_ru,synthru_0000499,/Users/vika/Projects/classifier_rotation/data/synthetic_ru/debug_1000/synthru_0000499.jpg,/Users/vika/Projects/classifier_rotation/data/synthetic_ru/debug_1000/synthru_0000499.jpg,269,39,6.897435897435898,879.99 за услугу,ofont.ru_Hirro Sans.ttf,ru_en_mixed,True,0
synthru_0000500,synthetic_ru,synthru_0000500,/Users/vika/Projects/classifier_rotation/data/synthetic_ru/debug_1000/synthru_0000500.jpg,/Users/vika/Projects/classifier_rotation/data/synthetic_ru/debug_1000/synthru_0000500.jpg,1445,62,23.306451612903224,реплика диагональ хорошее звоните пишите пишите резерв хорошее,ofont.ru_Smooz.ttf,ru_en_mixed,True,0
synthru_0000501,synthetic_ru,synthru_0000501,/Users/vika/Projects/classifier_rotation/data/synthetic_ru/debug_1000/synthru_0000501.jpg,/Users/vika/Projects/classifier_rotation/data/synthetic_ru/debug_1000/synthru_0000501.jpg,159,20,7.95,чехол дача распродажа,ofont.ru_Veles.ttf,ru_en_mixed,True,0
synthru_0000502,synthetic_ru,synthru_0000502,/Users/vika/Projects/classifier_rotation/data/synthetic_ru/debug_1000/synthru_0000502.jpg,/Users/vika/Projects/classifier_rotation/data/synthetic_ru/debug_1000/synthru_0000502.jpg,110,20,5.5,HONOR партия 9885,ofont.ru_Playfair Display.ttf,ru_en_mixed,True,0
synthru_0000503,synthetic_ru,synthru_0000503,/Users/vika/Projects/classifier_rotation/data/synthetic_ru/debug_1000/synthru_0000503.jpg,/Users/vika/Projects/classifier_rotation/data/synthetic_ru/debug_1000/synthru_0000503.jpg,1109,44,25.204545454545453,уценка поколение дом кузов новая стекло планшет помощь офис,ofont.ru_Rubik Vinyl.ttf,ru_en_mixed,True,0
synthru_0000504,synthetic_ru,synthru_0000504,/Users/vika/Projects/classifier_rotation/data/synthetic_ru/debug_1000/synthru_0000504.jpg,/Users/vika/Projects/classifier_rotation/data/synthetic_ru/debug_1000/synthru_0000504.jpg,140,20,7.0,+7 (905) 455-92-66,ofont.ru_Veles.ttf,ru_en_mixed,True,0
synthru_0000505,synthetic_ru,synthru_0000505,/Users/vika/Projects/classifier_rotation/data/synthetic_ru/debug_1000/synthru_0000505.jpg,/Users/vika/Projects/classifier_rotation/data/synthetic_ru/debug_1000/synthru_0000505.jpg,3078,66,46.63636363636363,завтра звоните выгодно вес розница длина уточняйте подарок улица недорого адаптер установка,ofont.ru_PF Monumenta Pro.ttf,ru_en_mixed,True,0
synthru_0000506,synthetic_ru,synthru_0000506,/Users/vika/Projects/classifier_rotation/data/synthetic_ru/debug_1000/synthru_0000506.jpg,/Users/vika/Projects/classifier_rotation/data/synthetic_ru/debug_1000/synthru_0000506.jpg,638,160,3.9875,от 35 192,ofont.ru_Veles.ttf,ru_en_mixed,True,0
synthru_0000507,synthetic_ru,synthru_0000507,/Users/vika/Projects/classifier_rotation/data/synthetic_ru/debug_1000/synthru_0000507.jpg,/Users/vika/Projects/classifier_rotation/data/synthetic_ru/debug_1000/synthru_0000507.jpg,517,75,6.8933333333333335,наушники вакансия кузов,ofont.ru_Handgeschrieben.ttf,ru_en_mixed,True,0
synthru_0000508,synthetic_ru,synthru_0000508,/Users/vika/Projects/classifier_rotation/data/synthetic_ru/debug_1000/synthru_0000508.jpg,/Users/vika/Projects/classifier_rotation/data/synthetic_ru/debug_1000/synthru_0000508.jpg,1361,132,10.31060606060606,квартира спрашивайте уценка акция пробег,ofont.ru_Ethna.ttf,ru_en_mixed,True,0
synthru_0000509,synthetic_ru,synthru_0000509,/Users/vika/Projects/classifier_rotation/data/synthetic_ru/debug_1000/synthru_0000509.jpg,/Users/vika/Projects/classifier_rotation/data/synthetic_ru/debug_1000/synthru_0000509.jpg,455,32,14.21875,Kia проспект подарок В наличии 3846,ofont.ru_FloraC.ttf,ru_en_mixed,True,0
synthru_0000510,synthetic_ru,synthru_0000510,/Users/vika/Projects/classifier_rotation/data/synthetic_ru/debug_1000/synthru_0000510.jpg,/Users/vika/Projects/classifier_rotation/data/synthetic_ru/debug_1000/synthru_0000510.jpg,133,30,4.433333333333334,56,ofont.ru_Arteks.ttf,ru_en_mixed,True,0
synthru_0000511,synthetic_ru,synthru_0000511,/Users/vika/Projects/classifier_rotation/data/synthetic_ru/debug_1000/synthru_0000511.jpg,/Users/vika/Projects/classifier_rotation/data/synthetic_ru/debug_1000/synthru_0000511.jpg,184,28,6.571428571428571,+7 (939) 651-99-96,ofont.ru_Hirro Sans.ttf,ru_en_mixed,True,0
synthru_0000512,synthetic_ru,synthru_0000512,/Users/vika/Projects/classifier_rotation/data/synthetic_ru/debug_1000/synthru_0000512.jpg,/Users/vika/Projects/classifier_rotation/data/synthetic_ru/debug_1000/synthru_0000512.jpg,1203,101,11.910891089108912,available shop best limited,ofont.ru_Downtown.ttf,ru_en_mixed,True,0
synthru_0000513,synthetic_ru,synthru_0000513,/Users/vika/Projects/classifier_rotation/data/synthetic_ru/debug_1000/synthru_0000513.jpg,/Users/vika/Projects/classifier_rotation/data/synthetic_ru/debug_1000/synthru_0000513.jpg,428,74,5.783783783783784,+7 (932) 611-21-33,ofont.ru_Handgeschrieben.ttf,ru_en_mixed,True,0
synthru_0000514,synthetic_ru,synthru_0000514,/Users/vika/Projects/classifier_rotation/data/synthetic_ru/debug_1000/synthru_0000514.jpg,/Users/vika/Projects/classifier_rotation/data/synthetic_ru/debug_1000/synthru_0000514.jpg,723,29,24.93103448275862,отправка ул доставка наличие штука дефект автомобиль поколение,ofont.ru_Ethna.ttf,ru_en_mixed,True,0
synthru_0000515,synthetic_ru,synthru_0000515,/Users/vika/Projects/classifier_rotation/data/synthetic_ru/debug_1000/synthru_0000515.jpg,/Users/vika/Projects/classifier_rotation/data/synthetic_ru/debug_1000/synthru_0000515.jpg,304,38,8.0,HUAWEI новое диски дом 2743,ofont.ru_Zekton.ttf,ru_en_mixed,True,0
synthru_0000516,synthetic_ru,synthru_0000516,/Users/vika/Projects/classifier_rotation/data/synthetic_ru/debug_1000/synthru_0000516.jpg,/Users/vika/Projects/classifier_rotation/data/synthetic_ru/debug_1000/synthru_0000516.jpg,300,29,10.344827586206897,Apple продукт спрашивайте диагональ 9686,ofont.ru_normal font.ttf,ru_en_mixed,True,0
synthru_0000517,synthetic_ru,synthru_0000517,/Users/vika/Projects/classifier_rotation/data/synthetic_ru/debug_1000/synthru_0000517.jpg,/Users/vika/Projects/classifier_rotation/data/synthetic_ru/debug_1000/synthru_0000517.jpg,569,38,14.973684210526315,40,ofont.ru_Arteks.ttf,ru_en_mixed,True,0
synthru_0000518,synthetic_ru,synthru_0000518,/Users/vika/Projects/classifier_rotation/data/synthetic_ru/debug_1000/synthru_0000518.jpg,/Users/vika/Projects/classifier_rotation/data/synthetic_ru/debug_1000/synthru_0000518.jpg,488,69,7.072463768115942,LG производство диски 733,ofont.ru_Departura.ttf,ru_en_mixed,True,0
synthru_0000519,synthetic_ru,synthru_0000519,/Users/vika/Projects/classifier_rotation/data/synthetic_ru/debug_1000/synthru_0000519.jpg,/Users/vika/Projects/classifier_rotation/data/synthetic_ru/debug_1000/synthru_0000519.jpg,175,30,5.833333333333333,Toyota Lite 27,ofont.ru_Rubik Vinyl.ttf,ru_en_mixed,True,0
synthru_0000520,synthetic_ru,synthru_0000520,/Users/vika/Projects/classifier_rotation/data/synthetic_ru/debug_1000/synthru_0000520.jpg,/Users/vika/Projects/classifier_rotation/data/synthetic_ru/debug_1000/synthru_0000520.jpg,316,20,15.8,+7 (953) 943-62-58,ofont.ru_Handgeschrieben.ttf,ru_en_mixed,True,0
synthru_0000521,synthetic_ru,synthru_0000521,/Users/vika/Projects/classifier_rotation/data/synthetic_ru/debug_1000/synthru_0000521.jpg,/Users/vika/Projects/classifier_rotation/data/synthetic_ru/debug_1000/synthru_0000521.jpg,233,26,8.961538461538462,от 89 747 за месяц,ofont.ru_Hirro Sans.ttf,ru_en_mixed,True,0
synthru_0000522,synthetic_ru,synthru_0000522,/Users/vika/Projects/classifier_rotation/data/synthetic_ru/debug_1000/synthru_0000522.jpg,/Users/vika/Projects/classifier_rotation/data/synthetic_ru/debug_1000/synthru_0000522.jpg,696,112,6.214285714285714,Hp Уценка 6077,ofont.ru_Arteks.ttf,ru_en_mixed,True,0
synthru_0000523,synthetic_ru,synthru_0000523,/Users/vika/Projects/classifier_rotation/data/synthetic_ru/debug_1000/synthru_0000523.jpg,/Users/vika/Projects/classifier_rotation/data/synthetic_ru/debug_1000/synthru_0000523.jpg,822,68,12.088235294117647,год акция машина сегодня колонка даром,ofont.ru_Veles.ttf,ru_en_mixed,True,0
synthru_0000524,synthetic_ru,synthru_0000524,/Users/vika/Projects/classifier_rotation/data/synthetic_ru/debug_1000/synthru_0000524.jpg,/Users/vika/Projects/classifier_rotation/data/synthetic_ru/debug_1000/synthru_0000524.jpg,82,20,4.1,Toyota Max 5,ofont.ru_Rubik Vinyl.ttf,ru_en_mixed,True,0
synthru_0000525,synthetic_ru,synthru_0000525,/Users/vika/Projects/classifier_rotation/data/synthetic_ru/debug_1000/synthru_0000525.jpg,/Users/vika/Projects/classifier_rotation/data/synthetic_ru/debug_1000/synthru_0000525.jpg,223,20,11.15,offer best original store phone,ofont.ru_DlgGeo.ttf,ru_en_mixed,True,0
synthru_0000526,synthetic_ru,synthru_0000526,/Users/vika/Projects/classifier_rotation/data/synthetic_ru/debug_1000/synthru_0000526.jpg,/Users/vika/Projects/classifier_rotation/data/synthetic_ru/debug_1000/synthru_0000526.jpg,76,20,3.8,ЧОЮЯЯ211,ofont.ru_Rubik Vinyl.ttf,ru_en_mixed,True,0
synthru_0000527,synthetic_ru,synthru_0000527,/Users/vika/Projects/classifier_rotation/data/synthetic_ru/debug_1000/synthru_0000527.jpg,/Users/vika/Projects/classifier_rotation/data/synthetic_ru/debug_1000/synthru_0000527.jpg,2490,175,14.228571428571428,дорого реплика новое двигатель самовывоз квартира,ofont.ru_Smooz.ttf,ru_en_mixed,True,0
synthru_0000528,synthetic_ru,synthru_0000528,/Users/vika/Projects/classifier_rotation/data/synthetic_ru/debug_1000/synthru_0000528.jpg,/Users/vika/Projects/classifier_rotation/data/synthetic_ru/debug_1000/synthru_0000528.jpg,315,52,6.0576923076923075,+7 (973) 900-35-29,ofont.ru_Smooz.ttf,ru_en_mixed,True,0
synthru_0000529,synthetic_ru,synthru_0000529,/Users/vika/Projects/classifier_rotation/data/synthetic_ru/debug_1000/synthru_0000529.jpg,/Users/vika/Projects/classifier_rotation/data/synthetic_ru/debug_1000/synthru_0000529.jpg,1098,136,8.073529411764707,Nike дешево отличное дорого 1082,ofont.ru_Downtown.ttf,ru_en_mixed,True,0
synthru_0000530,synthetic_ru,synthru_0000530,/Users/vika/Projects/classifier_rotation/data/synthetic_ru/debug_1000/synthru_0000530.jpg,/Users/vika/Projects/classifier_rotation/data/synthetic_ru/debug_1000/synthru_0000530.jpg,1098,124,8.85483870967742,"ул. Победы, 233, кв. 21, корп. 7",ofont.ru_Zekton.ttf,ru_en_mixed,True,0
synthru_0000531,synthetic_ru,synthru_0000531,/Users/vika/Projects/classifier_rotation/data/synthetic_ru/debug_1000/synthru_0000531.jpg,/Users/vika/Projects/classifier_rotation/data/synthetic_ru/debug_1000/synthru_0000531.jpg,4059,175,23.194285714285716,самовывоз резерв отличное уточняйте улица салон качественно почта наушники сегодня набор,ofont.ru_Zekton.ttf,ru_en_mixed,True,0
synthru_0000532,synthetic_ru,synthru_0000532,/Users/vika/Projects/classifier_rotation/data/synthetic_ru/debug_1000/synthru_0000532.jpg,/Users/vika/Projects/classifier_rotation/data/synthetic_ru/debug_1000/synthru_0000532.jpg,641,31,20.677419354838708,объектив кабель длина комплект консультация копия,ofont.ru_ArbatDi.ttf,ru_en_mixed,True,0
synthru_0000533,synthetic_ru,synthru_0000533,/Users/vika/Projects/classifier_rotation/data/synthetic_ru/debug_1000/synthru_0000533.jpg,/Users/vika/Projects/classifier_rotation/data/synthetic_ru/debug_1000/synthru_0000533.jpg,190,38,5.0,+7 (916) 454-43-80,ofont.ru_Ethna.ttf,ru_en_mixed,True,0
synthru_0000534,synthetic_ru,synthru_0000534,/Users/vika/Projects/classifier_rotation/data/synthetic_ru/debug_1000/synthru_0000534.jpg,/Users/vika/Projects/classifier_rotation/data/synthetic_ru/debug_1000/synthru_0000534.jpg,346,49,7.061224489795919,мышь завтра,ofont.ru_Bookman Old Style Cyr.ttf,ru_en_mixed,True,0
synthru_0000535,synthetic_ru,synthru_0000535,/Users/vika/Projects/classifier_rotation/data/synthetic_ru/debug_1000/synthru_0000535.jpg,/Users/vika/Projects/classifier_rotation/data/synthetic_ru/debug_1000/synthru_0000535.jpg,5950,148,40.2027027027027,распродажа товар комплект почта ремонт диагональ стоимость уточняйте участок цены копейки шины,ofont.ru_Arteks.ttf,ru_en_mixed,True,0
synthru_0000536,synthetic_ru,synthru_0000536,/Users/vika/Projects/classifier_rotation/data/synthetic_ru/debug_1000/synthru_0000536.jpg,/Users/vika/Projects/classifier_rotation/data/synthetic_ru/debug_1000/synthru_0000536.jpg,971,49,19.816326530612244,производство копейки материал корпус мышь ремонт коробка быстро,ofont.ru_Handgeschrieben.ttf,ru_en_mixed,True,0
synthru_0000537,synthetic_ru,synthru_0000537,/Users/vika/Projects/classifier_rotation/data/synthetic_ru/debug_1000/synthru_0000537.jpg,/Users/vika/Projects/classifier_rotation/data/synthetic_ru/debug_1000/synthru_0000537.jpg,176,28,6.285714285714286,+7 (908) 682-43-50,ofont.ru_Veles.ttf,ru_en_mixed,True,0
synthru_0000538,synthetic_ru,synthru_0000538,/Users/vika/Projects/classifier_rotation/data/synthetic_ru/debug_1000/synthru_0000538.jpg,/Users/vika/Projects/classifier_rotation/data/synthetic_ru/debug_1000/synthru_0000538.jpg,341,20,17.05,phone price limited service sale price original store best,ofont.ru_Rubik Vinyl.ttf,ru_en_mixed,True,0
synthru_0000539,synthetic_ru,synthru_0000539,/Users/vika/Projects/classifier_rotation/data/synthetic_ru/debug_1000/synthru_0000539.jpg,/Users/vika/Projects/classifier_rotation/data/synthetic_ru/debug_1000/synthru_0000539.jpg,290,20,14.5,модель монитор кожа сегодня хорошее,ofont.ru_Arteks.ttf,ru_en_mixed,True,0
synthru_0000540,synthetic_ru,synthru_0000540,/Users/vika/Projects/classifier_rotation/data/synthetic_ru/debug_1000/synthru_0000540.jpg,/Users/vika/Projects/classifier_rotation/data/synthetic_ru/debug_1000/synthru_0000540.jpg,532,40,13.3,+7 (954) 726-25-86,ofont.ru_DlgGeo.ttf,ru_en_mixed,True,0
synthru_0000541,synthetic_ru,synthru_0000541,/Users/vika/Projects/classifier_rotation/data/synthetic_ru/debug_1000/synthru_0000541.jpg,/Users/vika/Projects/classifier_rotation/data/synthetic_ru/debug_1000/synthru_0000541.jpg,207,37,5.594594594594595,569.99,ofont.ru_DlgGeo.ttf,ru_en_mixed,True,0
synthru_0000542,synthetic_ru,synthru_0000542,/Users/vika/Projects/classifier_rotation/data/synthetic_ru/debug_1000/synthru_0000542.jpg,/Users/vika/Projects/classifier_rotation/data/synthetic_ru/debug_1000/synthru_0000542.jpg,226,20,11.3,503.99 за услугу,ofont.ru_Ethna.ttf,ru_en_mixed,True,0
synthru_0000543,synthetic_ru,synthru_0000543,/Users/vika/Projects/classifier_rotation/data/synthetic_ru/debug_1000/synthru_0000543.jpg,/Users/vika/Projects/classifier_rotation/data/synthetic_ru/debug_1000/synthru_0000543.jpg,382,32,11.9375,7ННЗУГН65УРЭ0АФСОКУББЯЕ,ofont.ru_Playfair Display.ttf,ru_en_mixed,True,0
synthru_0000544,synthetic_ru,synthru_0000544,/Users/vika/Projects/classifier_rotation/data/synthetic_ru/debug_1000/synthru_0000544.jpg,/Users/vika/Projects/classifier_rotation/data/synthetic_ru/debug_1000/synthru_0000544.jpg,363,77,4.714285714285714,"ул. Мира, 14",ofont.ru_Playfair Display.ttf,ru_en_mixed,True,0
synthru_0000545,synthetic_ru,synthru_0000545,/Users/vika/Projects/classifier_rotation/data/synthetic_ru/debug_1000/synthru_0000545.jpg,/Users/vika/Projects/classifier_rotation/data/synthetic_ru/debug_1000/synthru_0000545.jpg,119,30,3.966666666666667,Apple S 96,ofont.ru_DlgGeo.ttf,ru_en_mixed,True,0
synthru_0000546,synthetic_ru,synthru_0000546,/Users/vika/Projects/classifier_rotation/data/synthetic_ru/debug_1000/synthru_0000546.jpg,/Users/vika/Projects/classifier_rotation/data/synthetic_ru/debug_1000/synthru_0000546.jpg,230,42,5.476190476190476,+7 (970) 942-21-36,ofont.ru_Veles.ttf,ru_en_mixed,True,0
synthru_0000547,synthetic_ru,synthru_0000547,/Users/vika/Projects/classifier_rotation/data/synthetic_ru/debug_1000/synthru_0000547.jpg,/Users/vika/Projects/classifier_rotation/data/synthetic_ru/debug_1000/synthru_0000547.jpg,494,102,4.8431372549019605,от 83 642 за месяц,ofont.ru_Zekton.ttf,ru_en_mixed,True,0
synthru_0000548,synthetic_ru,synthru_0000548,/Users/vika/Projects/classifier_rotation/data/synthetic_ru/debug_1000/synthru_0000548.jpg,/Users/vika/Projects/classifier_rotation/data/synthetic_ru/debug_1000/synthru_0000548.jpg,525,43,12.209302325581396,обслуживание вакансия камера тысяч,ofont.ru_Playfair Display.ttf,ru_en_mixed,True,0
synthru_0000549,synthetic_ru,synthru_0000549,/Users/vika/Projects/classifier_rotation/data/synthetic_ru/debug_1000/synthru_0000549.jpg,/Users/vika/Projects/classifier_rotation/data/synthetic_ru/debug_1000/synthru_0000549.jpg,273,47,5.808510638297872,оптом проспект камера,ofont.ru_Ethna.ttf,ru_en_mixed,True,0
synthru_0000550,synthetic_ru,synthru_0000550,/Users/vika/Projects/classifier_rotation/data/synthetic_ru/debug_1000/synthru_0000550.jpg,/Users/vika/Projects/classifier_rotation/data/synthetic_ru/debug_1000/synthru_0000550.jpg,431,30,14.366666666666667,колонка длина резерв зарядка требуется диагональ дача улица,ofont.ru_FloraC.ttf,ru_en_mixed,True,0
synthru_0000551,synthetic_ru,synthru_0000551,/Users/vika/Projects/classifier_rotation/data/synthetic_ru/debug_1000/synthru_0000551.jpg,/Users/vika/Projects/classifier_rotation/data/synthetic_ru/debug_1000/synthru_0000551.jpg,1041,72,14.458333333333334,двигатель самовывоз торг бу реплика длина найму спрашивайте,ofont.ru_Ethna.ttf,ru_en_mixed,True,0
synthru_0000552,synthetic_ru,synthru_0000552,/Users/vika/Projects/classifier_rotation/data/synthetic_ru/debug_1000/synthru_0000552.jpg,/Users/vika/Projects/classifier_rotation/data/synthetic_ru/debug_1000/synthru_0000552.jpg,633,21,30.142857142857142,шины даром поколение квартира размеры звоните монтаж розница,ofont.ru_Bookman Old Style Cyr.ttf,ru_en_mixed,True,0
synthru_0000553,synthetic_ru,synthru_0000553,/Users/vika/Projects/classifier_rotation/data/synthetic_ru/debug_1000/synthru_0000553.jpg,/Users/vika/Projects/classifier_rotation/data/synthetic_ru/debug_1000/synthru_0000553.jpg,237,26,9.115384615384615,"ул. Садовая, 203, кв. 25, корп. 2",ofont.ru_Playfair Display.ttf,ru_en_mixed,True,0
synthru_0000554,synthetic_ru,synthru_0000554,/Users/vika/Projects/classifier_rotation/data/synthetic_ru/debug_1000/synthru_0000554.jpg,/Users/vika/Projects/classifier_rotation/data/synthetic_ru/debug_1000/synthru_0000554.jpg,1589,43,36.95348837209303,объектив поколение настройка оперативно материал гараж телеграм boxberry оперативно ширина зарядка выдачи,ofont.ru_Downtown.ttf,ru_en_mixed,True,0
synthru_0000555,synthetic_ru,synthru_0000555,/Users/vika/Projects/classifier_rotation/data/synthetic_ru/debug_1000/synthru_0000555.jpg,/Users/vika/Projects/classifier_rotation/data/synthetic_ru/debug_1000/synthru_0000555.jpg,347,38,9.131578947368421,монтаж бонус консультация,ofont.ru_Downtown.ttf,ru_en_mixed,True,0
synthru_0000556,synthetic_ru,synthru_0000556,/Users/vika/Projects/classifier_rotation/data/synthetic_ru/debug_1000/synthru_0000556.jpg,/Users/vika/Projects/classifier_rotation/data/synthetic_ru/debug_1000/synthru_0000556.jpg,421,51,8.254901960784315,+7 (958) 259-98-34,ofont.ru_ArbatDi.ttf,ru_en_mixed,True,0
synthru_0000557,synthetic_ru,synthru_0000557,/Users/vika/Projects/classifier_rotation/data/synthetic_ru/debug_1000/synthru_0000557.jpg,/Users/vika/Projects/classifier_rotation/data/synthetic_ru/debug_1000/synthru_0000557.jpg,4181,222,18.833333333333332,недорого цвета быстро размер ноутбук самовывоз предзаказ недорого материал,ofont.ru_Zekton.ttf,ru_en_mixed,True,0
synthru_0000558,synthetic_ru,synthru_0000558,/Users/vika/Projects/classifier_rotation/data/synthetic_ru/debug_1000/synthru_0000558.jpg,/Users/vika/Projects/classifier_rotation/data/synthetic_ru/debug_1000/synthru_0000558.jpg,841,42,20.023809523809526,В4Е3С7ЕЕРЖ2ЭЦР3В,ofont.ru_PF Monumenta Pro.ttf,ru_en_mixed,True,0
synthru_0000559,synthetic_ru,synthru_0000559,/Users/vika/Projects/classifier_rotation/data/synthetic_ru/debug_1000/synthru_0000559.jpg,/Users/vika/Projects/classifier_rotation/data/synthetic_ru/debug_1000/synthru_0000559.jpg,82,24,3.4166666666666665,LG бонус 1928,ofont.ru_Zekton.ttf,ru_en_mixed,True,0
synthru_0000560,synthetic_ru,synthru_0000560,/Users/vika/Projects/classifier_rotation/data/synthetic_ru/debug_1000/synthru_0000560.jpg,/Users/vika/Projects/classifier_rotation/data/synthetic_ru/debug_1000/synthru_0000560.jpg,1426,183,7.7923497267759565,Apple цена завтра диски 8084,ofont.ru_DlgGeo.ttf,ru_en_mixed,True,0
synthru_0000561,synthetic_ru,synthru_0000561,/Users/vika/Projects/classifier_rotation/data/synthetic_ru/debug_1000/synthru_0000561.jpg,/Users/vika/Projects/classifier_rotation/data/synthetic_ru/debug_1000/synthru_0000561.jpg,2152,210,10.247619047619047,ватсап кузов высота производство уценка ищу,ofont.ru_DlgGeo.ttf,ru_en_mixed,True,0
synthru_0000562,synthetic_ru,synthru_0000562,/Users/vika/Projects/classifier_rotation/data/synthetic_ru/debug_1000/synthru_0000562.jpg,/Users/vika/Projects/classifier_rotation/data/synthetic_ru/debug_1000/synthru_0000562.jpg,139,25,5.56,Adidas наличие 8360,ofont.ru_Departura.ttf,ru_en_mixed,True,0
synthru_0000563,synthetic_ru,synthru_0000563,/Users/vika/Projects/classifier_rotation/data/synthetic_ru/debug_1000/synthru_0000563.jpg,/Users/vika/Projects/classifier_rotation/data/synthetic_ru/debug_1000/synthru_0000563.jpg,635,48,13.229166666666666,пункт качество кабель диагональ,ofont.ru_Bookman Old Style Cyr.ttf,ru_en_mixed,True,0
synthru_0000564,synthetic_ru,synthru_0000564,/Users/vika/Projects/classifier_rotation/data/synthetic_ru/debug_1000/synthru_0000564.jpg,/Users/vika/Projects/classifier_rotation/data/synthetic_ru/debug_1000/synthru_0000564.jpg,1529,79,19.354430379746834,Xiaomi комната улица Телеграм пробег 2577,ofont.ru_Bookman Old Style Cyr.ttf,ru_en_mixed,True,0
synthru_0000565,synthetic_ru,synthru_0000565,/Users/vika/Projects/classifier_rotation/data/synthetic_ru/debug_1000/synthru_0000565.jpg,/Users/vika/Projects/classifier_rotation/data/synthetic_ru/debug_1000/synthru_0000565.jpg,1187,311,3.8167202572347265,+7 (987) 719-86-94,ofont.ru_DlgGeo.ttf,ru_en_mixed,True,0
synthru_0000566,synthetic_ru,synthru_0000566,/Users/vika/Projects/classifier_rotation/data/synthetic_ru/debug_1000/synthru_0000566.jpg,/Users/vika/Projects/classifier_rotation/data/synthetic_ru/debug_1000/synthru_0000566.jpg,701,111,6.315315315315315,BMW Max 49,ofont.ru_Hirro Sans.ttf,ru_en_mixed,True,0
synthru_0000567,synthetic_ru,synthru_0000567,/Users/vika/Projects/classifier_rotation/data/synthetic_ru/debug_1000/synthru_0000567.jpg,/Users/vika/Projects/classifier_rotation/data/synthetic_ru/debug_1000/synthru_0000567.jpg,739,33,22.393939393939394,квартира брак монитор звонок автомобиль недорого адрес квартира цена,ofont.ru_Zekton.ttf,ru_en_mixed,True,0
synthru_0000568,synthetic_ru,synthru_0000568,/Users/vika/Projects/classifier_rotation/data/synthetic_ru/debug_1000/synthru_0000568.jpg,/Users/vika/Projects/classifier_rotation/data/synthetic_ru/debug_1000/synthru_0000568.jpg,250,20,12.5,ищу объем уточняйте квартира руб поддержка,ofont.ru_Ethna.ttf,ru_en_mixed,True,0
synthru_0000569,synthetic_ru,synthru_0000569,/Users/vika/Projects/classifier_rotation/data/synthetic_ru/debug_1000/synthru_0000569.jpg,/Users/vika/Projects/classifier_rotation/data/synthetic_ru/debug_1000/synthru_0000569.jpg,643,28,22.964285714285715,обслуживание оригинал новый камера цвета оптом коробка продукт б/у пишите,ofont.ru_Handgeschrieben.ttf,ru_en_mixed,True,0
synthru_0000570,synthetic_ru,synthru_0000570,/Users/vika/Projects/classifier_rotation/data/synthetic_ru/debug_1000/synthru_0000570.jpg,/Users/vika/Projects/classifier_rotation/data/synthetic_ru/debug_1000/synthru_0000570.jpg,821,30,27.366666666666667,пишите рублей модель новый магазин скидка длина идеальное брак скидка новое,ofont.ru_FloraC.ttf,ru_en_mixed,True,0
synthru_0000571,synthetic_ru,synthru_0000571,/Users/vika/Projects/classifier_rotation/data/synthetic_ru/debug_1000/synthru_0000571.jpg,/Users/vika/Projects/classifier_rotation/data/synthetic_ru/debug_1000/synthru_0000571.jpg,1077,95,11.336842105263157,недорого шины кожа звонок завтра обменяю,ofont.ru_normal font.ttf,ru_en_mixed,True,0
synthru_0000572,synthetic_ru,synthru_0000572,/Users/vika/Projects/classifier_rotation/data/synthetic_ru/debug_1000/synthru_0000572.jpg,/Users/vika/Projects/classifier_rotation/data/synthetic_ru/debug_1000/synthru_0000572.jpg,125,24,5.208333333333333,Adidas X 65,ofont.ru_ArbatDi.ttf,ru_en_mixed,True,0
synthru_0000573,synthetic_ru,synthru_0000573,/Users/vika/Projects/classifier_rotation/data/synthetic_ru/debug_1000/synthru_0000573.jpg,/Users/vika/Projects/classifier_rotation/data/synthetic_ru/debug_1000/synthru_0000573.jpg,501,55,9.10909090909091,рублей работа подарок хорошее скидка,ofont.ru_normal font.ttf,ru_en_mixed,True,0
synthru_0000574,synthetic_ru,synthru_0000574,/Users/vika/Projects/classifier_rotation/data/synthetic_ru/debug_1000/synthru_0000574.jpg,/Users/vika/Projects/classifier_rotation/data/synthetic_ru/debug_1000/synthru_0000574.jpg,324,20,16.2,тысяч вакансия распродажа курьер сервис распродажа партия товар,ofont.ru_Downtown.ttf,ru_en_mixed,True,0
synthru_0000575,synthetic_ru,synthru_0000575,/Users/vika/Projects/classifier_rotation/data/synthetic_ru/debug_1000/synthru_0000575.jpg,/Users/vika/Projects/classifier_rotation/data/synthetic_ru/debug_1000/synthru_0000575.jpg,258,35,7.371428571428571,Xiaomi уценка куплю 2815,ofont.ru_normal font.ttf,ru_en_mixed,True,0
synthru_0000576,synthetic_ru,synthru_0000576,/Users/vika/Projects/classifier_rotation/data/synthetic_ru/debug_1000/synthru_0000576.jpg,/Users/vika/Projects/classifier_rotation/data/synthetic_ru/debug_1000/synthru_0000576.jpg,644,41,15.707317073170731,зарядка вещь заказ продам длина ул шины резерв настройка размер ремонт,ofont.ru_normal font.ttf,ru_en_mixed,True,0
synthru_0000577,synthetic_ru,synthru_0000577,/Users/vika/Projects/classifier_rotation/data/synthetic_ru/debug_1000/synthru_0000577.jpg,/Users/vika/Projects/classifier_rotation/data/synthetic_ru/debug_1000/synthru_0000577.jpg,556,32,17.375,обменяю модель объектив дорого чехол объектив вес,ofont.ru_DlgGeo.ttf,ru_en_mixed,True,0
synthru_0000578,synthetic_ru,synthru_0000578,/Users/vika/Projects/classifier_rotation/data/synthetic_ru/debug_1000/synthru_0000578.jpg,/Users/vika/Projects/classifier_rotation/data/synthetic_ru/debug_1000/synthru_0000578.jpg,708,90,7.866666666666666,срочно работа,ofont.ru_Smooz.ttf,ru_en_mixed,True,0
synthru_0000579,synthetic_ru,synthru_0000579,/Users/vika/Projects/classifier_rotation/data/synthetic_ru/debug_1000/synthru_0000579.jpg,/Users/vika/Projects/classifier_rotation/data/synthetic_ru/debug_1000/synthru_0000579.jpg,253,30,8.433333333333334,от 3 664,ofont.ru_Veles.ttf,ru_en_mixed,True,0
synthru_0000580,synthetic_ru,synthru_0000580,/Users/vika/Projects/classifier_rotation/data/synthetic_ru/debug_1000/synthru_0000580.jpg,/Users/vika/Projects/classifier_rotation/data/synthetic_ru/debug_1000/synthru_0000580.jpg,800,51,15.686274509803921,Toyota Качество Кабель Стоимость 6290,ofont.ru_Smooz.ttf,ru_en_mixed,True,0
synthru_0000581,synthetic_ru,synthru_0000581,/Users/vika/Projects/classifier_rotation/data/synthetic_ru/debug_1000/synthru_0000581.jpg,/Users/vika/Projects/classifier_rotation/data/synthetic_ru/debug_1000/synthru_0000581.jpg,423,27,15.666666666666666,длина telegram комната пишите склад недорого бонус помощь whatsapp переулок boxberry кузов,ofont.ru_normal font.ttf,ru_en_mixed,True,0
synthru_0000582,synthetic_ru,synthru_0000582,/Users/vika/Projects/classifier_rotation/data/synthetic_ru/debug_1000/synthru_0000582.jpg,/Users/vika/Projects/classifier_rotation/data/synthetic_ru/debug_1000/synthru_0000582.jpg,2378,137,17.357664233576642,самовывоз выдачи новое качество акция стекло ватсап выгодно услуги ищу смартфон,ofont.ru_normal font.ttf,ru_en_mixed,True,0
synthru_0000583,synthetic_ru,synthru_0000583,/Users/vika/Projects/classifier_rotation/data/synthetic_ru/debug_1000/synthru_0000583.jpg,/Users/vika/Projects/classifier_rotation/data/synthetic_ru/debug_1000/synthru_0000583.jpg,538,41,13.121951219512194,бу торг ватсап версия качественно дом размер,ofont.ru_FloraC.ttf,ru_en_mixed,True,0
synthru_0000584,synthetic_ru,synthru_0000584,/Users/vika/Projects/classifier_rotation/data/synthetic_ru/debug_1000/synthru_0000584.jpg,/Users/vika/Projects/classifier_rotation/data/synthetic_ru/debug_1000/synthru_0000584.jpg,263,38,6.921052631578948,3МВИ,ofont.ru_Hirro Sans.ttf,ru_en_mixed,True,0
synthru_0000585,synthetic_ru,synthru_0000585,/Users/vika/Projects/classifier_rotation/data/synthetic_ru/debug_1000/synthru_0000585.jpg,/Users/vika/Projects/classifier_rotation/data/synthetic_ru/debug_1000/synthru_0000585.jpg,1431,97,14.75257731958763,Adidas новое дача Комната ремонт 4661,ofont.ru_Zekton.ttf,ru_en_mixed,True,0
synthru_0000586,synthetic_ru,synthru_0000586,/Users/vika/Projects/classifier_rotation/data/synthetic_ru/debug_1000/synthru_0000586.jpg,/Users/vika/Projects/classifier_rotation/data/synthetic_ru/debug_1000/synthru_0000586.jpg,590,138,4.27536231884058,+7 (926) 346-69-29,ofont.ru_DlgGeo.ttf,ru_en_mixed,True,0
synthru_0000587,synthetic_ru,synthru_0000587,/Users/vika/Projects/classifier_rotation/data/synthetic_ru/debug_1000/synthru_0000587.jpg,/Users/vika/Projects/classifier_rotation/data/synthetic_ru/debug_1000/synthru_0000587.jpg,1730,205,8.439024390243903,Huawei Telegram Коробка 5968,ofont.ru_Handgeschrieben.ttf,ru_en_mixed,True,0
synthru_0000588,synthetic_ru,synthru_0000588,/Users/vika/Projects/classifier_rotation/data/synthetic_ru/debug_1000/synthru_0000588.jpg,/Users/vika/Projects/classifier_rotation/data/synthetic_ru/debug_1000/synthru_0000588.jpg,121,33,3.6666666666666665,Nike Max 10,ofont.ru_DlgGeo.ttf,ru_en_mixed,True,0
synthru_0000589,synthetic_ru,synthru_0000589,/Users/vika/Projects/classifier_rotation/data/synthetic_ru/debug_1000/synthru_0000589.jpg,/Users/vika/Projects/classifier_rotation/data/synthetic_ru/debug_1000/synthru_0000589.jpg,246,20,12.3,диски пункт камера руб резерв ремонт дом,ofont.ru_Ethna.ttf,ru_en_mixed,True,0
synthru_0000590,synthetic_ru,synthru_0000590,/Users/vika/Projects/classifier_rotation/data/synthetic_ru/debug_1000/synthru_0000590.jpg,/Users/vika/Projects/classifier_rotation/data/synthetic_ru/debug_1000/synthru_0000590.jpg,142,31,4.580645161290323,BMW X 34,ofont.ru_PF Monumenta Pro.ttf,ru_en_mixed,True,0
synthru_0000591,synthetic_ru,synthru_0000591,/Users/vika/Projects/classifier_rotation/data/synthetic_ru/debug_1000/synthru_0000591.jpg,/Users/vika/Projects/classifier_rotation/data/synthetic_ru/debug_1000/synthru_0000591.jpg,381,20,19.05,HUAWEI продаю телефон клавиатура адаптер 5017,ofont.ru_Arteks.ttf,ru_en_mixed,True,0
synthru_0000592,synthetic_ru,synthru_0000592,/Users/vika/Projects/classifier_rotation/data/synthetic_ru/debug_1000/synthru_0000592.jpg,/Users/vika/Projects/classifier_rotation/data/synthetic_ru/debug_1000/synthru_0000592.jpg,694,52,13.346153846153847,салон цвет услуги недорого идеальное новый,ofont.ru_Hirro Sans.ttf,ru_en_mixed,True,0
synthru_0000593,synthetic_ru,synthru_0000593,/Users/vika/Projects/classifier_rotation/data/synthetic_ru/debug_1000/synthru_0000593.jpg,/Users/vika/Projects/classifier_rotation/data/synthetic_ru/debug_1000/synthru_0000593.jpg,694,104,6.673076923076923,phone best limited,ofont.ru_Playfair Display.ttf,ru_en_mixed,True,0
synthru_0000594,synthetic_ru,synthru_0000594,/Users/vika/Projects/classifier_rotation/data/synthetic_ru/debug_1000/synthru_0000594.jpg,/Users/vika/Projects/classifier_rotation/data/synthetic_ru/debug_1000/synthru_0000594.jpg,2447,96,25.489583333333332,улица кожа проспект чехол размер дефект студия модель,ofont.ru_Bookman Old Style Cyr.ttf,ru_en_mixed,True,0
synthru_0000595,synthetic_ru,synthru_0000595,/Users/vika/Projects/classifier_rotation/data/synthetic_ru/debug_1000/synthru_0000595.jpg,/Users/vika/Projects/classifier_rotation/data/synthetic_ru/debug_1000/synthru_0000595.jpg,219,39,5.615384615384615,+7 (953) 867-10-50,ofont.ru_Veles.ttf,ru_en_mixed,True,0
synthru_0000596,synthetic_ru,synthru_0000596,/Users/vika/Projects/classifier_rotation/data/synthetic_ru/debug_1000/synthru_0000596.jpg,/Users/vika/Projects/classifier_rotation/data/synthetic_ru/debug_1000/synthru_0000596.jpg,668,76,8.789473684210526,товар самовывоз быстро,ofont.ru_DlgGeo.ttf,ru_en_mixed,True,0
synthru_0000597,synthetic_ru,synthru_0000597,/Users/vika/Projects/classifier_rotation/data/synthetic_ru/debug_1000/synthru_0000597.jpg,/Users/vika/Projects/classifier_rotation/data/synthetic_ru/debug_1000/synthru_0000597.jpg,105,30,3.5,BMW X 17,ofont.ru_Playfair Display.ttf,ru_en_mixed,True,0
synthru_0000598,synthetic_ru,synthru_0000598,/Users/vika/Projects/classifier_rotation/data/synthetic_ru/debug_1000/synthru_0000598.jpg,/Users/vika/Projects/classifier_rotation/data/synthetic_ru/debug_1000/synthru_0000598.jpg,247,20,12.35,LG услуги коробка новая 6614,ofont.ru_Arteks.ttf,ru_en_mixed,True,0
synthru_0000599,synthetic_ru,synthru_0000599,/Users/vika/Projects/classifier_rotation/data/synthetic_ru/debug_1000/synthru_0000599.jpg,/Users/vika/Projects/classifier_rotation/data/synthetic_ru/debug_1000/synthru_0000599.jpg,266,63,4.222222222222222,HP Max 15,ofont.ru_PF Monumenta Pro.ttf,ru_en_mixed,True,0
synthru_0000600,synthetic_ru,synthru_0000600,/Users/vika/Projects/classifier_rotation/data/synthetic_ru/debug_1000/synthru_0000600.jpg,/Users/vika/Projects/classifier_rotation/data/synthetic_ru/debug_1000/synthru_0000600.jpg,533,111,4.801801801801802,от 28 157 за месяц,ofont.ru_Playfair Display.ttf,ru_en_mixed,True,0
synthru_0000601,synthetic_ru,synthru_0000601,/Users/vika/Projects/classifier_rotation/data/synthetic_ru/debug_1000/synthru_0000601.jpg,/Users/vika/Projects/classifier_rotation/data/synthetic_ru/debug_1000/synthru_0000601.jpg,431,69,6.246376811594203,9 606 за штуку,ofont.ru_FloraC.ttf,ru_en_mixed,True,0
synthru_0000602,synthetic_ru,synthru_0000602,/Users/vika/Projects/classifier_rotation/data/synthetic_ru/debug_1000/synthru_0000602.jpg,/Users/vika/Projects/classifier_rotation/data/synthetic_ru/debug_1000/synthru_0000602.jpg,291,43,6.767441860465116,HP телефон 5327,ofont.ru_Rubik Vinyl.ttf,ru_en_mixed,True,0
synthru_0000603,synthetic_ru,synthru_0000603,/Users/vika/Projects/classifier_rotation/data/synthetic_ru/debug_1000/synthru_0000603.jpg,/Users/vika/Projects/classifier_rotation/data/synthetic_ru/debug_1000/synthru_0000603.jpg,163,36,4.527777777777778,limited quality,ofont.ru_Veles.ttf,ru_en_mixed,True,0
synthru_0000604,synthetic_ru,synthru_0000604,/Users/vika/Projects/classifier_rotation/data/synthetic_ru/debug_1000/synthru_0000604.jpg,/Users/vika/Projects/classifier_rotation/data/synthetic_ru/debug_1000/synthru_0000604.jpg,214,20,10.7,Adidas хорошее скидка услуги 281,ofont.ru_Zekton.ttf,ru_en_mixed,True,0
synthru_0000605,synthetic_ru,synthru_0000605,/Users/vika/Projects/classifier_rotation/data/synthetic_ru/debug_1000/synthru_0000605.jpg,/Users/vika/Projects/classifier_rotation/data/synthetic_ru/debug_1000/synthru_0000605.jpg,105,20,5.25,HUAWEI Max 90,ofont.ru_normal font.ttf,ru_en_mixed,True,0
synthru_0000606,synthetic_ru,synthru_0000606,/Users/vika/Projects/classifier_rotation/data/synthetic_ru/debug_1000/synthru_0000606.jpg,/Users/vika/Projects/classifier_rotation/data/synthetic_ru/debug_1000/synthru_0000606.jpg,599,31,19.322580645161292,квартира машина салон качественно поддержка быстро,ofont.ru_Rubik Vinyl.ttf,ru_en_mixed,True,0
synthru_0000607,synthetic_ru,synthru_0000607,/Users/vika/Projects/classifier_rotation/data/synthetic_ru/debug_1000/synthru_0000607.jpg,/Users/vika/Projects/classifier_rotation/data/synthetic_ru/debug_1000/synthru_0000607.jpg,317,54,5.87037037037037,недорого размеры,ofont.ru_Bookman Old Style Cyr.ttf,ru_en_mixed,True,0
synthru_0000608,synthetic_ru,synthru_0000608,/Users/vika/Projects/classifier_rotation/data/synthetic_ru/debug_1000/synthru_0000608.jpg,/Users/vika/Projects/classifier_rotation/data/synthetic_ru/debug_1000/synthru_0000608.jpg,110,20,5.5,HONOR Pro 48,ofont.ru_FloraC.ttf,ru_en_mixed,True,0
synthru_0000609,synthetic_ru,synthru_0000609,/Users/vika/Projects/classifier_rotation/data/synthetic_ru/debug_1000/synthru_0000609.jpg,/Users/vika/Projects/classifier_rotation/data/synthetic_ru/debug_1000/synthru_0000609.jpg,2047,111,18.44144144144144,Honor телеграм новая год распродажа 9432,ofont.ru_ArbatDi.ttf,ru_en_mixed,True,0
synthru_0000610,synthetic_ru,synthru_0000610,/Users/vika/Projects/classifier_rotation/data/synthetic_ru/debug_1000/synthru_0000610.jpg,/Users/vika/Projects/classifier_rotation/data/synthetic_ru/debug_1000/synthru_0000610.jpg,1005,54,18.61111111111111,в наличии зарядка кабель офис материал,ofont.ru_Bookman Old Style Cyr.ttf,ru_en_mixed,True,0
synthru_0000611,synthetic_ru,synthru_0000611,/Users/vika/Projects/classifier_rotation/data/synthetic_ru/debug_1000/synthru_0000611.jpg,/Users/vika/Projects/classifier_rotation/data/synthetic_ru/debug_1000/synthru_0000611.jpg,161,21,7.666666666666667,+7 (991) 668-96-77,ofont.ru_PF Monumenta Pro.ttf,ru_en_mixed,True,0
synthru_0000612,synthetic_ru,synthru_0000612,/Users/vika/Projects/classifier_rotation/data/synthetic_ru/debug_1000/synthru_0000612.jpg,/Users/vika/Projects/classifier_rotation/data/synthetic_ru/debug_1000/synthru_0000612.jpg,717,43,16.674418604651162,наличие обслуживание ищу звонок б/у смартфон,ofont.ru_Arteks.ttf,ru_en_mixed,True,0
synthru_0000613,synthetic_ru,synthru_0000613,/Users/vika/Projects/classifier_rotation/data/synthetic_ru/debug_1000/synthru_0000613.jpg,/Users/vika/Projects/classifier_rotation/data/synthetic_ru/debug_1000/synthru_0000613.jpg,197,35,5.628571428571429,10,ofont.ru_Bookman Old Style Cyr.ttf,ru_en_mixed,True,0
synthru_0000614,synthetic_ru,synthru_0000614,/Users/vika/Projects/classifier_rotation/data/synthetic_ru/debug_1000/synthru_0000614.jpg,/Users/vika/Projects/classifier_rotation/data/synthetic_ru/debug_1000/synthru_0000614.jpg,504,20,25.2,discount quality sale limited limited limited offer special available new delivery available,ofont.ru_Bookman Old Style Cyr.ttf,ru_en_mixed,True,0
synthru_0000615,synthetic_ru,synthru_0000615,/Users/vika/Projects/classifier_rotation/data/synthetic_ru/debug_1000/synthru_0000615.jpg,/Users/vika/Projects/classifier_rotation/data/synthetic_ru/debug_1000/synthru_0000615.jpg,1064,217,4.903225806451613,+7 (996) 399-43-30,ofont.ru_Bookman Old Style Cyr.ttf,ru_en_mixed,True,0
synthru_0000616,synthetic_ru,synthru_0000616,/Users/vika/Projects/classifier_rotation/data/synthetic_ru/debug_1000/synthru_0000616.jpg,/Users/vika/Projects/classifier_rotation/data/synthetic_ru/debug_1000/synthru_0000616.jpg,1838,77,23.87012987012987,розница кузов телеграм заказ автомобиль партия монитор руб отличное заказ бу,ofont.ru_Smooz.ttf,ru_en_mixed,True,0
synthru_0000617,synthetic_ru,synthru_0000617,/Users/vika/Projects/classifier_rotation/data/synthetic_ru/debug_1000/synthru_0000617.jpg,/Users/vika/Projects/classifier_rotation/data/synthetic_ru/debug_1000/synthru_0000617.jpg,1767,48,36.8125,online best limited sale best best premium premium delivery new discount,ofont.ru_Arteks.ttf,ru_en_mixed,True,0
synthru_0000618,synthetic_ru,synthru_0000618,/Users/vika/Projects/classifier_rotation/data/synthetic_ru/debug_1000/synthru_0000618.jpg,/Users/vika/Projects/classifier_rotation/data/synthetic_ru/debug_1000/synthru_0000618.jpg,766,85,9.011764705882353,+7 (924) 641-92-18,ofont.ru_Rubik Vinyl.ttf,ru_en_mixed,True,0
synthru_0000619,synthetic_ru,synthru_0000619,/Users/vika/Projects/classifier_rotation/data/synthetic_ru/debug_1000/synthru_0000619.jpg,/Users/vika/Projects/classifier_rotation/data/synthetic_ru/debug_1000/synthru_0000619.jpg,3869,200,19.345,материал новая качественно выгодно длина оптом резерв сегодня авто хорошее,ofont.ru_Playfair Display.ttf,ru_en_mixed,True,0
synthru_0000620,synthetic_ru,synthru_0000620,/Users/vika/Projects/classifier_rotation/data/synthetic_ru/debug_1000/synthru_0000620.jpg,/Users/vika/Projects/classifier_rotation/data/synthetic_ru/debug_1000/synthru_0000620.jpg,438,26,16.846153846153847,улица выдачи гарантия качественно ремонт вакансия обменяю акция,ofont.ru_Departura.ttf,ru_en_mixed,True,0
synthru_0000621,synthetic_ru,synthru_0000621,/Users/vika/Projects/classifier_rotation/data/synthetic_ru/debug_1000/synthru_0000621.jpg,/Users/vika/Projects/classifier_rotation/data/synthetic_ru/debug_1000/synthru_0000621.jpg,374,47,7.957446808510638,HONOR Lite 29,ofont.ru_normal font.ttf,ru_en_mixed,True,0
synthru_0000622,synthetic_ru,synthru_0000622,/Users/vika/Projects/classifier_rotation/data/synthetic_ru/debug_1000/synthru_0000622.jpg,/Users/vika/Projects/classifier_rotation/data/synthetic_ru/debug_1000/synthru_0000622.jpg,213,27,7.888888888888889,"ул. Советская, 152, кв. 102",ofont.ru_DlgGeo.ttf,ru_en_mixed,True,0
synthru_0000623,synthetic_ru,synthru_0000623,/Users/vika/Projects/classifier_rotation/data/synthetic_ru/debug_1000/synthru_0000623.jpg,/Users/vika/Projects/classifier_rotation/data/synthetic_ru/debug_1000/synthru_0000623.jpg,201,31,6.483870967741935,Apple Max 31,ofont.ru_ArbatDi.ttf,ru_en_mixed,True,0
synthru_0000624,synthetic_ru,synthru_0000624,/Users/vika/Projects/classifier_rotation/data/synthetic_ru/debug_1000/synthru_0000624.jpg,/Users/vika/Projects/classifier_rotation/data/synthetic_ru/debug_1000/synthru_0000624.jpg,706,104,6.788461538461538,BMW качественно 6808,ofont.ru_Ethna.ttf,ru_en_mixed,True,0
synthru_0000625,synthetic_ru,synthru_0000625,/Users/vika/Projects/classifier_rotation/data/synthetic_ru/debug_1000/synthru_0000625.jpg,/Users/vika/Projects/classifier_rotation/data/synthetic_ru/debug_1000/synthru_0000625.jpg,93,20,4.65,6 772,ofont.ru_normal font.ttf,ru_en_mixed,True,0
synthru_0000626,synthetic_ru,synthru_0000626,/Users/vika/Projects/classifier_rotation/data/synthetic_ru/debug_1000/synthru_0000626.jpg,/Users/vika/Projects/classifier_rotation/data/synthetic_ru/debug_1000/synthru_0000626.jpg,1973,63,31.317460317460316,материал быстро камера сервис новый камера материал склад,ofont.ru_Arteks.ttf,ru_en_mixed,True,0
synthru_0000627,synthetic_ru,synthru_0000627,/Users/vika/Projects/classifier_rotation/data/synthetic_ru/debug_1000/synthru_0000627.jpg,/Users/vika/Projects/classifier_rotation/data/synthetic_ru/debug_1000/synthru_0000627.jpg,479,20,23.95,производство цена доставка модель склад цвета помощь услуги,ofont.ru_Ethna.ttf,ru_en_mixed,True,0
synthru_0000628,synthetic_ru,synthru_0000628,/Users/vika/Projects/classifier_rotation/data/synthetic_ru/debug_1000/synthru_0000628.jpg,/Users/vika/Projects/classifier_rotation/data/synthetic_ru/debug_1000/synthru_0000628.jpg,99,20,4.95,LG размеры дорого 6133,ofont.ru_Departura.ttf,ru_en_mixed,True,0
synthru_0000629,synthetic_ru,synthru_0000629,/Users/vika/Projects/classifier_rotation/data/synthetic_ru/debug_1000/synthru_0000629.jpg,/Users/vika/Projects/classifier_rotation/data/synthetic_ru/debug_1000/synthru_0000629.jpg,313,37,8.45945945945946,ЛЮ9Я9ЭУ82Е6УК7ШЭ9РКЦ9Ж,ofont.ru_Hirro Sans.ttf,ru_en_mixed,True,0
synthru_0000630,synthetic_ru,synthru_0000630,/Users/vika/Projects/classifier_rotation/data/synthetic_ru/debug_1000/synthru_0000630.jpg,/Users/vika/Projects/classifier_rotation/data/synthetic_ru/debug_1000/synthru_0000630.jpg,356,57,6.245614035087719,от 20 816,ofont.ru_Veles.ttf,ru_en_mixed,True,0
synthru_0000631,synthetic_ru,synthru_0000631,/Users/vika/Projects/classifier_rotation/data/synthetic_ru/debug_1000/synthru_0000631.jpg,/Users/vika/Projects/classifier_rotation/data/synthetic_ru/debug_1000/synthru_0000631.jpg,622,41,15.170731707317072,Lenovo квартира telegram качественно 1931,ofont.ru_Smooz.ttf,ru_en_mixed,True,0
synthru_0000632,synthetic_ru,synthru_0000632,/Users/vika/Projects/classifier_rotation/data/synthetic_ru/debug_1000/synthru_0000632.jpg,/Users/vika/Projects/classifier_rotation/data/synthetic_ru/debug_1000/synthru_0000632.jpg,651,37,17.594594594594593,переулок новый квартира ватсап адаптер проспект курьер сегодня требуется,ofont.ru_Departura.ttf,ru_en_mixed,True,0
synthru_0000633,synthetic_ru,synthru_0000633,/Users/vika/Projects/classifier_rotation/data/synthetic_ru/debug_1000/synthru_0000633.jpg,/Users/vika/Projects/classifier_rotation/data/synthetic_ru/debug_1000/synthru_0000633.jpg,2048,200,10.24,premium model store price store model shop new,ofont.ru_Ethna.ttf,ru_en_mixed,True,0
synthru_0000634,synthetic_ru,synthru_0000634,/Users/vika/Projects/classifier_rotation/data/synthetic_ru/debug_1000/synthru_0000634.jpg,/Users/vika/Projects/classifier_rotation/data/synthetic_ru/debug_1000/synthru_0000634.jpg,137,29,4.724137931034483,LG Max 79,ofont.ru_Veles.ttf,ru_en_mixed,True,0
synthru_0000635,synthetic_ru,synthru_0000635,/Users/vika/Projects/classifier_rotation/data/synthetic_ru/debug_1000/synthru_0000635.jpg,/Users/vika/Projects/classifier_rotation/data/synthetic_ru/debug_1000/synthru_0000635.jpg,1329,137,9.700729927007298,Adidas дача завтра 9101,ofont.ru_Zekton.ttf,ru_en_mixed,True,0
synthru_0000636,synthetic_ru,synthru_0000636,/Users/vika/Projects/classifier_rotation/data/synthetic_ru/debug_1000/synthru_0000636.jpg,/Users/vika/Projects/classifier_rotation/data/synthetic_ru/debug_1000/synthru_0000636.jpg,449,38,11.81578947368421,дешево вакансия размер ширина,ofont.ru_Bookman Old Style Cyr.ttf,ru_en_mixed,True,0
synthru_0000637,synthetic_ru,synthru_0000637,/Users/vika/Projects/classifier_rotation/data/synthetic_ru/debug_1000/synthru_0000637.jpg,/Users/vika/Projects/classifier_rotation/data/synthetic_ru/debug_1000/synthru_0000637.jpg,849,36,23.583333333333332,установка пишите наличие цены вес whatsapp установка отправка дом,ofont.ru_Downtown.ttf,ru_en_mixed,True,0
synthru_0000638,synthetic_ru,synthru_0000638,/Users/vika/Projects/classifier_rotation/data/synthetic_ru/debug_1000/synthru_0000638.jpg,/Users/vika/Projects/classifier_rotation/data/synthetic_ru/debug_1000/synthru_0000638.jpg,579,80,7.2375,услуги камера поколение гарантия,ofont.ru_Downtown.ttf,ru_en_mixed,True,0
synthru_0000639,synthetic_ru,synthru_0000639,/Users/vika/Projects/classifier_rotation/data/synthetic_ru/debug_1000/synthru_0000639.jpg,/Users/vika/Projects/classifier_rotation/data/synthetic_ru/debug_1000/synthru_0000639.jpg,592,27,21.925925925925927,special shop quality shop price address address store,ofont.ru_Smooz.ttf,ru_en_mixed,True,0
synthru_0000640,synthetic_ru,synthru_0000640,/Users/vika/Projects/classifier_rotation/data/synthetic_ru/debug_1000/synthru_0000640.jpg,/Users/vika/Projects/classifier_rotation/data/synthetic_ru/debug_1000/synthru_0000640.jpg,1928,125,15.424,гарантия проспект выдачи продаю кабель наличие качество коробка,ofont.ru_Downtown.ttf,ru_en_mixed,True,0
synthru_0000641,synthetic_ru,synthru_0000641,/Users/vika/Projects/classifier_rotation/data/synthetic_ru/debug_1000/synthru_0000641.jpg,/Users/vika/Projects/classifier_rotation/data/synthetic_ru/debug_1000/synthru_0000641.jpg,816,21,38.857142857142854,реплика поддержка быстро зарядка недорого помощь обслуживание диски торг студия настройка,ofont.ru_ArbatDi.ttf,ru_en_mixed,True,0
synthru_0000642,synthetic_ru,synthru_0000642,/Users/vika/Projects/classifier_rotation/data/synthetic_ru/debug_1000/synthru_0000642.jpg,/Users/vika/Projects/classifier_rotation/data/synthetic_ru/debug_1000/synthru_0000642.jpg,325,78,4.166666666666667,663.99,ofont.ru_normal font.ttf,ru_en_mixed,True,0
synthru_0000643,synthetic_ru,synthru_0000643,/Users/vika/Projects/classifier_rotation/data/synthetic_ru/debug_1000/synthru_0000643.jpg,/Users/vika/Projects/classifier_rotation/data/synthetic_ru/debug_1000/synthru_0000643.jpg,688,20,34.4,объем заказ комплект комната колонка кузов длина участок версия настройка пункт,ofont.ru_Smooz.ttf,ru_en_mixed,True,0
synthru_0000644,synthetic_ru,synthru_0000644,/Users/vika/Projects/classifier_rotation/data/synthetic_ru/debug_1000/synthru_0000644.jpg,/Users/vika/Projects/classifier_rotation/data/synthetic_ru/debug_1000/synthru_0000644.jpg,3327,239,13.92050209205021,телеграм кузов телефон зарядка резерв монитор,ofont.ru_PF Monumenta Pro.ttf,ru_en_mixed,True,0
synthru_0000645,synthetic_ru,synthru_0000645,/Users/vika/Projects/classifier_rotation/data/synthetic_ru/debug_1000/synthru_0000645.jpg,/Users/vika/Projects/classifier_rotation/data/synthetic_ru/debug_1000/synthru_0000645.jpg,357,23,15.521739130434783,авто копия обслуживание монтаж рублей,ofont.ru_Rubik Vinyl.ttf,ru_en_mixed,True,0
synthru_0000646,synthetic_ru,synthru_0000646,/Users/vika/Projects/classifier_rotation/data/synthetic_ru/debug_1000/synthru_0000646.jpg,/Users/vika/Projects/classifier_rotation/data/synthetic_ru/debug_1000/synthru_0000646.jpg,913,67,13.626865671641792,резерв быстро дефект сегодня скидка смартфон завтра,ofont.ru_Playfair Display.ttf,ru_en_mixed,True,0
synthru_0000647,synthetic_ru,synthru_0000647,/Users/vika/Projects/classifier_rotation/data/synthetic_ru/debug_1000/synthru_0000647.jpg,/Users/vika/Projects/classifier_rotation/data/synthetic_ru/debug_1000/synthru_0000647.jpg,110,20,5.5,792.99,ofont.ru_FloraC.ttf,ru_en_mixed,True,0
synthru_0000648,synthetic_ru,synthru_0000648,/Users/vika/Projects/classifier_rotation/data/synthetic_ru/debug_1000/synthru_0000648.jpg,/Users/vika/Projects/classifier_rotation/data/synthetic_ru/debug_1000/synthru_0000648.jpg,244,20,12.2,дорого отправка сдэк объем сдэк boxberry новое,ofont.ru_Downtown.ttf,ru_en_mixed,True,0
synthru_0000649,synthetic_ru,synthru_0000649,/Users/vika/Projects/classifier_rotation/data/synthetic_ru/debug_1000/synthru_0000649.jpg,/Users/vika/Projects/classifier_rotation/data/synthetic_ru/debug_1000/synthru_0000649.jpg,108,20,5.4,"ул. Мира, 10, корп. 7",ofont.ru_normal font.ttf,ru_en_mixed,True,0
synthru_0000650,synthetic_ru,synthru_0000650,/Users/vika/Projects/classifier_rotation/data/synthetic_ru/debug_1000/synthru_0000650.jpg,/Users/vika/Projects/classifier_rotation/data/synthetic_ru/debug_1000/synthru_0000650.jpg,1022,126,8.11111111111111,premium online premium limited,ofont.ru_Smooz.ttf,ru_en_mixed,True,0
synthru_0000651,synthetic_ru,synthru_0000651,/Users/vika/Projects/classifier_rotation/data/synthetic_ru/debug_1000/synthru_0000651.jpg,/Users/vika/Projects/classifier_rotation/data/synthetic_ru/debug_1000/synthru_0000651.jpg,339,29,11.689655172413794,433.99,ofont.ru_Hirro Sans.ttf,ru_en_mixed,True,0
synthru_0000652,synthetic_ru,synthru_0000652,/Users/vika/Projects/classifier_rotation/data/synthetic_ru/debug_1000/synthru_0000652.jpg,/Users/vika/Projects/classifier_rotation/data/synthetic_ru/debug_1000/synthru_0000652.jpg,239,21,11.380952380952381,копия ватсап телеграм корпус ул,ofont.ru_PF Monumenta Pro.ttf,ru_en_mixed,True,0
synthru_0000653,synthetic_ru,synthru_0000653,/Users/vika/Projects/classifier_rotation/data/synthetic_ru/debug_1000/synthru_0000653.jpg,/Users/vika/Projects/classifier_rotation/data/synthetic_ru/debug_1000/synthru_0000653.jpg,433,185,2.3405405405405406,8 138,ofont.ru_Veles.ttf,ru_en_mixed,True,0
synthru_0000654,synthetic_ru,synthru_0000654,/Users/vika/Projects/classifier_rotation/data/synthetic_ru/debug_1000/synthru_0000654.jpg,/Users/vika/Projects/classifier_rotation/data/synthetic_ru/debug_1000/synthru_0000654.jpg,300,40,7.5,Honor оригинал 9939,ofont.ru_Hirro Sans.ttf,ru_en_mixed,True,0
synthru_0000655,synthetic_ru,synthru_0000655,/Users/vika/Projects/classifier_rotation/data/synthetic_ru/debug_1000/synthru_0000655.jpg,/Users/vika/Projects/classifier_rotation/data/synthetic_ru/debug_1000/synthru_0000655.jpg,416,28,14.857142857142858,+7 (922) 905-33-54,ofont.ru_Zekton.ttf,ru_en_mixed,True,0
synthru_0000656,synthetic_ru,synthru_0000656,/Users/vika/Projects/classifier_rotation/data/synthetic_ru/debug_1000/synthru_0000656.jpg,/Users/vika/Projects/classifier_rotation/data/synthetic_ru/debug_1000/synthru_0000656.jpg,1836,57,32.21052631578947,консультация клавиатура резерв установка цена замша бу ширина вещь телефон дешево адрес,ofont.ru_Ethna.ttf,ru_en_mixed,True,0
synthru_0000657,synthetic_ru,synthru_0000657,/Users/vika/Projects/classifier_rotation/data/synthetic_ru/debug_1000/synthru_0000657.jpg,/Users/vika/Projects/classifier_rotation/data/synthetic_ru/debug_1000/synthru_0000657.jpg,425,20,21.25,торг консультация торг идеальное двигатель ноутбук,ofont.ru_FloraC.ttf,ru_en_mixed,True,0
synthru_0000658,synthetic_ru,synthru_0000658,/Users/vika/Projects/classifier_rotation/data/synthetic_ru/debug_1000/synthru_0000658.jpg,/Users/vika/Projects/classifier_rotation/data/synthetic_ru/debug_1000/synthru_0000658.jpg,319,25,12.76,монтаж недорого поколение наушники б/у whatsapp,ofont.ru_Veles.ttf,ru_en_mixed,True,0
synthru_0000659,synthetic_ru,synthru_0000659,/Users/vika/Projects/classifier_rotation/data/synthetic_ru/debug_1000/synthru_0000659.jpg,/Users/vika/Projects/classifier_rotation/data/synthetic_ru/debug_1000/synthru_0000659.jpg,1844,138,13.36231884057971,"ул. Советская, 34, кв. 51, корп. 6",ofont.ru_Rubik Vinyl.ttf,ru_en_mixed,True,0
synthru_0000660,synthetic_ru,synthru_0000660,/Users/vika/Projects/classifier_rotation/data/synthetic_ru/debug_1000/synthru_0000660.jpg,/Users/vika/Projects/classifier_rotation/data/synthetic_ru/debug_1000/synthru_0000660.jpg,311,22,14.136363636363637,+7 (945) 289-40-91,ofont.ru_Rubik Vinyl.ttf,ru_en_mixed,True,0
synthru_0000661,synthetic_ru,synthru_0000661,/Users/vika/Projects/classifier_rotation/data/synthetic_ru/debug_1000/synthru_0000661.jpg,/Users/vika/Projects/classifier_rotation/data/synthetic_ru/debug_1000/synthru_0000661.jpg,787,65,12.107692307692307,BMW Pro 7,ofont.ru_DlgGeo.ttf,ru_en_mixed,True,0
synthru_0000662,synthetic_ru,synthru_0000662,/Users/vika/Projects/classifier_rotation/data/synthetic_ru/debug_1000/synthru_0000662.jpg,/Users/vika/Projects/classifier_rotation/data/synthetic_ru/debug_1000/synthru_0000662.jpg,873,36,24.25,BMW Plus 65,ofont.ru_Bookman Old Style Cyr.ttf,ru_en_mixed,True,0
synthru_0000663,synthetic_ru,synthru_0000663,/Users/vika/Projects/classifier_rotation/data/synthetic_ru/debug_1000/synthru_0000663.jpg,/Users/vika/Projects/classifier_rotation/data/synthetic_ru/debug_1000/synthru_0000663.jpg,1658,80,20.725,адаптер шины б/у заказ новая работа оптом студия торг реплика завтра,ofont.ru_normal font.ttf,ru_en_mixed,True,0
synthru_0000664,synthetic_ru,synthru_0000664,/Users/vika/Projects/classifier_rotation/data/synthetic_ru/debug_1000/synthru_0000664.jpg,/Users/vika/Projects/classifier_rotation/data/synthetic_ru/debug_1000/synthru_0000664.jpg,863,162,5.327160493827161,Samsung Кабель тысяч 1646,ofont.ru_normal font.ttf,ru_en_mixed,True,0
synthru_0000665,synthetic_ru,synthru_0000665,/Users/vika/Projects/classifier_rotation/data/synthetic_ru/debug_1000/synthru_0000665.jpg,/Users/vika/Projects/classifier_rotation/data/synthetic_ru/debug_1000/synthru_0000665.jpg,936,145,6.455172413793103,KIA проспект 3517,ofont.ru_Playfair Display.ttf,ru_en_mixed,True,0
synthru_0000666,synthetic_ru,synthru_0000666,/Users/vika/Projects/classifier_rotation/data/synthetic_ru/debug_1000/synthru_0000666.jpg,/Users/vika/Projects/classifier_rotation/data/synthetic_ru/debug_1000/synthru_0000666.jpg,235,53,4.433962264150943,подарок комплект,ofont.ru_DlgGeo.ttf,ru_en_mixed,True,0
synthru_0000667,synthetic_ru,synthru_0000667,/Users/vika/Projects/classifier_rotation/data/synthetic_ru/debug_1000/synthru_0000667.jpg,/Users/vika/Projects/classifier_rotation/data/synthetic_ru/debug_1000/synthru_0000667.jpg,1537,71,21.64788732394366,sale shop price discount offer premium original discount special quality offer,ofont.ru_ArbatDi.ttf,ru_en_mixed,True,0
synthru_0000668,synthetic_ru,synthru_0000668,/Users/vika/Projects/classifier_rotation/data/synthetic_ru/debug_1000/synthru_0000668.jpg,/Users/vika/Projects/classifier_rotation/data/synthetic_ru/debug_1000/synthru_0000668.jpg,492,73,6.739726027397261,+7 (944) 480-46-64,ofont.ru_Downtown.ttf,ru_en_mixed,True,0
synthru_0000669,synthetic_ru,synthru_0000669,/Users/vika/Projects/classifier_rotation/data/synthetic_ru/debug_1000/synthru_0000669.jpg,/Users/vika/Projects/classifier_rotation/data/synthetic_ru/debug_1000/synthru_0000669.jpg,161,20,8.05,13,ofont.ru_Smooz.ttf,ru_en_mixed,True,0
synthru_0000670,synthetic_ru,synthru_0000670,/Users/vika/Projects/classifier_rotation/data/synthetic_ru/debug_1000/synthru_0000670.jpg,/Users/vika/Projects/classifier_rotation/data/synthetic_ru/debug_1000/synthru_0000670.jpg,238,43,5.534883720930233,53,ofont.ru_FloraC.ttf,ru_en_mixed,True,0
synthru_0000671,synthetic_ru,synthru_0000671,/Users/vika/Projects/classifier_rotation/data/synthetic_ru/debug_1000/synthru_0000671.jpg,/Users/vika/Projects/classifier_rotation/data/synthetic_ru/debug_1000/synthru_0000671.jpg,419,24,17.458333333333332,online phone shop online original store quality limited,ofont.ru_Rubik Vinyl.ttf,ru_en_mixed,True,0
synthru_0000672,synthetic_ru,synthru_0000672,/Users/vika/Projects/classifier_rotation/data/synthetic_ru/debug_1000/synthru_0000672.jpg,/Users/vika/Projects/classifier_rotation/data/synthetic_ru/debug_1000/synthru_0000672.jpg,1781,301,5.916943521594685,размер цвета курьер boxberry дом зарядка,ofont.ru_Departura.ttf,ru_en_mixed,True,0
synthru_0000673,synthetic_ru,synthru_0000673,/Users/vika/Projects/classifier_rotation/data/synthetic_ru/debug_1000/synthru_0000673.jpg,/Users/vika/Projects/classifier_rotation/data/synthetic_ru/debug_1000/synthru_0000673.jpg,235,52,4.519230769230769,41,ofont.ru_Downtown.ttf,ru_en_mixed,True,0
synthru_0000674,synthetic_ru,synthru_0000674,/Users/vika/Projects/classifier_rotation/data/synthetic_ru/debug_1000/synthru_0000674.jpg,/Users/vika/Projects/classifier_rotation/data/synthetic_ru/debug_1000/synthru_0000674.jpg,1446,52,27.807692307692307,объектив новая работа недорого отличное модель недорого модель доставка выгодно,ofont.ru_Downtown.ttf,ru_en_mixed,True,0
synthru_0000675,synthetic_ru,synthru_0000675,/Users/vika/Projects/classifier_rotation/data/synthetic_ru/debug_1000/synthru_0000675.jpg,/Users/vika/Projects/classifier_rotation/data/synthetic_ru/debug_1000/synthru_0000675.jpg,319,31,10.290322580645162,Toyota даром ширина 8448,ofont.ru_Smooz.ttf,ru_en_mixed,True,0
synthru_0000676,synthetic_ru,synthru_0000676,/Users/vika/Projects/classifier_rotation/data/synthetic_ru/debug_1000/synthru_0000676.jpg,/Users/vika/Projects/classifier_rotation/data/synthetic_ru/debug_1000/synthru_0000676.jpg,329,24,13.708333333333334,LG ищу производство дом 1157,ofont.ru_Rubik Vinyl.ttf,ru_en_mixed,True,0
synthru_0000677,synthetic_ru,synthru_0000677,/Users/vika/Projects/classifier_rotation/data/synthetic_ru/debug_1000/synthru_0000677.jpg,/Users/vika/Projects/classifier_rotation/data/synthetic_ru/debug_1000/synthru_0000677.jpg,106,37,2.864864864864865,54,ofont.ru_Downtown.ttf,ru_en_mixed,True,0
synthru_0000678,synthetic_ru,synthru_0000678,/Users/vika/Projects/classifier_rotation/data/synthetic_ru/debug_1000/synthru_0000678.jpg,/Users/vika/Projects/classifier_rotation/data/synthetic_ru/debug_1000/synthru_0000678.jpg,432,31,13.935483870967742,монтаж смотрите ищу диагональ авто рублей дом распродажа,ofont.ru_Departura.ttf,ru_en_mixed,True,0
synthru_0000679,synthetic_ru,synthru_0000679,/Users/vika/Projects/classifier_rotation/data/synthetic_ru/debug_1000/synthru_0000679.jpg,/Users/vika/Projects/classifier_rotation/data/synthetic_ru/debug_1000/synthru_0000679.jpg,1474,53,27.81132075471698,быстро стекло длина ул проспект салон бронь доставка,ofont.ru_Arteks.ttf,ru_en_mixed,True,0
synthru_0000680,synthetic_ru,synthru_0000680,/Users/vika/Projects/classifier_rotation/data/synthetic_ru/debug_1000/synthru_0000680.jpg,/Users/vika/Projects/classifier_rotation/data/synthetic_ru/debug_1000/synthru_0000680.jpg,241,99,2.4343434343434343,146.99,ofont.ru_FloraC.ttf,ru_en_mixed,True,0
synthru_0000681,synthetic_ru,synthru_0000681,/Users/vika/Projects/classifier_rotation/data/synthetic_ru/debug_1000/synthru_0000681.jpg,/Users/vika/Projects/classifier_rotation/data/synthetic_ru/debug_1000/synthru_0000681.jpg,1090,49,22.244897959183675,new sale quality new new store price special store shop offer,ofont.ru_Downtown.ttf,ru_en_mixed,True,0
synthru_0000682,synthetic_ru,synthru_0000682,/Users/vika/Projects/classifier_rotation/data/synthetic_ru/debug_1000/synthru_0000682.jpg,/Users/vika/Projects/classifier_rotation/data/synthetic_ru/debug_1000/synthru_0000682.jpg,240,20,12.0,работа оперативно,ofont.ru_Handgeschrieben.ttf,ru_en_mixed,True,0
synthru_0000683,synthetic_ru,synthru_0000683,/Users/vika/Projects/classifier_rotation/data/synthetic_ru/debug_1000/synthru_0000683.jpg,/Users/vika/Projects/classifier_rotation/data/synthetic_ru/debug_1000/synthru_0000683.jpg,363,55,6.6,Sony чехол 2078,ofont.ru_Arteks.ttf,ru_en_mixed,True,0
synthru_0000684,synthetic_ru,synthru_0000684,/Users/vika/Projects/classifier_rotation/data/synthetic_ru/debug_1000/synthru_0000684.jpg,/Users/vika/Projects/classifier_rotation/data/synthetic_ru/debug_1000/synthru_0000684.jpg,303,42,7.214285714285714,от 35 237,ofont.ru_FloraC.ttf,ru_en_mixed,True,0
synthru_0000685,synthetic_ru,synthru_0000685,/Users/vika/Projects/classifier_rotation/data/synthetic_ru/debug_1000/synthru_0000685.jpg,/Users/vika/Projects/classifier_rotation/data/synthetic_ru/debug_1000/synthru_0000685.jpg,402,20,20.1,копия гараж цена магазин стекло смотрите уценка ищу whatsapp розница б/у,ofont.ru_Zekton.ttf,ru_en_mixed,True,0
synthru_0000686,synthetic_ru,synthru_0000686,/Users/vika/Projects/classifier_rotation/data/synthetic_ru/debug_1000/synthru_0000686.jpg,/Users/vika/Projects/classifier_rotation/data/synthetic_ru/debug_1000/synthru_0000686.jpg,102,36,2.8333333333333335,609.99,ofont.ru_Hirro Sans.ttf,ru_en_mixed,True,0
synthru_0000687,synthetic_ru,synthru_0000687,/Users/vika/Projects/classifier_rotation/data/synthetic_ru/debug_1000/synthru_0000687.jpg,/Users/vika/Projects/classifier_rotation/data/synthetic_ru/debug_1000/synthru_0000687.jpg,488,33,14.787878787878787,курьер телефон версия замша настройка даром,ofont.ru_Veles.ttf,ru_en_mixed,True,0
synthru_0000688,synthetic_ru,synthru_0000688,/Users/vika/Projects/classifier_rotation/data/synthetic_ru/debug_1000/synthru_0000688.jpg,/Users/vika/Projects/classifier_rotation/data/synthetic_ru/debug_1000/synthru_0000688.jpg,237,38,6.2368421052631575,Nike товар Бронь сегодня 9966,ofont.ru_Downtown.ttf,ru_en_mixed,True,0
synthru_0000689,synthetic_ru,synthru_0000689,/Users/vika/Projects/classifier_rotation/data/synthetic_ru/debug_1000/synthru_0000689.jpg,/Users/vika/Projects/classifier_rotation/data/synthetic_ru/debug_1000/synthru_0000689.jpg,1022,94,10.872340425531915,планшет новая наличие звоните год недорого,ofont.ru_normal font.ttf,ru_en_mixed,True,0
synthru_0000690,synthetic_ru,synthru_0000690,/Users/vika/Projects/classifier_rotation/data/synthetic_ru/debug_1000/synthru_0000690.jpg,/Users/vika/Projects/classifier_rotation/data/synthetic_ru/debug_1000/synthru_0000690.jpg,885,122,7.254098360655738,premium discount,ofont.ru_DlgGeo.ttf,ru_en_mixed,True,0
synthru_0000691,synthetic_ru,synthru_0000691,/Users/vika/Projects/classifier_rotation/data/synthetic_ru/debug_1000/synthru_0000691.jpg,/Users/vika/Projects/classifier_rotation/data/synthetic_ru/debug_1000/synthru_0000691.jpg,620,20,31.0,клавиатура телефон обслуживание длина срочно дом дефект спрашивайте сегодня брак оригинал,ofont.ru_FloraC.ttf,ru_en_mixed,True,0
synthru_0000692,synthetic_ru,synthru_0000692,/Users/vika/Projects/classifier_rotation/data/synthetic_ru/debug_1000/synthru_0000692.jpg,/Users/vika/Projects/classifier_rotation/data/synthetic_ru/debug_1000/synthru_0000692.jpg,1044,114,9.157894736842104,Samsung реплика 3172,ofont.ru_Zekton.ttf,ru_en_mixed,True,0
synthru_0000693,synthetic_ru,synthru_0000693,/Users/vika/Projects/classifier_rotation/data/synthetic_ru/debug_1000/synthru_0000693.jpg,/Users/vika/Projects/classifier_rotation/data/synthetic_ru/debug_1000/synthru_0000693.jpg,372,36,10.333333333333334,коробка продукт,ofont.ru_Bookman Old Style Cyr.ttf,ru_en_mixed,True,0
synthru_0000694,synthetic_ru,synthru_0000694,/Users/vika/Projects/classifier_rotation/data/synthetic_ru/debug_1000/synthru_0000694.jpg,/Users/vika/Projects/classifier_rotation/data/synthetic_ru/debug_1000/synthru_0000694.jpg,206,20,10.3,ватсап куплю пункт выдачи адрес,ofont.ru_Departura.ttf,ru_en_mixed,True,0
synthru_0000695,synthetic_ru,synthru_0000695,/Users/vika/Projects/classifier_rotation/data/synthetic_ru/debug_1000/synthru_0000695.jpg,/Users/vika/Projects/classifier_rotation/data/synthetic_ru/debug_1000/synthru_0000695.jpg,944,26,36.30769230769231,дорого обслуживание оперативно вещь гараж скидка планшет консультация продаю телефон,ofont.ru_PF Monumenta Pro.ttf,ru_en_mixed,True,0
synthru_0000696,synthetic_ru,synthru_0000696,/Users/vika/Projects/classifier_rotation/data/synthetic_ru/debug_1000/synthru_0000696.jpg,/Users/vika/Projects/classifier_rotation/data/synthetic_ru/debug_1000/synthru_0000696.jpg,97,20,4.85,3И3ЖТ1ИСЭПВЕ7Э,ofont.ru_Handgeschrieben.ttf,ru_en_mixed,True,0
synthru_0000697,synthetic_ru,synthru_0000697,/Users/vika/Projects/classifier_rotation/data/synthetic_ru/debug_1000/synthru_0000697.jpg,/Users/vika/Projects/classifier_rotation/data/synthetic_ru/debug_1000/synthru_0000697.jpg,1213,107,11.336448598130842,срочно поддержка спрашивайте гарантия,ofont.ru_normal font.ttf,ru_en_mixed,True,0
synthru_0000698,synthetic_ru,synthru_0000698,/Users/vika/Projects/classifier_rotation/data/synthetic_ru/debug_1000/synthru_0000698.jpg,/Users/vika/Projects/classifier_rotation/data/synthetic_ru/debug_1000/synthru_0000698.jpg,818,109,7.504587155963303,LG S 81,ofont.ru_Zekton.ttf,ru_en_mixed,True,0
synthru_0000699,synthetic_ru,synthru_0000699,/Users/vika/Projects/classifier_rotation/data/synthetic_ru/debug_1000/synthru_0000699.jpg,/Users/vika/Projects/classifier_rotation/data/synthetic_ru/debug_1000/synthru_0000699.jpg,485,108,4.4907407407407405,806.99,ofont.ru_DlgGeo.ttf,ru_en_mixed,True,0
synthru_0000700,synthetic_ru,synthru_0000700,/Users/vika/Projects/classifier_rotation/data/synthetic_ru/debug_1000/synthru_0000700.jpg,/Users/vika/Projects/classifier_rotation/data/synthetic_ru/debug_1000/synthru_0000700.jpg,242,21,11.523809523809524,boxberry услуги розница,ofont.ru_Smooz.ttf,ru_en_mixed,True,0
synthru_0000701,synthetic_ru,synthru_0000701,/Users/vika/Projects/classifier_rotation/data/synthetic_ru/debug_1000/synthru_0000701.jpg,/Users/vika/Projects/classifier_rotation/data/synthetic_ru/debug_1000/synthru_0000701.jpg,600,20,30.0,высота сервис продаю чехол кабель материал установка доставка реплика обслуживание поддержка,ofont.ru_Rubik Vinyl.ttf,ru_en_mixed,True,0
synthru_0000702,synthetic_ru,synthru_0000702,/Users/vika/Projects/classifier_rotation/data/synthetic_ru/debug_1000/synthru_0000702.jpg,/Users/vika/Projects/classifier_rotation/data/synthetic_ru/debug_1000/synthru_0000702.jpg,1920,86,22.325581395348838,магазин доставка telegram обменяю дача оригинал срочно копия ватсап,ofont.ru_Playfair Display.ttf,ru_en_mixed,True,0
synthru_0000703,synthetic_ru,synthru_0000703,/Users/vika/Projects/classifier_rotation/data/synthetic_ru/debug_1000/synthru_0000703.jpg,/Users/vika/Projects/classifier_rotation/data/synthetic_ru/debug_1000/synthru_0000703.jpg,1485,73,20.34246575342466,звоните бу модель доставка партия объектив версия,ofont.ru_Rubik Vinyl.ttf,ru_en_mixed,True,0
synthru_0000704,synthetic_ru,synthru_0000704,/Users/vika/Projects/classifier_rotation/data/synthetic_ru/debug_1000/synthru_0000704.jpg,/Users/vika/Projects/classifier_rotation/data/synthetic_ru/debug_1000/synthru_0000704.jpg,162,20,8.1,831.99,ofont.ru_Playfair Display.ttf,ru_en_mixed,True,0
synthru_0000705,synthetic_ru,synthru_0000705,/Users/vika/Projects/classifier_rotation/data/synthetic_ru/debug_1000/synthru_0000705.jpg,/Users/vika/Projects/classifier_rotation/data/synthetic_ru/debug_1000/synthru_0000705.jpg,126,20,6.3,+7 (902) 851-16-18,ofont.ru_Rubik Vinyl.ttf,ru_en_mixed,True,0
synthru_0000706,synthetic_ru,synthru_0000706,/Users/vika/Projects/classifier_rotation/data/synthetic_ru/debug_1000/synthru_0000706.jpg,/Users/vika/Projects/classifier_rotation/data/synthetic_ru/debug_1000/synthru_0000706.jpg,923,267,3.4569288389513106,модель двигатель работа,ofont.ru_normal font.ttf,ru_en_mixed,True,0
synthru_0000707,synthetic_ru,synthru_0000707,/Users/vika/Projects/classifier_rotation/data/synthetic_ru/debug_1000/synthru_0000707.jpg,/Users/vika/Projects/classifier_rotation/data/synthetic_ru/debug_1000/synthru_0000707.jpg,730,29,25.17241379310345,наличие продам брак ширина проспект пишите коробка почта материал объектив розница,ofont.ru_Playfair Display.ttf,ru_en_mixed,True,0
synthru_0000708,synthetic_ru,synthru_0000708,/Users/vika/Projects/classifier_rotation/data/synthetic_ru/debug_1000/synthru_0000708.jpg,/Users/vika/Projects/classifier_rotation/data/synthetic_ru/debug_1000/synthru_0000708.jpg,154,28,5.5,BMW Lite 76,ofont.ru_PF Monumenta Pro.ttf,ru_en_mixed,True,0
synthru_0000709,synthetic_ru,synthru_0000709,/Users/vika/Projects/classifier_rotation/data/synthetic_ru/debug_1000/synthru_0000709.jpg,/Users/vika/Projects/classifier_rotation/data/synthetic_ru/debug_1000/synthru_0000709.jpg,405,44,9.204545454545455,store limited address,ofont.ru_DlgGeo.ttf,ru_en_mixed,True,0
synthru_0000710,synthetic_ru,synthru_0000710,/Users/vika/Projects/classifier_rotation/data/synthetic_ru/debug_1000/synthru_0000710.jpg,/Users/vika/Projects/classifier_rotation/data/synthetic_ru/debug_1000/synthru_0000710.jpg,1661,112,14.830357142857142,дорого ватсап улица оперативно бонус кабель,ofont.ru_FloraC.ttf,ru_en_mixed,True,0
synthru_0000711,synthetic_ru,synthru_0000711,/Users/vika/Projects/classifier_rotation/data/synthetic_ru/debug_1000/synthru_0000711.jpg,/Users/vika/Projects/classifier_rotation/data/synthetic_ru/debug_1000/synthru_0000711.jpg,1062,138,7.695652173913044,991.99,ofont.ru_Rubik Vinyl.ttf,ru_en_mixed,True,0
synthru_0000712,synthetic_ru,synthru_0000712,/Users/vika/Projects/classifier_rotation/data/synthetic_ru/debug_1000/synthru_0000712.jpg,/Users/vika/Projects/classifier_rotation/data/synthetic_ru/debug_1000/synthru_0000712.jpg,806,112,7.196428571428571,1 411 за комплект,ofont.ru_ArbatDi.ttf,ru_en_mixed,True,0
synthru_0000713,synthetic_ru,synthru_0000713,/Users/vika/Projects/classifier_rotation/data/synthetic_ru/debug_1000/synthru_0000713.jpg,/Users/vika/Projects/classifier_rotation/data/synthetic_ru/debug_1000/synthru_0000713.jpg,160,20,8.0,"ул. Мира, 154, корп. 6",ofont.ru_Hirro Sans.ttf,ru_en_mixed,True,0
synthru_0000714,synthetic_ru,synthru_0000714,/Users/vika/Projects/classifier_rotation/data/synthetic_ru/debug_1000/synthru_0000714.jpg,/Users/vika/Projects/classifier_rotation/data/synthetic_ru/debug_1000/synthru_0000714.jpg,493,20,24.65,+7 (900) 184-95-27,ofont.ru_Downtown.ttf,ru_en_mixed,True,0
synthru_0000715,synthetic_ru,synthru_0000715,/Users/vika/Projects/classifier_rotation/data/synthetic_ru/debug_1000/synthru_0000715.jpg,/Users/vika/Projects/classifier_rotation/data/synthetic_ru/debug_1000/synthru_0000715.jpg,279,47,5.9361702127659575,"ул. Гагарина, 113",ofont.ru_Arteks.ttf,ru_en_mixed,True,0
synthru_0000716,synthetic_ru,synthru_0000716,/Users/vika/Projects/classifier_rotation/data/synthetic_ru/debug_1000/synthru_0000716.jpg,/Users/vika/Projects/classifier_rotation/data/synthetic_ru/debug_1000/synthru_0000716.jpg,443,24,18.458333333333332,копейки шины скидка отправка колонка дешево telegram бу,ofont.ru_Handgeschrieben.ttf,ru_en_mixed,True,0
synthru_0000717,synthetic_ru,synthru_0000717,/Users/vika/Projects/classifier_rotation/data/synthetic_ru/debug_1000/synthru_0000717.jpg,/Users/vika/Projects/classifier_rotation/data/synthetic_ru/debug_1000/synthru_0000717.jpg,345,43,8.023255813953488,"ул. Пушкина, 89, корп. 6",ofont.ru_PF Monumenta Pro.ttf,ru_en_mixed,True,0
synthru_0000718,synthetic_ru,synthru_0000718,/Users/vika/Projects/classifier_rotation/data/synthetic_ru/debug_1000/synthru_0000718.jpg,/Users/vika/Projects/classifier_rotation/data/synthetic_ru/debug_1000/synthru_0000718.jpg,248,29,8.551724137931034,92,ofont.ru_FloraC.ttf,ru_en_mixed,True,0
synthru_0000719,synthetic_ru,synthru_0000719,/Users/vika/Projects/classifier_rotation/data/synthetic_ru/debug_1000/synthru_0000719.jpg,/Users/vika/Projects/classifier_rotation/data/synthetic_ru/debug_1000/synthru_0000719.jpg,67,20,3.35,скидка авто,ofont.ru_ArbatDi.ttf,ru_en_mixed,True,0
synthru_0000720,synthetic_ru,synthru_0000720,/Users/vika/Projects/classifier_rotation/data/synthetic_ru/debug_1000/synthru_0000720.jpg,/Users/vika/Projects/classifier_rotation/data/synthetic_ru/debug_1000/synthru_0000720.jpg,920,61,15.081967213114755,отправка пункт штука мышь торг,ofont.ru_Arteks.ttf,ru_en_mixed,True,0
synthru_0000721,synthetic_ru,synthru_0000721,/Users/vika/Projects/classifier_rotation/data/synthetic_ru/debug_1000/synthru_0000721.jpg,/Users/vika/Projects/classifier_rotation/data/synthetic_ru/debug_1000/synthru_0000721.jpg,954,30,31.8,сегодня звоните работа сегодня звонок поддержка адрес настройка сдэк поддержка цены дефект,ofont.ru_Smooz.ttf,ru_en_mixed,True,0
synthru_0000722,synthetic_ru,synthru_0000722,/Users/vika/Projects/classifier_rotation/data/synthetic_ru/debug_1000/synthru_0000722.jpg,/Users/vika/Projects/classifier_rotation/data/synthetic_ru/debug_1000/synthru_0000722.jpg,271,30,9.033333333333333,+7 (916) 101-66-24,ofont.ru_Bookman Old Style Cyr.ttf,ru_en_mixed,True,0
synthru_0000723,synthetic_ru,synthru_0000723,/Users/vika/Projects/classifier_rotation/data/synthetic_ru/debug_1000/synthru_0000723.jpg,/Users/vika/Projects/classifier_rotation/data/synthetic_ru/debug_1000/synthru_0000723.jpg,217,20,10.85,63,ofont.ru_Departura.ttf,ru_en_mixed,True,0
synthru_0000724,synthetic_ru,synthru_0000724,/Users/vika/Projects/classifier_rotation/data/synthetic_ru/debug_1000/synthru_0000724.jpg,/Users/vika/Projects/classifier_rotation/data/synthetic_ru/debug_1000/synthru_0000724.jpg,184,61,3.0163934426229506,Sony X 94,ofont.ru_Ethna.ttf,ru_en_mixed,True,0
synthru_0000725,synthetic_ru,synthru_0000725,/Users/vika/Projects/classifier_rotation/data/synthetic_ru/debug_1000/synthru_0000725.jpg,/Users/vika/Projects/classifier_rotation/data/synthetic_ru/debug_1000/synthru_0000725.jpg,568,21,27.047619047619047,дорого доставка оригинал ищу пишите копия сегодня продукт партия тысяч,ofont.ru_Handgeschrieben.ttf,ru_en_mixed,True,0
synthru_0000726,synthetic_ru,synthru_0000726,/Users/vika/Projects/classifier_rotation/data/synthetic_ru/debug_1000/synthru_0000726.jpg,/Users/vika/Projects/classifier_rotation/data/synthetic_ru/debug_1000/synthru_0000726.jpg,343,35,9.8,"ул. Гагарина, 240, корп. 3",ofont.ru_DlgGeo.ttf,ru_en_mixed,True,0
synthru_0000727,synthetic_ru,synthru_0000727,/Users/vika/Projects/classifier_rotation/data/synthetic_ru/debug_1000/synthru_0000727.jpg,/Users/vika/Projects/classifier_rotation/data/synthetic_ru/debug_1000/synthru_0000727.jpg,1052,223,4.7174887892376685,+7 (907) 452-86-39,ofont.ru_Veles.ttf,ru_en_mixed,True,0
synthru_0000728,synthetic_ru,synthru_0000728,/Users/vika/Projects/classifier_rotation/data/synthetic_ru/debug_1000/synthru_0000728.jpg,/Users/vika/Projects/classifier_rotation/data/synthetic_ru/debug_1000/synthru_0000728.jpg,788,43,18.325581395348838,special sale premium online store shop premium sale,ofont.ru_FloraC.ttf,ru_en_mixed,True,0
synthru_0000729,synthetic_ru,synthru_0000729,/Users/vika/Projects/classifier_rotation/data/synthetic_ru/debug_1000/synthru_0000729.jpg,/Users/vika/Projects/classifier_rotation/data/synthetic_ru/debug_1000/synthru_0000729.jpg,308,38,8.105263157894736,Lenovo Plus 55,ofont.ru_Veles.ttf,ru_en_mixed,True,0
synthru_0000730,synthetic_ru,synthru_0000730,/Users/vika/Projects/classifier_rotation/data/synthetic_ru/debug_1000/synthru_0000730.jpg,/Users/vika/Projects/classifier_rotation/data/synthetic_ru/debug_1000/synthru_0000730.jpg,852,40,21.3,замша материал,ofont.ru_Ethna.ttf,ru_en_mixed,True,0
synthru_0000731,synthetic_ru,synthru_0000731,/Users/vika/Projects/classifier_rotation/data/synthetic_ru/debug_1000/synthru_0000731.jpg,/Users/vika/Projects/classifier_rotation/data/synthetic_ru/debug_1000/synthru_0000731.jpg,328,20,16.4,бонус адрес кузов вакансия,ofont.ru_PF Monumenta Pro.ttf,ru_en_mixed,True,0
synthru_0000732,synthetic_ru,synthru_0000732,/Users/vika/Projects/classifier_rotation/data/synthetic_ru/debug_1000/synthru_0000732.jpg,/Users/vika/Projects/classifier_rotation/data/synthetic_ru/debug_1000/synthru_0000732.jpg,1154,222,5.198198198198198,+7 (973) 799-58-43,ofont.ru_FloraC.ttf,ru_en_mixed,True,0
synthru_0000733,synthetic_ru,synthru_0000733,/Users/vika/Projects/classifier_rotation/data/synthetic_ru/debug_1000/synthru_0000733.jpg,/Users/vika/Projects/classifier_rotation/data/synthetic_ru/debug_1000/synthru_0000733.jpg,108,20,5.4,HONOR комплект 5994,ofont.ru_normal font.ttf,ru_en_mixed,True,0
synthru_0000734,synthetic_ru,synthru_0000734,/Users/vika/Projects/classifier_rotation/data/synthetic_ru/debug_1000/synthru_0000734.jpg,/Users/vika/Projects/classifier_rotation/data/synthetic_ru/debug_1000/synthru_0000734.jpg,507,41,12.365853658536585,Toyota сегодня оперативно торг 6074,ofont.ru_Handgeschrieben.ttf,ru_en_mixed,True,0
synthru_0000735,synthetic_ru,synthru_0000735,/Users/vika/Projects/classifier_rotation/data/synthetic_ru/debug_1000/synthru_0000735.jpg,/Users/vika/Projects/classifier_rotation/data/synthetic_ru/debug_1000/synthru_0000735.jpg,369,20,18.45,вакансия отправка партия завтра кабель дача сдэк срочно монтаж бронь магазин,ofont.ru_Downtown.ttf,ru_en_mixed,True,0
synthru_0000736,synthetic_ru,synthru_0000736,/Users/vika/Projects/classifier_rotation/data/synthetic_ru/debug_1000/synthru_0000736.jpg,/Users/vika/Projects/classifier_rotation/data/synthetic_ru/debug_1000/synthru_0000736.jpg,273,21,13.0,32,ofont.ru_PF Monumenta Pro.ttf,ru_en_mixed,True,0
synthru_0000737,synthetic_ru,synthru_0000737,/Users/vika/Projects/classifier_rotation/data/synthetic_ru/debug_1000/synthru_0000737.jpg,/Users/vika/Projects/classifier_rotation/data/synthetic_ru/debug_1000/synthru_0000737.jpg,718,66,10.878787878787879,Xiaomi Pro 15,ofont.ru_Playfair Display.ttf,ru_en_mixed,True,0
synthru_0000738,synthetic_ru,synthru_0000738,/Users/vika/Projects/classifier_rotation/data/synthetic_ru/debug_1000/synthru_0000738.jpg,/Users/vika/Projects/classifier_rotation/data/synthetic_ru/debug_1000/synthru_0000738.jpg,658,35,18.8,стоимость быстро телефон найму шины смартфон размеры завтра камера,ofont.ru_DlgGeo.ttf,ru_en_mixed,True,0
synthru_0000739,synthetic_ru,synthru_0000739,/Users/vika/Projects/classifier_rotation/data/synthetic_ru/debug_1000/synthru_0000739.jpg,/Users/vika/Projects/classifier_rotation/data/synthetic_ru/debug_1000/synthru_0000739.jpg,676,51,13.254901960784315,Lenovo найму вещь ищу в наличии 8506,ofont.ru_Arteks.ttf,ru_en_mixed,True,0
synthru_0000740,synthetic_ru,synthru_0000740,/Users/vika/Projects/classifier_rotation/data/synthetic_ru/debug_1000/synthru_0000740.jpg,/Users/vika/Projects/classifier_rotation/data/synthetic_ru/debug_1000/synthru_0000740.jpg,613,42,14.595238095238095,Honor Ремонт машина партия Уточняйте 575,ofont.ru_Downtown.ttf,ru_en_mixed,True,0
synthru_0000741,synthetic_ru,synthru_0000741,/Users/vika/Projects/classifier_rotation/data/synthetic_ru/debug_1000/synthru_0000741.jpg,/Users/vika/Projects/classifier_rotation/data/synthetic_ru/debug_1000/synthru_0000741.jpg,4386,175,25.062857142857144,цены сервис участок продам оперативно высота смартфон whatsapp квартира стекло акция,ofont.ru_FloraC.ttf,ru_en_mixed,True,0
synthru_0000742,synthetic_ru,synthru_0000742,/Users/vika/Projects/classifier_rotation/data/synthetic_ru/debug_1000/synthru_0000742.jpg,/Users/vika/Projects/classifier_rotation/data/synthetic_ru/debug_1000/synthru_0000742.jpg,222,25,8.88,продаю оригинал бронь,ofont.ru_Playfair Display.ttf,ru_en_mixed,True,0
synthru_0000743,synthetic_ru,synthru_0000743,/Users/vika/Projects/classifier_rotation/data/synthetic_ru/debug_1000/synthru_0000743.jpg,/Users/vika/Projects/classifier_rotation/data/synthetic_ru/debug_1000/synthru_0000743.jpg,270,47,5.74468085106383,Sony сдэк зарядка 2147,ofont.ru_DlgGeo.ttf,ru_en_mixed,True,0
synthru_0000744,synthetic_ru,synthru_0000744,/Users/vika/Projects/classifier_rotation/data/synthetic_ru/debug_1000/synthru_0000744.jpg,/Users/vika/Projects/classifier_rotation/data/synthetic_ru/debug_1000/synthru_0000744.jpg,542,25,21.68,розница резерв квартира авто колонка телефон уценка пункт б/у товар бронь улица,ofont.ru_Handgeschrieben.ttf,ru_en_mixed,True,0
synthru_0000745,synthetic_ru,synthru_0000745,/Users/vika/Projects/classifier_rotation/data/synthetic_ru/debug_1000/synthru_0000745.jpg,/Users/vika/Projects/classifier_rotation/data/synthetic_ru/debug_1000/synthru_0000745.jpg,59,20,2.95,от 75 330,ofont.ru_Rubik Vinyl.ttf,ru_en_mixed,True,0
synthru_0000746,synthetic_ru,synthru_0000746,/Users/vika/Projects/classifier_rotation/data/synthetic_ru/debug_1000/synthru_0000746.jpg,/Users/vika/Projects/classifier_rotation/data/synthetic_ru/debug_1000/synthru_0000746.jpg,1405,73,19.246575342465754,продаю найму партия колонка дом дорого,ofont.ru_PF Monumenta Pro.ttf,ru_en_mixed,True,0
synthru_0000747,synthetic_ru,synthru_0000747,/Users/vika/Projects/classifier_rotation/data/synthetic_ru/debug_1000/synthru_0000747.jpg,/Users/vika/Projects/classifier_rotation/data/synthetic_ru/debug_1000/synthru_0000747.jpg,249,22,11.318181818181818,срочно доставка объектив,ofont.ru_Smooz.ttf,ru_en_mixed,True,0
synthru_0000748,synthetic_ru,synthru_0000748,/Users/vika/Projects/classifier_rotation/data/synthetic_ru/debug_1000/synthru_0000748.jpg,/Users/vika/Projects/classifier_rotation/data/synthetic_ru/debug_1000/synthru_0000748.jpg,708,228,3.1052631578947367,И1ЭБ2Ц967,ofont.ru_Zekton.ttf,ru_en_mixed,True,0
synthru_0000749,synthetic_ru,synthru_0000749,/Users/vika/Projects/classifier_rotation/data/synthetic_ru/debug_1000/synthru_0000749.jpg,/Users/vika/Projects/classifier_rotation/data/synthetic_ru/debug_1000/synthru_0000749.jpg,918,32,28.6875,салон адрес автомобиль цена оригинал розница бу штука магазин чехол,ofont.ru_Zekton.ttf,ru_en_mixed,True,0
synthru_0000750,synthetic_ru,synthru_0000750,/Users/vika/Projects/classifier_rotation/data/synthetic_ru/debug_1000/synthru_0000750.jpg,/Users/vika/Projects/classifier_rotation/data/synthetic_ru/debug_1000/synthru_0000750.jpg,88,20,4.4,от 78 236,ofont.ru_Bookman Old Style Cyr.ttf,ru_en_mixed,True,0
synthru_0000751,synthetic_ru,synthru_0000751,/Users/vika/Projects/classifier_rotation/data/synthetic_ru/debug_1000/synthru_0000751.jpg,/Users/vika/Projects/classifier_rotation/data/synthetic_ru/debug_1000/synthru_0000751.jpg,275,36,7.638888888888889,"ул. Кирова, 158, кв. 238",ofont.ru_Departura.ttf,ru_en_mixed,True,0
synthru_0000752,synthetic_ru,synthru_0000752,/Users/vika/Projects/classifier_rotation/data/synthetic_ru/debug_1000/synthru_0000752.jpg,/Users/vika/Projects/classifier_rotation/data/synthetic_ru/debug_1000/synthru_0000752.jpg,167,24,6.958333333333333,service shop new original discount,ofont.ru_normal font.ttf,ru_en_mixed,True,0
synthru_0000753,synthetic_ru,synthru_0000753,/Users/vika/Projects/classifier_rotation/data/synthetic_ru/debug_1000/synthru_0000753.jpg,/Users/vika/Projects/classifier_rotation/data/synthetic_ru/debug_1000/synthru_0000753.jpg,204,20,10.2,Huawei адрес улица отправка 1988,ofont.ru_Handgeschrieben.ttf,ru_en_mixed,True,0
synthru_0000754,synthetic_ru,synthru_0000754,/Users/vika/Projects/classifier_rotation/data/synthetic_ru/debug_1000/synthru_0000754.jpg,/Users/vika/Projects/classifier_rotation/data/synthetic_ru/debug_1000/synthru_0000754.jpg,960,88,10.909090909090908,Honor Новая Хорошее быстро 9356,ofont.ru_Zekton.ttf,ru_en_mixed,True,0
synthru_0000755,synthetic_ru,synthru_0000755,/Users/vika/Projects/classifier_rotation/data/synthetic_ru/debug_1000/synthru_0000755.jpg,/Users/vika/Projects/classifier_rotation/data/synthetic_ru/debug_1000/synthru_0000755.jpg,173,20,8.65,отличное участок поддержка,ofont.ru_ArbatDi.ttf,ru_en_mixed,True,0
synthru_0000756,synthetic_ru,synthru_0000756,/Users/vika/Projects/classifier_rotation/data/synthetic_ru/debug_1000/synthru_0000756.jpg,/Users/vika/Projects/classifier_rotation/data/synthetic_ru/debug_1000/synthru_0000756.jpg,195,36,5.416666666666667,"ул. Кирова, 249",ofont.ru_Ethna.ttf,ru_en_mixed,True,0
synthru_0000757,synthetic_ru,synthru_0000757,/Users/vika/Projects/classifier_rotation/data/synthetic_ru/debug_1000/synthru_0000757.jpg,/Users/vika/Projects/classifier_rotation/data/synthetic_ru/debug_1000/synthru_0000757.jpg,177,37,4.783783783783784,HONOR Plus 25,ofont.ru_DlgGeo.ttf,ru_en_mixed,True,0
synthru_0000758,synthetic_ru,synthru_0000758,/Users/vika/Projects/classifier_rotation/data/synthetic_ru/debug_1000/synthru_0000758.jpg,/Users/vika/Projects/classifier_rotation/data/synthetic_ru/debug_1000/synthru_0000758.jpg,81,20,4.05,LG торг 5142,ofont.ru_DlgGeo.ttf,ru_en_mixed,True,0
synthru_0000759,synthetic_ru,synthru_0000759,/Users/vika/Projects/classifier_rotation/data/synthetic_ru/debug_1000/synthru_0000759.jpg,/Users/vika/Projects/classifier_rotation/data/synthetic_ru/debug_1000/synthru_0000759.jpg,641,41,15.634146341463415,улица офис сегодня идеальное дом участок тысяч резерв цена объектив,ofont.ru_Downtown.ttf,ru_en_mixed,True,0
synthru_0000760,synthetic_ru,synthru_0000760,/Users/vika/Projects/classifier_rotation/data/synthetic_ru/debug_1000/synthru_0000760.jpg,/Users/vika/Projects/classifier_rotation/data/synthetic_ru/debug_1000/synthru_0000760.jpg,3004,122,24.62295081967213,замша клавиатура бу telegram стекло в наличии дом кожа материал,ofont.ru_Zekton.ttf,ru_en_mixed,True,0
synthru_0000761,synthetic_ru,synthru_0000761,/Users/vika/Projects/classifier_rotation/data/synthetic_ru/debug_1000/synthru_0000761.jpg,/Users/vika/Projects/classifier_rotation/data/synthetic_ru/debug_1000/synthru_0000761.jpg,270,20,13.5,Xiaomi даром рублей 2160,ofont.ru_ArbatDi.ttf,ru_en_mixed,True,0
synthru_0000762,synthetic_ru,synthru_0000762,/Users/vika/Projects/classifier_rotation/data/synthetic_ru/debug_1000/synthru_0000762.jpg,/Users/vika/Projects/classifier_rotation/data/synthetic_ru/debug_1000/synthru_0000762.jpg,418,76,5.5,+7 (988) 607-51-43,ofont.ru_Smooz.ttf,ru_en_mixed,True,0
synthru_0000763,synthetic_ru,synthru_0000763,/Users/vika/Projects/classifier_rotation/data/synthetic_ru/debug_1000/synthru_0000763.jpg,/Users/vika/Projects/classifier_rotation/data/synthetic_ru/debug_1000/synthru_0000763.jpg,2197,84,26.154761904761905,гараж проспект квартира телефон предзаказ зарядка тысяч,ofont.ru_Handgeschrieben.ttf,ru_en_mixed,True,0
synthru_0000764,synthetic_ru,synthru_0000764,/Users/vika/Projects/classifier_rotation/data/synthetic_ru/debug_1000/synthru_0000764.jpg,/Users/vika/Projects/classifier_rotation/data/synthetic_ru/debug_1000/synthru_0000764.jpg,145,20,7.25,+7 (988) 666-63-88,ofont.ru_Arteks.ttf,ru_en_mixed,True,0
synthru_0000765,synthetic_ru,synthru_0000765,/Users/vika/Projects/classifier_rotation/data/synthetic_ru/debug_1000/synthru_0000765.jpg,/Users/vika/Projects/classifier_rotation/data/synthetic_ru/debug_1000/synthru_0000765.jpg,1212,181,6.696132596685083,от 65 017,ofont.ru_FloraC.ttf,ru_en_mixed,True,0
synthru_0000766,synthetic_ru,synthru_0000766,/Users/vika/Projects/classifier_rotation/data/synthetic_ru/debug_1000/synthru_0000766.jpg,/Users/vika/Projects/classifier_rotation/data/synthetic_ru/debug_1000/synthru_0000766.jpg,294,28,10.5,HONOR мышь продам 8841,ofont.ru_Ethna.ttf,ru_en_mixed,True,0
synthru_0000767,synthetic_ru,synthru_0000767,/Users/vika/Projects/classifier_rotation/data/synthetic_ru/debug_1000/synthru_0000767.jpg,/Users/vika/Projects/classifier_rotation/data/synthetic_ru/debug_1000/synthru_0000767.jpg,1054,67,15.73134328358209,Toyota штука адаптер курьер 7344,ofont.ru_Ethna.ttf,ru_en_mixed,True,0
synthru_0000768,synthetic_ru,synthru_0000768,/Users/vika/Projects/classifier_rotation/data/synthetic_ru/debug_1000/synthru_0000768.jpg,/Users/vika/Projects/classifier_rotation/data/synthetic_ru/debug_1000/synthru_0000768.jpg,761,26,29.26923076923077,копия двигатель доставка ищу отличное копейки штука требуется недорого адаптер скидка,ofont.ru_DlgGeo.ttf,ru_en_mixed,True,0
synthru_0000769,synthetic_ru,synthru_0000769,/Users/vika/Projects/classifier_rotation/data/synthetic_ru/debug_1000/synthru_0000769.jpg,/Users/vika/Projects/classifier_rotation/data/synthetic_ru/debug_1000/synthru_0000769.jpg,2117,112,18.901785714285715,машина даром салон завтра стоимость монитор,ofont.ru_FloraC.ttf,ru_en_mixed,True,0
synthru_0000770,synthetic_ru,synthru_0000770,/Users/vika/Projects/classifier_rotation/data/synthetic_ru/debug_1000/synthru_0000770.jpg,/Users/vika/Projects/classifier_rotation/data/synthetic_ru/debug_1000/synthru_0000770.jpg,159,38,4.184210526315789,от 20 639,ofont.ru_Zekton.ttf,ru_en_mixed,True,0
synthru_0000771,synthetic_ru,synthru_0000771,/Users/vika/Projects/classifier_rotation/data/synthetic_ru/debug_1000/synthru_0000771.jpg,/Users/vika/Projects/classifier_rotation/data/synthetic_ru/debug_1000/synthru_0000771.jpg,563,20,28.15,брак ищу вакансия поколение автомобиль диагональ квартира сервис,ofont.ru_Rubik Vinyl.ttf,ru_en_mixed,True,0
synthru_0000772,synthetic_ru,synthru_0000772,/Users/vika/Projects/classifier_rotation/data/synthetic_ru/debug_1000/synthru_0000772.jpg,/Users/vika/Projects/classifier_rotation/data/synthetic_ru/debug_1000/synthru_0000772.jpg,1677,128,13.1015625,цена отправка вещь копейки комната,ofont.ru_Ethna.ttf,ru_en_mixed,True,0
synthru_0000773,synthetic_ru,synthru_0000773,/Users/vika/Projects/classifier_rotation/data/synthetic_ru/debug_1000/synthru_0000773.jpg,/Users/vika/Projects/classifier_rotation/data/synthetic_ru/debug_1000/synthru_0000773.jpg,255,65,3.923076923076923,+7 (912) 767-30-75,ofont.ru_Ethna.ttf,ru_en_mixed,True,0
synthru_0000774,synthetic_ru,synthru_0000774,/Users/vika/Projects/classifier_rotation/data/synthetic_ru/debug_1000/synthru_0000774.jpg,/Users/vika/Projects/classifier_rotation/data/synthetic_ru/debug_1000/synthru_0000774.jpg,478,101,4.732673267326732,продам авто сдэк,ofont.ru_Downtown.ttf,ru_en_mixed,True,0
synthru_0000775,synthetic_ru,synthru_0000775,/Users/vika/Projects/classifier_rotation/data/synthetic_ru/debug_1000/synthru_0000775.jpg,/Users/vika/Projects/classifier_rotation/data/synthetic_ru/debug_1000/synthru_0000775.jpg,144,24,6.0,HONOR брак помощь 3389,ofont.ru_normal font.ttf,ru_en_mixed,True,0
synthru_0000776,synthetic_ru,synthru_0000776,/Users/vika/Projects/classifier_rotation/data/synthetic_ru/debug_1000/synthru_0000776.jpg,/Users/vika/Projects/classifier_rotation/data/synthetic_ru/debug_1000/synthru_0000776.jpg,796,148,5.378378378378378,цены кузов улица,ofont.ru_Ethna.ttf,ru_en_mixed,True,0
synthru_0000777,synthetic_ru,synthru_0000777,/Users/vika/Projects/classifier_rotation/data/synthetic_ru/debug_1000/synthru_0000777.jpg,/Users/vika/Projects/classifier_rotation/data/synthetic_ru/debug_1000/synthru_0000777.jpg,196,20,9.8,phone new sale limited available quality delivery best premium,ofont.ru_normal font.ttf,ru_en_mixed,True,0
synthru_0000778,synthetic_ru,synthru_0000778,/Users/vika/Projects/classifier_rotation/data/synthetic_ru/debug_1000/synthru_0000778.jpg,/Users/vika/Projects/classifier_rotation/data/synthetic_ru/debug_1000/synthru_0000778.jpg,411,76,5.407894736842105,+7 (969) 809-48-54,ofont.ru_Zekton.ttf,ru_en_mixed,True,0
synthru_0000779,synthetic_ru,synthru_0000779,/Users/vika/Projects/classifier_rotation/data/synthetic_ru/debug_1000/synthru_0000779.jpg,/Users/vika/Projects/classifier_rotation/data/synthetic_ru/debug_1000/synthru_0000779.jpg,849,31,27.387096774193548,недорого комната дача whatsapp идеальное сдэк гараж салон машина,ofont.ru_ArbatDi.ttf,ru_en_mixed,True,0
synthru_0000780,synthetic_ru,synthru_0000780,/Users/vika/Projects/classifier_rotation/data/synthetic_ru/debug_1000/synthru_0000780.jpg,/Users/vika/Projects/classifier_rotation/data/synthetic_ru/debug_1000/synthru_0000780.jpg,479,172,2.7848837209302326,от 1 004,ofont.ru_Zekton.ttf,ru_en_mixed,True,0
synthru_0000781,synthetic_ru,synthru_0000781,/Users/vika/Projects/classifier_rotation/data/synthetic_ru/debug_1000/synthru_0000781.jpg,/Users/vika/Projects/classifier_rotation/data/synthetic_ru/debug_1000/synthru_0000781.jpg,816,61,13.37704918032787,"ул. Пушкина, 53, кв. 298",ofont.ru_Departura.ttf,ru_en_mixed,True,0
synthru_0000782,synthetic_ru,synthru_0000782,/Users/vika/Projects/classifier_rotation/data/synthetic_ru/debug_1000/synthru_0000782.jpg,/Users/vika/Projects/classifier_rotation/data/synthetic_ru/debug_1000/synthru_0000782.jpg,1486,69,21.536231884057973,оптом бронь консультация услуги продаю установка рублей офис оперативно,ofont.ru_Departura.ttf,ru_en_mixed,True,0
synthru_0000783,synthetic_ru,synthru_0000783,/Users/vika/Projects/classifier_rotation/data/synthetic_ru/debug_1000/synthru_0000783.jpg,/Users/vika/Projects/classifier_rotation/data/synthetic_ru/debug_1000/synthru_0000783.jpg,98,20,4.9,АК1ШАГАОВЧЭ,ofont.ru_Rubik Vinyl.ttf,ru_en_mixed,True,0
synthru_0000784,synthetic_ru,synthru_0000784,/Users/vika/Projects/classifier_rotation/data/synthetic_ru/debug_1000/synthru_0000784.jpg,/Users/vika/Projects/classifier_rotation/data/synthetic_ru/debug_1000/synthru_0000784.jpg,1278,66,19.363636363636363,new limited premium premium offer address delivery special quality sale best,ofont.ru_Ethna.ttf,ru_en_mixed,True,0
synthru_0000785,synthetic_ru,synthru_0000785,/Users/vika/Projects/classifier_rotation/data/synthetic_ru/debug_1000/synthru_0000785.jpg,/Users/vika/Projects/classifier_rotation/data/synthetic_ru/debug_1000/synthru_0000785.jpg,139,20,6.95,Nike самовывоз оптом 2323,ofont.ru_DlgGeo.ttf,ru_en_mixed,True,0
synthru_0000786,synthetic_ru,synthru_0000786,/Users/vika/Projects/classifier_rotation/data/synthetic_ru/debug_1000/synthru_0000786.jpg,/Users/vika/Projects/classifier_rotation/data/synthetic_ru/debug_1000/synthru_0000786.jpg,163,31,5.258064516129032,discount original,ofont.ru_Rubik Vinyl.ttf,ru_en_mixed,True,0
synthru_0000787,synthetic_ru,synthru_0000787,/Users/vika/Projects/classifier_rotation/data/synthetic_ru/debug_1000/synthru_0000787.jpg,/Users/vika/Projects/classifier_rotation/data/synthetic_ru/debug_1000/synthru_0000787.jpg,440,20,22.0,скидка идеальное квартира telegram продукт камера резерв,ofont.ru_Downtown.ttf,ru_en_mixed,True,0
synthru_0000788,synthetic_ru,synthru_0000788,/Users/vika/Projects/classifier_rotation/data/synthetic_ru/debug_1000/synthru_0000788.jpg,/Users/vika/Projects/classifier_rotation/data/synthetic_ru/debug_1000/synthru_0000788.jpg,123,24,5.125,730.99,ofont.ru_Downtown.ttf,ru_en_mixed,True,0
synthru_0000789,synthetic_ru,synthru_0000789,/Users/vika/Projects/classifier_rotation/data/synthetic_ru/debug_1000/synthru_0000789.jpg,/Users/vika/Projects/classifier_rotation/data/synthetic_ru/debug_1000/synthru_0000789.jpg,131,20,6.55,82 за услугу,ofont.ru_Hirro Sans.ttf,ru_en_mixed,True,0
synthru_0000790,synthetic_ru,synthru_0000790,/Users/vika/Projects/classifier_rotation/data/synthetic_ru/debug_1000/synthru_0000790.jpg,/Users/vika/Projects/classifier_rotation/data/synthetic_ru/debug_1000/synthru_0000790.jpg,220,20,11.0,discount premium shop original phone address,ofont.ru_FloraC.ttf,ru_en_mixed,True,0
synthru_0000791,synthetic_ru,synthru_0000791,/Users/vika/Projects/classifier_rotation/data/synthetic_ru/debug_1000/synthru_0000791.jpg,/Users/vika/Projects/classifier_rotation/data/synthetic_ru/debug_1000/synthru_0000791.jpg,885,73,12.123287671232877,диагональ высота куплю квартира,ofont.ru_Smooz.ttf,ru_en_mixed,True,0
synthru_0000792,synthetic_ru,synthru_0000792,/Users/vika/Projects/classifier_rotation/data/synthetic_ru/debug_1000/synthru_0000792.jpg,/Users/vika/Projects/classifier_rotation/data/synthetic_ru/debug_1000/synthru_0000792.jpg,1011,138,7.326086956521739,Nike Plus 92,ofont.ru_Zekton.ttf,ru_en_mixed,True,0
synthru_0000793,synthetic_ru,synthru_0000793,/Users/vika/Projects/classifier_rotation/data/synthetic_ru/debug_1000/synthru_0000793.jpg,/Users/vika/Projects/classifier_rotation/data/synthetic_ru/debug_1000/synthru_0000793.jpg,307,40,7.675,от 49 792 за месяц,ofont.ru_Arteks.ttf,ru_en_mixed,True,0
synthru_0000794,synthetic_ru,synthru_0000794,/Users/vika/Projects/classifier_rotation/data/synthetic_ru/debug_1000/synthru_0000794.jpg,/Users/vika/Projects/classifier_rotation/data/synthetic_ru/debug_1000/synthru_0000794.jpg,145,20,7.25,настройка размеры сервис,ofont.ru_Hirro Sans.ttf,ru_en_mixed,True,0
synthru_0000795,synthetic_ru,synthru_0000795,/Users/vika/Projects/classifier_rotation/data/synthetic_ru/debug_1000/synthru_0000795.jpg,/Users/vika/Projects/classifier_rotation/data/synthetic_ru/debug_1000/synthru_0000795.jpg,4020,96,41.875,срочно сервис сегодня камера магазин товар качество замша квартира клавиатура участок,ofont.ru_Bookman Old Style Cyr.ttf,ru_en_mixed,True,0
synthru_0000796,synthetic_ru,synthru_0000796,/Users/vika/Projects/classifier_rotation/data/synthetic_ru/debug_1000/synthru_0000796.jpg,/Users/vika/Projects/classifier_rotation/data/synthetic_ru/debug_1000/synthru_0000796.jpg,669,83,8.060240963855422,address model address new,ofont.ru_Ethna.ttf,ru_en_mixed,True,0
synthru_0000797,synthetic_ru,synthru_0000797,/Users/vika/Projects/classifier_rotation/data/synthetic_ru/debug_1000/synthru_0000797.jpg,/Users/vika/Projects/classifier_rotation/data/synthetic_ru/debug_1000/synthru_0000797.jpg,169,22,7.681818181818182,Bmw офис вес 9456,ofont.ru_Smooz.ttf,ru_en_mixed,True,0
synthru_0000798,synthetic_ru,synthru_0000798,/Users/vika/Projects/classifier_rotation/data/synthetic_ru/debug_1000/synthru_0000798.jpg,/Users/vika/Projects/classifier_rotation/data/synthetic_ru/debug_1000/synthru_0000798.jpg,1471,62,23.725806451612904,качественно обслуживание пункт спрашивайте отправка,ofont.ru_PF Monumenta Pro.ttf,ru_en_mixed,True,0
synthru_0000799,synthetic_ru,synthru_0000799,/Users/vika/Projects/classifier_rotation/data/synthetic_ru/debug_1000/synthru_0000799.jpg,/Users/vika/Projects/classifier_rotation/data/synthetic_ru/debug_1000/synthru_0000799.jpg,121,28,4.321428571428571,услуги найму улица,ofont.ru_normal font.ttf,ru_en_mixed,True,0
synthru_0000800,synthetic_ru,synthru_0000800,/Users/vika/Projects/classifier_rotation/data/synthetic_ru/debug_1000/synthru_0000800.jpg,/Users/vika/Projects/classifier_rotation/data/synthetic_ru/debug_1000/synthru_0000800.jpg,290,42,6.904761904761905,от 98 971 за месяц,ofont.ru_Veles.ttf,ru_en_mixed,True,0
synthru_0000801,synthetic_ru,synthru_0000801,/Users/vika/Projects/classifier_rotation/data/synthetic_ru/debug_1000/synthru_0000801.jpg,/Users/vika/Projects/classifier_rotation/data/synthetic_ru/debug_1000/synthru_0000801.jpg,463,65,7.123076923076923,+7 (965) 345-70-72,ofont.ru_Downtown.ttf,ru_en_mixed,True,0
synthru_0000802,synthetic_ru,synthru_0000802,/Users/vika/Projects/classifier_rotation/data/synthetic_ru/debug_1000/synthru_0000802.jpg,/Users/vika/Projects/classifier_rotation/data/synthetic_ru/debug_1000/synthru_0000802.jpg,431,27,15.962962962962964,студия смартфон качественно,ofont.ru_PF Monumenta Pro.ttf,ru_en_mixed,True,0
synthru_0000803,synthetic_ru,synthru_0000803,/Users/vika/Projects/classifier_rotation/data/synthetic_ru/debug_1000/synthru_0000803.jpg,/Users/vika/Projects/classifier_rotation/data/synthetic_ru/debug_1000/synthru_0000803.jpg,2234,77,29.01298701298701,звонок подарок бонус рублей б/у зарядка распродажа почта дорого обменяю,ofont.ru_Smooz.ttf,ru_en_mixed,True,0
synthru_0000804,synthetic_ru,synthru_0000804,/Users/vika/Projects/classifier_rotation/data/synthetic_ru/debug_1000/synthru_0000804.jpg,/Users/vika/Projects/classifier_rotation/data/synthetic_ru/debug_1000/synthru_0000804.jpg,409,57,7.175438596491228,Nike пункт 3886,ofont.ru_PF Monumenta Pro.ttf,ru_en_mixed,True,0
synthru_0000805,synthetic_ru,synthru_0000805,/Users/vika/Projects/classifier_rotation/data/synthetic_ru/debug_1000/synthru_0000805.jpg,/Users/vika/Projects/classifier_rotation/data/synthetic_ru/debug_1000/synthru_0000805.jpg,420,28,15.0,дом кабель telegram производство недорого,ofont.ru_Zekton.ttf,ru_en_mixed,True,0
synthru_0000806,synthetic_ru,synthru_0000806,/Users/vika/Projects/classifier_rotation/data/synthetic_ru/debug_1000/synthru_0000806.jpg,/Users/vika/Projects/classifier_rotation/data/synthetic_ru/debug_1000/synthru_0000806.jpg,715,20,35.75,звонок звоните цены оригинал копия подарок дефект оптом подарок коробка дефект телефон,ofont.ru_Bookman Old Style Cyr.ttf,ru_en_mixed,True,0
synthru_0000807,synthetic_ru,synthru_0000807,/Users/vika/Projects/classifier_rotation/data/synthetic_ru/debug_1000/synthru_0000807.jpg,/Users/vika/Projects/classifier_rotation/data/synthetic_ru/debug_1000/synthru_0000807.jpg,105,20,5.25,+7 (907) 736-71-88,ofont.ru_Hirro Sans.ttf,ru_en_mixed,True,0
synthru_0000808,synthetic_ru,synthru_0000808,/Users/vika/Projects/classifier_rotation/data/synthetic_ru/debug_1000/synthru_0000808.jpg,/Users/vika/Projects/classifier_rotation/data/synthetic_ru/debug_1000/synthru_0000808.jpg,524,28,18.714285714285715,магазин улица цены продаю квартира смартфон шины дефект новая,ofont.ru_Arteks.ttf,ru_en_mixed,True,0
synthru_0000809,synthetic_ru,synthru_0000809,/Users/vika/Projects/classifier_rotation/data/synthetic_ru/debug_1000/synthru_0000809.jpg,/Users/vika/Projects/classifier_rotation/data/synthetic_ru/debug_1000/synthru_0000809.jpg,900,39,23.076923076923077,колонка штука оперативно размеры установка торг сегодня диагональ,ofont.ru_PF Monumenta Pro.ttf,ru_en_mixed,True,0
synthru_0000810,synthetic_ru,synthru_0000810,/Users/vika/Projects/classifier_rotation/data/synthetic_ru/debug_1000/synthru_0000810.jpg,/Users/vika/Projects/classifier_rotation/data/synthetic_ru/debug_1000/synthru_0000810.jpg,127,26,4.884615384615385,от 97 918,ofont.ru_Rubik Vinyl.ttf,ru_en_mixed,True,0
synthru_0000811,synthetic_ru,synthru_0000811,/Users/vika/Projects/classifier_rotation/data/synthetic_ru/debug_1000/synthru_0000811.jpg,/Users/vika/Projects/classifier_rotation/data/synthetic_ru/debug_1000/synthru_0000811.jpg,1504,132,11.393939393939394,shop new store quality limited discount,ofont.ru_DlgGeo.ttf,ru_en_mixed,True,0
synthru_0000812,synthetic_ru,synthru_0000812,/Users/vika/Projects/classifier_rotation/data/synthetic_ru/debug_1000/synthru_0000812.jpg,/Users/vika/Projects/classifier_rotation/data/synthetic_ru/debug_1000/synthru_0000812.jpg,270,56,4.821428571428571,Adidas X 7,ofont.ru_Ethna.ttf,ru_en_mixed,True,0
synthru_0000813,synthetic_ru,synthru_0000813,/Users/vika/Projects/classifier_rotation/data/synthetic_ru/debug_1000/synthru_0000813.jpg,/Users/vika/Projects/classifier_rotation/data/synthetic_ru/debug_1000/synthru_0000813.jpg,644,49,13.142857142857142,Nike б/у оптом новое 9421,ofont.ru_PF Monumenta Pro.ttf,ru_en_mixed,True,0
synthru_0000814,synthetic_ru,synthru_0000814,/Users/vika/Projects/classifier_rotation/data/synthetic_ru/debug_1000/synthru_0000814.jpg,/Users/vika/Projects/classifier_rotation/data/synthetic_ru/debug_1000/synthru_0000814.jpg,150,20,7.5,+7 (916) 319-69-58,ofont.ru_Arteks.ttf,ru_en_mixed,True,0
synthru_0000815,synthetic_ru,synthru_0000815,/Users/vika/Projects/classifier_rotation/data/synthetic_ru/debug_1000/synthru_0000815.jpg,/Users/vika/Projects/classifier_rotation/data/synthetic_ru/debug_1000/synthru_0000815.jpg,1284,48,26.75,самовывоз товар доставка монитор ремонт корпус whatsapp звоните,ofont.ru_Rubik Vinyl.ttf,ru_en_mixed,True,0
synthru_0000816,synthetic_ru,synthru_0000816,/Users/vika/Projects/classifier_rotation/data/synthetic_ru/debug_1000/synthru_0000816.jpg,/Users/vika/Projects/classifier_rotation/data/synthetic_ru/debug_1000/synthru_0000816.jpg,871,37,23.54054054054054,цены наушники куплю вещь идеальное камера версия срочно,ofont.ru_DlgGeo.ttf,ru_en_mixed,True,0
synthru_0000817,synthetic_ru,synthru_0000817,/Users/vika/Projects/classifier_rotation/data/synthetic_ru/debug_1000/synthru_0000817.jpg,/Users/vika/Projects/classifier_rotation/data/synthetic_ru/debug_1000/synthru_0000817.jpg,594,146,4.068493150684931,продам сервис,ofont.ru_Bookman Old Style Cyr.ttf,ru_en_mixed,True,0
synthru_0000818,synthetic_ru,synthru_0000818,/Users/vika/Projects/classifier_rotation/data/synthetic_ru/debug_1000/synthru_0000818.jpg,/Users/vika/Projects/classifier_rotation/data/synthetic_ru/debug_1000/synthru_0000818.jpg,185,20,9.25,"ул. Садовая, 190, корп. 1",ofont.ru_PF Monumenta Pro.ttf,ru_en_mixed,True,0
synthru_0000819,synthetic_ru,synthru_0000819,/Users/vika/Projects/classifier_rotation/data/synthetic_ru/debug_1000/synthru_0000819.jpg,/Users/vika/Projects/classifier_rotation/data/synthetic_ru/debug_1000/synthru_0000819.jpg,294,20,14.7,выгодно бу новый офис недорого,ofont.ru_Bookman Old Style Cyr.ttf,ru_en_mixed,True,0
synthru_0000820,synthetic_ru,synthru_0000820,/Users/vika/Projects/classifier_rotation/data/synthetic_ru/debug_1000/synthru_0000820.jpg,/Users/vika/Projects/classifier_rotation/data/synthetic_ru/debug_1000/synthru_0000820.jpg,563,61,9.229508196721312,сдэк торг размеры даром сдэк,ofont.ru_Handgeschrieben.ttf,ru_en_mixed,True,0
synthru_0000821,synthetic_ru,synthru_0000821,/Users/vika/Projects/classifier_rotation/data/synthetic_ru/debug_1000/synthru_0000821.jpg,/Users/vika/Projects/classifier_rotation/data/synthetic_ru/debug_1000/synthru_0000821.jpg,766,148,5.175675675675675,+7 (919) 241-93-38,ofont.ru_normal font.ttf,ru_en_mixed,True,0
synthru_0000822,synthetic_ru,synthru_0000822,/Users/vika/Projects/classifier_rotation/data/synthetic_ru/debug_1000/synthru_0000822.jpg,/Users/vika/Projects/classifier_rotation/data/synthetic_ru/debug_1000/synthru_0000822.jpg,327,36,9.083333333333334,6 843,ofont.ru_Veles.ttf,ru_en_mixed,True,0
synthru_0000823,synthetic_ru,synthru_0000823,/Users/vika/Projects/classifier_rotation/data/synthetic_ru/debug_1000/synthru_0000823.jpg,/Users/vika/Projects/classifier_rotation/data/synthetic_ru/debug_1000/synthru_0000823.jpg,102,20,5.1,копейки телефон,ofont.ru_Rubik Vinyl.ttf,ru_en_mixed,True,0
synthru_0000824,synthetic_ru,synthru_0000824,/Users/vika/Projects/classifier_rotation/data/synthetic_ru/debug_1000/synthru_0000824.jpg,/Users/vika/Projects/classifier_rotation/data/synthetic_ru/debug_1000/synthru_0000824.jpg,1158,103,11.242718446601941,поддержка уточняйте машина штука,ofont.ru_Bookman Old Style Cyr.ttf,ru_en_mixed,True,0
synthru_0000825,synthetic_ru,synthru_0000825,/Users/vika/Projects/classifier_rotation/data/synthetic_ru/debug_1000/synthru_0000825.jpg,/Users/vika/Projects/classifier_rotation/data/synthetic_ru/debug_1000/synthru_0000825.jpg,408,28,14.571428571428571,"ул. Кирова, 57, корп. 1",ofont.ru_Departura.ttf,ru_en_mixed,True,0
synthru_0000826,synthetic_ru,synthru_0000826,/Users/vika/Projects/classifier_rotation/data/synthetic_ru/debug_1000/synthru_0000826.jpg,/Users/vika/Projects/classifier_rotation/data/synthetic_ru/debug_1000/synthru_0000826.jpg,58,20,2.9,5 307,ofont.ru_Downtown.ttf,ru_en_mixed,True,0
synthru_0000827,synthetic_ru,synthru_0000827,/Users/vika/Projects/classifier_rotation/data/synthetic_ru/debug_1000/synthru_0000827.jpg,/Users/vika/Projects/classifier_rotation/data/synthetic_ru/debug_1000/synthru_0000827.jpg,781,54,14.462962962962964,Sony адрес доставка ширина 1320,ofont.ru_Arteks.ttf,ru_en_mixed,True,0
synthru_0000828,synthetic_ru,synthru_0000828,/Users/vika/Projects/classifier_rotation/data/synthetic_ru/debug_1000/synthru_0000828.jpg,/Users/vika/Projects/classifier_rotation/data/synthetic_ru/debug_1000/synthru_0000828.jpg,778,44,17.681818181818183,ватсап зарядка установка сегодня отличное сегодня автомобиль магазин,ofont.ru_Playfair Display.ttf,ru_en_mixed,True,0
synthru_0000829,synthetic_ru,synthru_0000829,/Users/vika/Projects/classifier_rotation/data/synthetic_ru/debug_1000/synthru_0000829.jpg,/Users/vika/Projects/classifier_rotation/data/synthetic_ru/debug_1000/synthru_0000829.jpg,165,59,2.7966101694915255,68,ofont.ru_Smooz.ttf,ru_en_mixed,True,0
synthru_0000830,synthetic_ru,synthru_0000830,/Users/vika/Projects/classifier_rotation/data/synthetic_ru/debug_1000/synthru_0000830.jpg,/Users/vika/Projects/classifier_rotation/data/synthetic_ru/debug_1000/synthru_0000830.jpg,187,29,6.448275862068965,дом уточняйте цена,ofont.ru_Downtown.ttf,ru_en_mixed,True,0
synthru_0000831,synthetic_ru,synthru_0000831,/Users/vika/Projects/classifier_rotation/data/synthetic_ru/debug_1000/synthru_0000831.jpg,/Users/vika/Projects/classifier_rotation/data/synthetic_ru/debug_1000/synthru_0000831.jpg,168,58,2.896551724137931,13 за штуку,ofont.ru_Ethna.ttf,ru_en_mixed,True,0
synthru_0000832,synthetic_ru,synthru_0000832,/Users/vika/Projects/classifier_rotation/data/synthetic_ru/debug_1000/synthru_0000832.jpg,/Users/vika/Projects/classifier_rotation/data/synthetic_ru/debug_1000/synthru_0000832.jpg,777,43,18.069767441860463,BMW кабель консультация розница объектив 6357,ofont.ru_DlgGeo.ttf,ru_en_mixed,True,0
synthru_0000833,synthetic_ru,synthru_0000833,/Users/vika/Projects/classifier_rotation/data/synthetic_ru/debug_1000/synthru_0000833.jpg,/Users/vika/Projects/classifier_rotation/data/synthetic_ru/debug_1000/synthru_0000833.jpg,3343,137,24.401459854014597,завтра сегодня идеальное бу высота идеальное ремонт телефон замша,ofont.ru_ArbatDi.ttf,ru_en_mixed,True,0
synthru_0000834,synthetic_ru,synthru_0000834,/Users/vika/Projects/classifier_rotation/data/synthetic_ru/debug_1000/synthru_0000834.jpg,/Users/vika/Projects/classifier_rotation/data/synthetic_ru/debug_1000/synthru_0000834.jpg,598,36,16.61111111111111,Toyota X 80,ofont.ru_Rubik Vinyl.ttf,ru_en_mixed,True,0
synthru_0000835,synthetic_ru,synthru_0000835,/Users/vika/Projects/classifier_rotation/data/synthetic_ru/debug_1000/synthru_0000835.jpg,/Users/vika/Projects/classifier_rotation/data/synthetic_ru/debug_1000/synthru_0000835.jpg,1322,92,14.369565217391305,ширина звоните торг дефект бонус телефон стоимость,ofont.ru_DlgGeo.ttf,ru_en_mixed,True,0
synthru_0000836,synthetic_ru,synthru_0000836,/Users/vika/Projects/classifier_rotation/data/synthetic_ru/debug_1000/synthru_0000836.jpg,/Users/vika/Projects/classifier_rotation/data/synthetic_ru/debug_1000/synthru_0000836.jpg,266,52,5.115384615384615,+7 (945) 167-65-89,ofont.ru_Departura.ttf,ru_en_mixed,True,0
synthru_0000837,synthetic_ru,synthru_0000837,/Users/vika/Projects/classifier_rotation/data/synthetic_ru/debug_1000/synthru_0000837.jpg,/Users/vika/Projects/classifier_rotation/data/synthetic_ru/debug_1000/synthru_0000837.jpg,698,86,8.116279069767442,"ул. Гагарина, 229, корп. 4",ofont.ru_Departura.ttf,ru_en_mixed,True,0
synthru_0000838,synthetic_ru,synthru_0000838,/Users/vika/Projects/classifier_rotation/data/synthetic_ru/debug_1000/synthru_0000838.jpg,/Users/vika/Projects/classifier_rotation/data/synthetic_ru/debug_1000/synthru_0000838.jpg,326,35,9.314285714285715,Apple новая работа 6178,ofont.ru_Rubik Vinyl.ttf,ru_en_mixed,True,0
synthru_0000839,synthetic_ru,synthru_0000839,/Users/vika/Projects/classifier_rotation/data/synthetic_ru/debug_1000/synthru_0000839.jpg,/Users/vika/Projects/classifier_rotation/data/synthetic_ru/debug_1000/synthru_0000839.jpg,185,30,6.166666666666667,phone quality online service,ofont.ru_Departura.ttf,ru_en_mixed,True,0
synthru_0000840,synthetic_ru,synthru_0000840,/Users/vika/Projects/classifier_rotation/data/synthetic_ru/debug_1000/synthru_0000840.jpg,/Users/vika/Projects/classifier_rotation/data/synthetic_ru/debug_1000/synthru_0000840.jpg,354,25,14.16,подарок наличие срочно розница салон дача идеальное,ofont.ru_Rubik Vinyl.ttf,ru_en_mixed,True,0
synthru_0000841,synthetic_ru,synthru_0000841,/Users/vika/Projects/classifier_rotation/data/synthetic_ru/debug_1000/synthru_0000841.jpg,/Users/vika/Projects/classifier_rotation/data/synthetic_ru/debug_1000/synthru_0000841.jpg,1225,52,23.557692307692307,проспект зарядка диагональ смотрите объектив диагональ монитор скидка,ofont.ru_Zekton.ttf,ru_en_mixed,True,0
synthru_0000842,synthetic_ru,synthru_0000842,/Users/vika/Projects/classifier_rotation/data/synthetic_ru/debug_1000/synthru_0000842.jpg,/Users/vika/Projects/classifier_rotation/data/synthetic_ru/debug_1000/synthru_0000842.jpg,123,20,6.15,+7 (951) 251-67-33,ofont.ru_normal font.ttf,ru_en_mixed,True,0
synthru_0000843,synthetic_ru,synthru_0000843,/Users/vika/Projects/classifier_rotation/data/synthetic_ru/debug_1000/synthru_0000843.jpg,/Users/vika/Projects/classifier_rotation/data/synthetic_ru/debug_1000/synthru_0000843.jpg,2465,80,30.8125,быстро бронь цвет реплика гараж скидка ремонт колонка офис участок,ofont.ru_Smooz.ttf,ru_en_mixed,True,0
synthru_0000844,synthetic_ru,synthru_0000844,/Users/vika/Projects/classifier_rotation/data/synthetic_ru/debug_1000/synthru_0000844.jpg,/Users/vika/Projects/classifier_rotation/data/synthetic_ru/debug_1000/synthru_0000844.jpg,1086,38,28.57894736842105,+7 (977) 890-28-70,ofont.ru_Ethna.ttf,ru_en_mixed,True,0
synthru_0000845,synthetic_ru,synthru_0000845,/Users/vika/Projects/classifier_rotation/data/synthetic_ru/debug_1000/synthru_0000845.jpg,/Users/vika/Projects/classifier_rotation/data/synthetic_ru/debug_1000/synthru_0000845.jpg,701,89,7.876404494382022,от 21 312,ofont.ru_ArbatDi.ttf,ru_en_mixed,True,0
synthru_0000846,synthetic_ru,synthru_0000846,/Users/vika/Projects/classifier_rotation/data/synthetic_ru/debug_1000/synthru_0000846.jpg,/Users/vika/Projects/classifier_rotation/data/synthetic_ru/debug_1000/synthru_0000846.jpg,949,84,11.297619047619047,Toyota материал бу версия цвета 938,ofont.ru_Downtown.ttf,ru_en_mixed,True,0
synthru_0000847,synthetic_ru,synthru_0000847,/Users/vika/Projects/classifier_rotation/data/synthetic_ru/debug_1000/synthru_0000847.jpg,/Users/vika/Projects/classifier_rotation/data/synthetic_ru/debug_1000/synthru_0000847.jpg,282,27,10.444444444444445,камера смотрите спрашивайте улица,ofont.ru_ArbatDi.ttf,ru_en_mixed,True,0
synthru_0000848,synthetic_ru,synthru_0000848,/Users/vika/Projects/classifier_rotation/data/synthetic_ru/debug_1000/synthru_0000848.jpg,/Users/vika/Projects/classifier_rotation/data/synthetic_ru/debug_1000/synthru_0000848.jpg,478,38,12.578947368421053,service limited special offer premium,ofont.ru_Hirro Sans.ttf,ru_en_mixed,True,0
synthru_0000849,synthetic_ru,synthru_0000849,/Users/vika/Projects/classifier_rotation/data/synthetic_ru/debug_1000/synthru_0000849.jpg,/Users/vika/Projects/classifier_rotation/data/synthetic_ru/debug_1000/synthru_0000849.jpg,704,104,6.769230769230769,760.99 за комплект,ofont.ru_Playfair Display.ttf,ru_en_mixed,True,0
synthru_0000850,synthetic_ru,synthru_0000850,/Users/vika/Projects/classifier_rotation/data/synthetic_ru/debug_1000/synthru_0000850.jpg,/Users/vika/Projects/classifier_rotation/data/synthetic_ru/debug_1000/synthru_0000850.jpg,1145,24,47.708333333333336,бу предзаказ срочно розница звоните поддержка материал оригинал материал цвета бронь,ofont.ru_PF Monumenta Pro.ttf,ru_en_mixed,True,0
synthru_0000851,synthetic_ru,synthru_0000851,/Users/vika/Projects/classifier_rotation/data/synthetic_ru/debug_1000/synthru_0000851.jpg,/Users/vika/Projects/classifier_rotation/data/synthetic_ru/debug_1000/synthru_0000851.jpg,391,27,14.481481481481481,Adidas уточняйте зарядка склад обменяю 731,ofont.ru_Departura.ttf,ru_en_mixed,True,0
synthru_0000852,synthetic_ru,synthru_0000852,/Users/vika/Projects/classifier_rotation/data/synthetic_ru/debug_1000/synthru_0000852.jpg,/Users/vika/Projects/classifier_rotation/data/synthetic_ru/debug_1000/synthru_0000852.jpg,519,76,6.828947368421052,Nike Max 36,ofont.ru_Ethna.ttf,ru_en_mixed,True,0
synthru_0000853,synthetic_ru,synthru_0000853,/Users/vika/Projects/classifier_rotation/data/synthetic_ru/debug_1000/synthru_0000853.jpg,/Users/vika/Projects/classifier_rotation/data/synthetic_ru/debug_1000/synthru_0000853.jpg,455,27,16.85185185185185,квартира переулок проспект копейки стекло машина зарядка уценка,ofont.ru_Downtown.ttf,ru_en_mixed,True,0
synthru_0000854,synthetic_ru,synthru_0000854,/Users/vika/Projects/classifier_rotation/data/synthetic_ru/debug_1000/synthru_0000854.jpg,/Users/vika/Projects/classifier_rotation/data/synthetic_ru/debug_1000/synthru_0000854.jpg,994,48,20.708333333333332,продукт стекло объектив резерв работа комната комната недорого бу уценка поколение,ofont.ru_Ethna.ttf,ru_en_mixed,True,0
synthru_0000855,synthetic_ru,synthru_0000855,/Users/vika/Projects/classifier_rotation/data/synthetic_ru/debug_1000/synthru_0000855.jpg,/Users/vika/Projects/classifier_rotation/data/synthetic_ru/debug_1000/synthru_0000855.jpg,567,114,4.973684210526316,6 580 за месяц,ofont.ru_FloraC.ttf,ru_en_mixed,True,0
synthru_0000856,synthetic_ru,synthru_0000856,/Users/vika/Projects/classifier_rotation/data/synthetic_ru/debug_1000/synthru_0000856.jpg,/Users/vika/Projects/classifier_rotation/data/synthetic_ru/debug_1000/synthru_0000856.jpg,767,54,14.203703703703704,даром доставка хорошее камера обслуживание,ofont.ru_Handgeschrieben.ttf,ru_en_mixed,True,0
synthru_0000857,synthetic_ru,synthru_0000857,/Users/vika/Projects/classifier_rotation/data/synthetic_ru/debug_1000/synthru_0000857.jpg,/Users/vika/Projects/classifier_rotation/data/synthetic_ru/debug_1000/synthru_0000857.jpg,1270,35,36.285714285714285,магазин гарантия замша вакансия длина реплика ширина звоните наличие камера выдачи отличное,ofont.ru_Bookman Old Style Cyr.ttf,ru_en_mixed,True,0
synthru_0000858,synthetic_ru,synthru_0000858,/Users/vika/Projects/classifier_rotation/data/synthetic_ru/debug_1000/synthru_0000858.jpg,/Users/vika/Projects/classifier_rotation/data/synthetic_ru/debug_1000/synthru_0000858.jpg,38,20,1.9,9 513,ofont.ru_Smooz.ttf,ru_en_mixed,True,0
synthru_0000859,synthetic_ru,synthru_0000859,/Users/vika/Projects/classifier_rotation/data/synthetic_ru/debug_1000/synthru_0000859.jpg,/Users/vika/Projects/classifier_rotation/data/synthetic_ru/debug_1000/synthru_0000859.jpg,235,28,8.392857142857142,LG квартира настройка 5254,ofont.ru_Zekton.ttf,ru_en_mixed,True,0
synthru_0000860,synthetic_ru,synthru_0000860,/Users/vika/Projects/classifier_rotation/data/synthetic_ru/debug_1000/synthru_0000860.jpg,/Users/vika/Projects/classifier_rotation/data/synthetic_ru/debug_1000/synthru_0000860.jpg,807,30,26.9,резерв консультация дефект телефон куплю новое цена клавиатура кузов авто дефект,ofont.ru_Hirro Sans.ttf,ru_en_mixed,True,0
synthru_0000861,synthetic_ru,synthru_0000861,/Users/vika/Projects/classifier_rotation/data/synthetic_ru/debug_1000/synthru_0000861.jpg,/Users/vika/Projects/classifier_rotation/data/synthetic_ru/debug_1000/synthru_0000861.jpg,774,148,5.22972972972973,от 22 813 за услугу,ofont.ru_Rubik Vinyl.ttf,ru_en_mixed,True,0
synthru_0000862,synthetic_ru,synthru_0000862,/Users/vika/Projects/classifier_rotation/data/synthetic_ru/debug_1000/synthru_0000862.jpg,/Users/vika/Projects/classifier_rotation/data/synthetic_ru/debug_1000/synthru_0000862.jpg,368,76,4.842105263157895,6 174 за месяц,ofont.ru_Veles.ttf,ru_en_mixed,True,0
synthru_0000863,synthetic_ru,synthru_0000863,/Users/vika/Projects/classifier_rotation/data/synthetic_ru/debug_1000/synthru_0000863.jpg,/Users/vika/Projects/classifier_rotation/data/synthetic_ru/debug_1000/synthru_0000863.jpg,215,20,10.75,Apple пишите телефон резерв скидка 8614,ofont.ru_Playfair Display.ttf,ru_en_mixed,True,0
synthru_0000864,synthetic_ru,synthru_0000864,/Users/vika/Projects/classifier_rotation/data/synthetic_ru/debug_1000/synthru_0000864.jpg,/Users/vika/Projects/classifier_rotation/data/synthetic_ru/debug_1000/synthru_0000864.jpg,1048,55,19.054545454545455,бонус наушники быстро самовывоз срочно наушники резерв руб дом б/у объектив,ofont.ru_Veles.ttf,ru_en_mixed,True,0
synthru_0000865,synthetic_ru,synthru_0000865,/Users/vika/Projects/classifier_rotation/data/synthetic_ru/debug_1000/synthru_0000865.jpg,/Users/vika/Projects/classifier_rotation/data/synthetic_ru/debug_1000/synthru_0000865.jpg,267,27,9.88888888888889,price online sale new quality best online,ofont.ru_Downtown.ttf,ru_en_mixed,True,0
synthru_0000866,synthetic_ru,synthru_0000866,/Users/vika/Projects/classifier_rotation/data/synthetic_ru/debug_1000/synthru_0000866.jpg,/Users/vika/Projects/classifier_rotation/data/synthetic_ru/debug_1000/synthru_0000866.jpg,588,68,8.647058823529411,50 за месяц,ofont.ru_Playfair Display.ttf,ru_en_mixed,True,0
synthru_0000867,synthetic_ru,synthru_0000867,/Users/vika/Projects/classifier_rotation/data/synthetic_ru/debug_1000/synthru_0000867.jpg,/Users/vika/Projects/classifier_rotation/data/synthetic_ru/debug_1000/synthru_0000867.jpg,627,91,6.8901098901098905,896.99,ofont.ru_Handgeschrieben.ttf,ru_en_mixed,True,0
synthru_0000868,synthetic_ru,synthru_0000868,/Users/vika/Projects/classifier_rotation/data/synthetic_ru/debug_1000/synthru_0000868.jpg,/Users/vika/Projects/classifier_rotation/data/synthetic_ru/debug_1000/synthru_0000868.jpg,316,27,11.703703703703704,Huawei Объем Недорого 8562,ofont.ru_Bookman Old Style Cyr.ttf,ru_en_mixed,True,0
synthru_0000869,synthetic_ru,synthru_0000869,/Users/vika/Projects/classifier_rotation/data/synthetic_ru/debug_1000/synthru_0000869.jpg,/Users/vika/Projects/classifier_rotation/data/synthetic_ru/debug_1000/synthru_0000869.jpg,334,20,16.7,ватсап партия наличие гарантия участок торг,ofont.ru_Arteks.ttf,ru_en_mixed,True,0
synthru_0000870,synthetic_ru,synthru_0000870,/Users/vika/Projects/classifier_rotation/data/synthetic_ru/debug_1000/synthru_0000870.jpg,/Users/vika/Projects/classifier_rotation/data/synthetic_ru/debug_1000/synthru_0000870.jpg,737,244,3.0204918032786887,акция выгодно,ofont.ru_Handgeschrieben.ttf,ru_en_mixed,True,0
synthru_0000871,synthetic_ru,synthru_0000871,/Users/vika/Projects/classifier_rotation/data/synthetic_ru/debug_1000/synthru_0000871.jpg,/Users/vika/Projects/classifier_rotation/data/synthetic_ru/debug_1000/synthru_0000871.jpg,394,66,5.96969696969697,Toyota Lite 15,ofont.ru_ArbatDi.ttf,ru_en_mixed,True,0
synthru_0000872,synthetic_ru,synthru_0000872,/Users/vika/Projects/classifier_rotation/data/synthetic_ru/debug_1000/synthru_0000872.jpg,/Users/vika/Projects/classifier_rotation/data/synthetic_ru/debug_1000/synthru_0000872.jpg,408,72,5.666666666666667,+7 (988) 732-74-71,ofont.ru_Rubik Vinyl.ttf,ru_en_mixed,True,0
synthru_0000873,synthetic_ru,synthru_0000873,/Users/vika/Projects/classifier_rotation/data/synthetic_ru/debug_1000/synthru_0000873.jpg,/Users/vika/Projects/classifier_rotation/data/synthetic_ru/debug_1000/synthru_0000873.jpg,110,29,3.793103448275862,Toyota S 61,ofont.ru_ArbatDi.ttf,ru_en_mixed,True,0
synthru_0000874,synthetic_ru,synthru_0000874,/Users/vika/Projects/classifier_rotation/data/synthetic_ru/debug_1000/synthru_0000874.jpg,/Users/vika/Projects/classifier_rotation/data/synthetic_ru/debug_1000/synthru_0000874.jpg,257,20,12.85,Xiaomi бу отличное ноутбук быстро 3344,ofont.ru_FloraC.ttf,ru_en_mixed,True,0
synthru_0000875,synthetic_ru,synthru_0000875,/Users/vika/Projects/classifier_rotation/data/synthetic_ru/debug_1000/synthru_0000875.jpg,/Users/vika/Projects/classifier_rotation/data/synthetic_ru/debug_1000/synthru_0000875.jpg,103,20,5.15,"ул. Мира, 173",ofont.ru_Hirro Sans.ttf,ru_en_mixed,True,0
synthru_0000876,synthetic_ru,synthru_0000876,/Users/vika/Projects/classifier_rotation/data/synthetic_ru/debug_1000/synthru_0000876.jpg,/Users/vika/Projects/classifier_rotation/data/synthetic_ru/debug_1000/synthru_0000876.jpg,920,27,34.074074074074076,ремонт качественно рублей помощь гарантия чехол коробка уценка товар качество звонок,ofont.ru_Bookman Old Style Cyr.ttf,ru_en_mixed,True,0
synthru_0000877,synthetic_ru,synthru_0000877,/Users/vika/Projects/classifier_rotation/data/synthetic_ru/debug_1000/synthru_0000877.jpg,/Users/vika/Projects/classifier_rotation/data/synthetic_ru/debug_1000/synthru_0000877.jpg,594,20,29.7,склад ватсап квартира монитор реплика склад производство boxberry дешево вес розница диагональ,ofont.ru_DlgGeo.ttf,ru_en_mixed,True,0
synthru_0000878,synthetic_ru,synthru_0000878,/Users/vika/Projects/classifier_rotation/data/synthetic_ru/debug_1000/synthru_0000878.jpg,/Users/vika/Projects/classifier_rotation/data/synthetic_ru/debug_1000/synthru_0000878.jpg,1230,121,10.165289256198347,853.99,ofont.ru_ArbatDi.ttf,ru_en_mixed,True,0
synthru_0000879,synthetic_ru,synthru_0000879,/Users/vika/Projects/classifier_rotation/data/synthetic_ru/debug_1000/synthru_0000879.jpg,/Users/vika/Projects/classifier_rotation/data/synthetic_ru/debug_1000/synthru_0000879.jpg,817,96,8.510416666666666,+7 (992) 714-59-24,ofont.ru_Downtown.ttf,ru_en_mixed,True,0
synthru_0000880,synthetic_ru,synthru_0000880,/Users/vika/Projects/classifier_rotation/data/synthetic_ru/debug_1000/synthru_0000880.jpg,/Users/vika/Projects/classifier_rotation/data/synthetic_ru/debug_1000/synthru_0000880.jpg,217,29,7.482758620689655,сдэк дача авто цена выгодно,ofont.ru_normal font.ttf,ru_en_mixed,True,0
synthru_0000881,synthetic_ru,synthru_0000881,/Users/vika/Projects/classifier_rotation/data/synthetic_ru/debug_1000/synthru_0000881.jpg,/Users/vika/Projects/classifier_rotation/data/synthetic_ru/debug_1000/synthru_0000881.jpg,993,228,4.355263157894737,3 750 за месяц,ofont.ru_Veles.ttf,ru_en_mixed,True,0
synthru_0000882,synthetic_ru,synthru_0000882,/Users/vika/Projects/classifier_rotation/data/synthetic_ru/debug_1000/synthru_0000882.jpg,/Users/vika/Projects/classifier_rotation/data/synthetic_ru/debug_1000/synthru_0000882.jpg,1068,157,6.802547770700637,ноутбук дом адрес,ofont.ru_Handgeschrieben.ttf,ru_en_mixed,True,0
synthru_0000883,synthetic_ru,synthru_0000883,/Users/vika/Projects/classifier_rotation/data/synthetic_ru/debug_1000/synthru_0000883.jpg,/Users/vika/Projects/classifier_rotation/data/synthetic_ru/debug_1000/synthru_0000883.jpg,389,36,10.805555555555555,качественно распродажа оптом размер ширина,ofont.ru_normal font.ttf,ru_en_mixed,True,0
synthru_0000884,synthetic_ru,synthru_0000884,/Users/vika/Projects/classifier_rotation/data/synthetic_ru/debug_1000/synthru_0000884.jpg,/Users/vika/Projects/classifier_rotation/data/synthetic_ru/debug_1000/synthru_0000884.jpg,3228,257,12.560311284046692,сегодня доставка размеры цены завтра участок дом whatsapp гараж,ofont.ru_DlgGeo.ttf,ru_en_mixed,True,0
synthru_0000885,synthetic_ru,synthru_0000885,/Users/vika/Projects/classifier_rotation/data/synthetic_ru/debug_1000/synthru_0000885.jpg,/Users/vika/Projects/classifier_rotation/data/synthetic_ru/debug_1000/synthru_0000885.jpg,1441,157,9.178343949044587,бонус дефект сервис телефон выгодно,ofont.ru_FloraC.ttf,ru_en_mixed,True,0
synthru_0000886,synthetic_ru,synthru_0000886,/Users/vika/Projects/classifier_rotation/data/synthetic_ru/debug_1000/synthru_0000886.jpg,/Users/vika/Projects/classifier_rotation/data/synthetic_ru/debug_1000/synthru_0000886.jpg,1953,76,25.69736842105263,монитор срочно недорого отправка двигатель акция торг копейки найму штука самовывоз,ofont.ru_ArbatDi.ttf,ru_en_mixed,True,0
synthru_0000887,synthetic_ru,synthru_0000887,/Users/vika/Projects/classifier_rotation/data/synthetic_ru/debug_1000/synthru_0000887.jpg,/Users/vika/Projects/classifier_rotation/data/synthetic_ru/debug_1000/synthru_0000887.jpg,242,30,8.066666666666666,boxberry звоните,ofont.ru_DlgGeo.ttf,ru_en_mixed,True,0
synthru_0000888,synthetic_ru,synthru_0000888,/Users/vika/Projects/classifier_rotation/data/synthetic_ru/debug_1000/synthru_0000888.jpg,/Users/vika/Projects/classifier_rotation/data/synthetic_ru/debug_1000/synthru_0000888.jpg,375,73,5.136986301369863,486.99 за штуку,ofont.ru_Veles.ttf,ru_en_mixed,True,0
synthru_0000889,synthetic_ru,synthru_0000889,/Users/vika/Projects/classifier_rotation/data/synthetic_ru/debug_1000/synthru_0000889.jpg,/Users/vika/Projects/classifier_rotation/data/synthetic_ru/debug_1000/synthru_0000889.jpg,1508,409,3.687041564792176,коробка модель студия,ofont.ru_Rubik Vinyl.ttf,ru_en_mixed,True,0
synthru_0000890,synthetic_ru,synthru_0000890,/Users/vika/Projects/classifier_rotation/data/synthetic_ru/debug_1000/synthru_0000890.jpg,/Users/vika/Projects/classifier_rotation/data/synthetic_ru/debug_1000/synthru_0000890.jpg,734,50,14.68,от 68 085 за услугу,ofont.ru_Arteks.ttf,ru_en_mixed,True,0
synthru_0000891,synthetic_ru,synthru_0000891,/Users/vika/Projects/classifier_rotation/data/synthetic_ru/debug_1000/synthru_0000891.jpg,/Users/vika/Projects/classifier_rotation/data/synthetic_ru/debug_1000/synthru_0000891.jpg,891,80,11.1375,Nike требуется 85,ofont.ru_Zekton.ttf,ru_en_mixed,True,0
synthru_0000892,synthetic_ru,synthru_0000892,/Users/vika/Projects/classifier_rotation/data/synthetic_ru/debug_1000/synthru_0000892.jpg,/Users/vika/Projects/classifier_rotation/data/synthetic_ru/debug_1000/synthru_0000892.jpg,387,30,12.9,звоните оптом переулок помощь быстро,ofont.ru_ArbatDi.ttf,ru_en_mixed,True,0
synthru_0000893,synthetic_ru,synthru_0000893,/Users/vika/Projects/classifier_rotation/data/synthetic_ru/debug_1000/synthru_0000893.jpg,/Users/vika/Projects/classifier_rotation/data/synthetic_ru/debug_1000/synthru_0000893.jpg,265,36,7.361111111111111,+7 (960) 102-16-46,ofont.ru_ArbatDi.ttf,ru_en_mixed,True,0
synthru_0000894,synthetic_ru,synthru_0000894,/Users/vika/Projects/classifier_rotation/data/synthetic_ru/debug_1000/synthru_0000894.jpg,/Users/vika/Projects/classifier_rotation/data/synthetic_ru/debug_1000/synthru_0000894.jpg,366,34,10.764705882352942,HP торг 6091,ofont.ru_Rubik Vinyl.ttf,ru_en_mixed,True,0
synthru_0000895,synthetic_ru,synthru_0000895,/Users/vika/Projects/classifier_rotation/data/synthetic_ru/debug_1000/synthru_0000895.jpg,/Users/vika/Projects/classifier_rotation/data/synthetic_ru/debug_1000/synthru_0000895.jpg,2375,128,18.5546875,планшет недорого недорого торг колонка копия товар цены,ofont.ru_Veles.ttf,ru_en_mixed,True,0
synthru_0000896,synthetic_ru,synthru_0000896,/Users/vika/Projects/classifier_rotation/data/synthetic_ru/debug_1000/synthru_0000896.jpg,/Users/vika/Projects/classifier_rotation/data/synthetic_ru/debug_1000/synthru_0000896.jpg,422,38,11.105263157894736,Lenovo телефон комплект дешево 2380,ofont.ru_Rubik Vinyl.ttf,ru_en_mixed,True,0
synthru_0000897,synthetic_ru,synthru_0000897,/Users/vika/Projects/classifier_rotation/data/synthetic_ru/debug_1000/synthru_0000897.jpg,/Users/vika/Projects/classifier_rotation/data/synthetic_ru/debug_1000/synthru_0000897.jpg,1050,45,23.333333333333332,акция услуги шины диагональ недорого оперативно тысяч,ofont.ru_Zekton.ttf,ru_en_mixed,True,0
synthru_0000898,synthetic_ru,synthru_0000898,/Users/vika/Projects/classifier_rotation/data/synthetic_ru/debug_1000/synthru_0000898.jpg,/Users/vika/Projects/classifier_rotation/data/synthetic_ru/debug_1000/synthru_0000898.jpg,317,28,11.321428571428571,от 51 288 за услугу,ofont.ru_Downtown.ttf,ru_en_mixed,True,0
synthru_0000899,synthetic_ru,synthru_0000899,/Users/vika/Projects/classifier_rotation/data/synthetic_ru/debug_1000/synthru_0000899.jpg,/Users/vika/Projects/classifier_rotation/data/synthetic_ru/debug_1000/synthru_0000899.jpg,614,48,12.791666666666666,гарантия розница ищу товар торг бронь торг квартира,ofont.ru_Playfair Display.ttf,ru_en_mixed,True,0
synthru_0000900,synthetic_ru,synthru_0000900,/Users/vika/Projects/classifier_rotation/data/synthetic_ru/debug_1000/synthru_0000900.jpg,/Users/vika/Projects/classifier_rotation/data/synthetic_ru/debug_1000/synthru_0000900.jpg,898,166,5.409638554216867,Honor Качество 2217,ofont.ru_Ethna.ttf,ru_en_mixed,True,0
synthru_0000901,synthetic_ru,synthru_0000901,/Users/vika/Projects/classifier_rotation/data/synthetic_ru/debug_1000/synthru_0000901.jpg,/Users/vika/Projects/classifier_rotation/data/synthetic_ru/debug_1000/synthru_0000901.jpg,712,112,6.357142857142857,Toyota Lite 37,ofont.ru_Handgeschrieben.ttf,ru_en_mixed,True,0
synthru_0000902,synthetic_ru,synthru_0000902,/Users/vika/Projects/classifier_rotation/data/synthetic_ru/debug_1000/synthru_0000902.jpg,/Users/vika/Projects/classifier_rotation/data/synthetic_ru/debug_1000/synthru_0000902.jpg,659,28,23.535714285714285,срочно дорого телеграм магазин кабель бронь размер телефон дача телефон отличное версия,ofont.ru_Zekton.ttf,ru_en_mixed,True,0
synthru_0000903,synthetic_ru,synthru_0000903,/Users/vika/Projects/classifier_rotation/data/synthetic_ru/debug_1000/synthru_0000903.jpg,/Users/vika/Projects/classifier_rotation/data/synthetic_ru/debug_1000/synthru_0000903.jpg,308,20,15.4,быстро смотрите в наличии в наличии штука,ofont.ru_Ethna.ttf,ru_en_mixed,True,0
synthru_0000904,synthetic_ru,synthru_0000904,/Users/vika/Projects/classifier_rotation/data/synthetic_ru/debug_1000/synthru_0000904.jpg,/Users/vika/Projects/classifier_rotation/data/synthetic_ru/debug_1000/synthru_0000904.jpg,801,32,25.03125,сдэк замша подарок планшет быстро клавиатура в наличии новый переулок смартфон спрашивайте,ofont.ru_Veles.ttf,ru_en_mixed,True,0
synthru_0000905,synthetic_ru,synthru_0000905,/Users/vika/Projects/classifier_rotation/data/synthetic_ru/debug_1000/synthru_0000905.jpg,/Users/vika/Projects/classifier_rotation/data/synthetic_ru/debug_1000/synthru_0000905.jpg,236,47,5.0212765957446805,LG Max 29,ofont.ru_PF Monumenta Pro.ttf,ru_en_mixed,True,0
synthru_0000906,synthetic_ru,synthru_0000906,/Users/vika/Projects/classifier_rotation/data/synthetic_ru/debug_1000/synthru_0000906.jpg,/Users/vika/Projects/classifier_rotation/data/synthetic_ru/debug_1000/synthru_0000906.jpg,115,32,3.59375,32,ofont.ru_Downtown.ttf,ru_en_mixed,True,0
synthru_0000907,synthetic_ru,synthru_0000907,/Users/vika/Projects/classifier_rotation/data/synthetic_ru/debug_1000/synthru_0000907.jpg,/Users/vika/Projects/classifier_rotation/data/synthetic_ru/debug_1000/synthru_0000907.jpg,355,20,17.75,требуется сдэк кабель дом найму telegram длина студия дача цены,ofont.ru_Downtown.ttf,ru_en_mixed,True,0
synthru_0000908,synthetic_ru,synthru_0000908,/Users/vika/Projects/classifier_rotation/data/synthetic_ru/debug_1000/synthru_0000908.jpg,/Users/vika/Projects/classifier_rotation/data/synthetic_ru/debug_1000/synthru_0000908.jpg,722,28,25.785714285714285,цены кабель брак тысяч реплика качественно поколение штука дом отличное участок,ofont.ru_Zekton.ttf,ru_en_mixed,True,0
synthru_0000909,synthetic_ru,synthru_0000909,/Users/vika/Projects/classifier_rotation/data/synthetic_ru/debug_1000/synthru_0000909.jpg,/Users/vika/Projects/classifier_rotation/data/synthetic_ru/debug_1000/synthru_0000909.jpg,717,74,9.68918918918919,HONOR шины цена 7087,ofont.ru_DlgGeo.ttf,ru_en_mixed,True,0
synthru_0000910,synthetic_ru,synthru_0000910,/Users/vika/Projects/classifier_rotation/data/synthetic_ru/debug_1000/synthru_0000910.jpg,/Users/vika/Projects/classifier_rotation/data/synthetic_ru/debug_1000/synthru_0000910.jpg,1218,48,25.375,ул сегодня курьер машина улица копия копейки монитор,ofont.ru_Arteks.ttf,ru_en_mixed,True,0
synthru_0000911,synthetic_ru,synthru_0000911,/Users/vika/Projects/classifier_rotation/data/synthetic_ru/debug_1000/synthru_0000911.jpg,/Users/vika/Projects/classifier_rotation/data/synthetic_ru/debug_1000/synthru_0000911.jpg,292,28,10.428571428571429,Adidas продаю оптом 6633,ofont.ru_Rubik Vinyl.ttf,ru_en_mixed,True,0
synthru_0000912,synthetic_ru,synthru_0000912,/Users/vika/Projects/classifier_rotation/data/synthetic_ru/debug_1000/synthru_0000912.jpg,/Users/vika/Projects/classifier_rotation/data/synthetic_ru/debug_1000/synthru_0000912.jpg,233,37,6.297297297297297,+7 (995) 688-79-45,ofont.ru_Bookman Old Style Cyr.ttf,ru_en_mixed,True,0
synthru_0000913,synthetic_ru,synthru_0000913,/Users/vika/Projects/classifier_rotation/data/synthetic_ru/debug_1000/synthru_0000913.jpg,/Users/vika/Projects/classifier_rotation/data/synthetic_ru/debug_1000/synthru_0000913.jpg,1005,74,13.58108108108108,"ул. Гагарина, 229, кв. 67, корп. 9",ofont.ru_Bookman Old Style Cyr.ttf,ru_en_mixed,True,0
synthru_0000914,synthetic_ru,synthru_0000914,/Users/vika/Projects/classifier_rotation/data/synthetic_ru/debug_1000/synthru_0000914.jpg,/Users/vika/Projects/classifier_rotation/data/synthetic_ru/debug_1000/synthru_0000914.jpg,420,30,14.0,дом звоните ноутбук отправка поколение,ofont.ru_Downtown.ttf,ru_en_mixed,True,0
synthru_0000915,synthetic_ru,synthru_0000915,/Users/vika/Projects/classifier_rotation/data/synthetic_ru/debug_1000/synthru_0000915.jpg,/Users/vika/Projects/classifier_rotation/data/synthetic_ru/debug_1000/synthru_0000915.jpg,1485,49,30.306122448979593,звоните копейки предзаказ товар смартфон спрашивайте дешево монитор монтаж в наличии,ofont.ru_Hirro Sans.ttf,ru_en_mixed,True,0
synthru_0000916,synthetic_ru,synthru_0000916,/Users/vika/Projects/classifier_rotation/data/synthetic_ru/debug_1000/synthru_0000916.jpg,/Users/vika/Projects/classifier_rotation/data/synthetic_ru/debug_1000/synthru_0000916.jpg,131,29,4.517241379310345,пункт выдачи,ofont.ru_Veles.ttf,ru_en_mixed,True,0
synthru_0000917,synthetic_ru,synthru_0000917,/Users/vika/Projects/classifier_rotation/data/synthetic_ru/debug_1000/synthru_0000917.jpg,/Users/vika/Projects/classifier_rotation/data/synthetic_ru/debug_1000/synthru_0000917.jpg,129,20,6.45,+7 (952) 384-52-73,ofont.ru_normal font.ttf,ru_en_mixed,True,0
synthru_0000918,synthetic_ru,synthru_0000918,/Users/vika/Projects/classifier_rotation/data/synthetic_ru/debug_1000/synthru_0000918.jpg,/Users/vika/Projects/classifier_rotation/data/synthetic_ru/debug_1000/synthru_0000918.jpg,791,68,11.632352941176471,Lenovo доставка продукт 1169,ofont.ru_Handgeschrieben.ttf,ru_en_mixed,True,0
synthru_0000919,synthetic_ru,synthru_0000919,/Users/vika/Projects/classifier_rotation/data/synthetic_ru/debug_1000/synthru_0000919.jpg,/Users/vika/Projects/classifier_rotation/data/synthetic_ru/debug_1000/synthru_0000919.jpg,201,38,5.2894736842105265,KIA Pro 62,ofont.ru_ArbatDi.ttf,ru_en_mixed,True,0
synthru_0000920,synthetic_ru,synthru_0000920,/Users/vika/Projects/classifier_rotation/data/synthetic_ru/debug_1000/synthru_0000920.jpg,/Users/vika/Projects/classifier_rotation/data/synthetic_ru/debug_1000/synthru_0000920.jpg,1027,50,20.54,чехол тысяч штука рублей монтаж квартира кожа вещь участок дача телефон,ofont.ru_Zekton.ttf,ru_en_mixed,True,0
synthru_0000921,synthetic_ru,synthru_0000921,/Users/vika/Projects/classifier_rotation/data/synthetic_ru/debug_1000/synthru_0000921.jpg,/Users/vika/Projects/classifier_rotation/data/synthetic_ru/debug_1000/synthru_0000921.jpg,602,35,17.2,Sony уточняйте Звоните Продаю 5274,ofont.ru_PF Monumenta Pro.ttf,ru_en_mixed,True,0
synthru_0000922,synthetic_ru,synthru_0000922,/Users/vika/Projects/classifier_rotation/data/synthetic_ru/debug_1000/synthru_0000922.jpg,/Users/vika/Projects/classifier_rotation/data/synthetic_ru/debug_1000/synthru_0000922.jpg,419,27,15.518518518518519,участок звонок ширина магазин отличное акция,ofont.ru_Veles.ttf,ru_en_mixed,True,0
synthru_0000923,synthetic_ru,synthru_0000923,/Users/vika/Projects/classifier_rotation/data/synthetic_ru/debug_1000/synthru_0000923.jpg,/Users/vika/Projects/classifier_rotation/data/synthetic_ru/debug_1000/synthru_0000923.jpg,1184,65,18.215384615384615,Nike смартфон Проспект руб Доставка 2608,ofont.ru_Rubik Vinyl.ttf,ru_en_mixed,True,0
synthru_0000924,synthetic_ru,synthru_0000924,/Users/vika/Projects/classifier_rotation/data/synthetic_ru/debug_1000/synthru_0000924.jpg,/Users/vika/Projects/classifier_rotation/data/synthetic_ru/debug_1000/synthru_0000924.jpg,781,23,33.95652173913044,требуется ул партия настройка отличное стекло телеграм корпус корпус поддержка,ofont.ru_Smooz.ttf,ru_en_mixed,True,0
synthru_0000925,synthetic_ru,synthru_0000925,/Users/vika/Projects/classifier_rotation/data/synthetic_ru/debug_1000/synthru_0000925.jpg,/Users/vika/Projects/classifier_rotation/data/synthetic_ru/debug_1000/synthru_0000925.jpg,961,28,34.32142857142857,квартира продукт планшет ул пишите почта руб ул настройка автомобиль продукт телеграм,ofont.ru_Handgeschrieben.ttf,ru_en_mixed,True,0
synthru_0000926,synthetic_ru,synthru_0000926,/Users/vika/Projects/classifier_rotation/data/synthetic_ru/debug_1000/synthru_0000926.jpg,/Users/vika/Projects/classifier_rotation/data/synthetic_ru/debug_1000/synthru_0000926.jpg,301,43,7.0,Kia длина Вещь 9555,ofont.ru_Playfair Display.ttf,ru_en_mixed,True,0
synthru_0000927,synthetic_ru,synthru_0000927,/Users/vika/Projects/classifier_rotation/data/synthetic_ru/debug_1000/synthru_0000927.jpg,/Users/vika/Projects/classifier_rotation/data/synthetic_ru/debug_1000/synthru_0000927.jpg,287,37,7.756756756756757,торг бронь новое б/у,ofont.ru_ArbatDi.ttf,ru_en_mixed,True,0
synthru_0000928,synthetic_ru,synthru_0000928,/Users/vika/Projects/classifier_rotation/data/synthetic_ru/debug_1000/synthru_0000928.jpg,/Users/vika/Projects/classifier_rotation/data/synthetic_ru/debug_1000/synthru_0000928.jpg,158,22,7.181818181818182,+7 (976) 137-25-16,ofont.ru_Veles.ttf,ru_en_mixed,True,0
synthru_0000929,synthetic_ru,synthru_0000929,/Users/vika/Projects/classifier_rotation/data/synthetic_ru/debug_1000/synthru_0000929.jpg,/Users/vika/Projects/classifier_rotation/data/synthetic_ru/debug_1000/synthru_0000929.jpg,1927,61,31.59016393442623,boxberry производство цвет сервис клавиатура акция звоните сегодня телефон,ofont.ru_ArbatDi.ttf,ru_en_mixed,True,0
synthru_0000930,synthetic_ru,synthru_0000930,/Users/vika/Projects/classifier_rotation/data/synthetic_ru/debug_1000/synthru_0000930.jpg,/Users/vika/Projects/classifier_rotation/data/synthetic_ru/debug_1000/synthru_0000930.jpg,377,126,2.992063492063492,9 987,ofont.ru_Handgeschrieben.ttf,ru_en_mixed,True,0
synthru_0000931,synthetic_ru,synthru_0000931,/Users/vika/Projects/classifier_rotation/data/synthetic_ru/debug_1000/synthru_0000931.jpg,/Users/vika/Projects/classifier_rotation/data/synthetic_ru/debug_1000/synthru_0000931.jpg,946,47,20.127659574468087,HONOR обслуживание замша сдэк объектив 8747,ofont.ru_Arteks.ttf,ru_en_mixed,True,0
synthru_0000932,synthetic_ru,synthru_0000932,/Users/vika/Projects/classifier_rotation/data/synthetic_ru/debug_1000/synthru_0000932.jpg,/Users/vika/Projects/classifier_rotation/data/synthetic_ru/debug_1000/synthru_0000932.jpg,214,37,5.783783783783784,Apple дом цвета 7001,ofont.ru_ArbatDi.ttf,ru_en_mixed,True,0
synthru_0000933,synthetic_ru,synthru_0000933,/Users/vika/Projects/classifier_rotation/data/synthetic_ru/debug_1000/synthru_0000933.jpg,/Users/vika/Projects/classifier_rotation/data/synthetic_ru/debug_1000/synthru_0000933.jpg,710,40,17.75,+7 (929) 206-75-60,ofont.ru_Ethna.ttf,ru_en_mixed,True,0
synthru_0000934,synthetic_ru,synthru_0000934,/Users/vika/Projects/classifier_rotation/data/synthetic_ru/debug_1000/synthru_0000934.jpg,/Users/vika/Projects/classifier_rotation/data/synthetic_ru/debug_1000/synthru_0000934.jpg,427,30,14.233333333333333,машина бонус выгодно кожа резерв сегодня работа,ofont.ru_Hirro Sans.ttf,ru_en_mixed,True,0
synthru_0000935,synthetic_ru,synthru_0000935,/Users/vika/Projects/classifier_rotation/data/synthetic_ru/debug_1000/synthru_0000935.jpg,/Users/vika/Projects/classifier_rotation/data/synthetic_ru/debug_1000/synthru_0000935.jpg,516,101,5.108910891089109,замша сегодня сегодня,ofont.ru_Downtown.ttf,ru_en_mixed,True,0
synthru_0000936,synthetic_ru,synthru_0000936,/Users/vika/Projects/classifier_rotation/data/synthetic_ru/debug_1000/synthru_0000936.jpg,/Users/vika/Projects/classifier_rotation/data/synthetic_ru/debug_1000/synthru_0000936.jpg,875,41,21.341463414634145,HUAWEI мышь 2105,ofont.ru_DlgGeo.ttf,ru_en_mixed,True,0
synthru_0000937,synthetic_ru,synthru_0000937,/Users/vika/Projects/classifier_rotation/data/synthetic_ru/debug_1000/synthru_0000937.jpg,/Users/vika/Projects/classifier_rotation/data/synthetic_ru/debug_1000/synthru_0000937.jpg,2574,74,34.78378378378378,available store service store sale store available premium discount quality premium,ofont.ru_DlgGeo.ttf,ru_en_mixed,True,0
synthru_0000938,synthetic_ru,synthru_0000938,/Users/vika/Projects/classifier_rotation/data/synthetic_ru/debug_1000/synthru_0000938.jpg,/Users/vika/Projects/classifier_rotation/data/synthetic_ru/debug_1000/synthru_0000938.jpg,268,50,5.36,новый телефон,ofont.ru_Bookman Old Style Cyr.ttf,ru_en_mixed,True,0
synthru_0000939,synthetic_ru,synthru_0000939,/Users/vika/Projects/classifier_rotation/data/synthetic_ru/debug_1000/synthru_0000939.jpg,/Users/vika/Projects/classifier_rotation/data/synthetic_ru/debug_1000/synthru_0000939.jpg,391,33,11.848484848484848,Xiaomi Plus 11,ofont.ru_Departura.ttf,ru_en_mixed,True,0
synthru_0000940,synthetic_ru,synthru_0000940,/Users/vika/Projects/classifier_rotation/data/synthetic_ru/debug_1000/synthru_0000940.jpg,/Users/vika/Projects/classifier_rotation/data/synthetic_ru/debug_1000/synthru_0000940.jpg,173,26,6.653846153846154,Huawei самовывоз 737,ofont.ru_PF Monumenta Pro.ttf,ru_en_mixed,True,0
synthru_0000941,synthetic_ru,synthru_0000941,/Users/vika/Projects/classifier_rotation/data/synthetic_ru/debug_1000/synthru_0000941.jpg,/Users/vika/Projects/classifier_rotation/data/synthetic_ru/debug_1000/synthru_0000941.jpg,1642,136,12.073529411764707,store new premium discount available,ofont.ru_Bookman Old Style Cyr.ttf,ru_en_mixed,True,0
synthru_0000942,synthetic_ru,synthru_0000942,/Users/vika/Projects/classifier_rotation/data/synthetic_ru/debug_1000/synthru_0000942.jpg,/Users/vika/Projects/classifier_rotation/data/synthetic_ru/debug_1000/synthru_0000942.jpg,718,20,35.9,сдэк уценка поколение кожа новый стоимость ноутбук проспект год продукт монитор,ofont.ru_Zekton.ttf,ru_en_mixed,True,0
synthru_0000943,synthetic_ru,synthru_0000943,/Users/vika/Projects/classifier_rotation/data/synthetic_ru/debug_1000/synthru_0000943.jpg,/Users/vika/Projects/classifier_rotation/data/synthetic_ru/debug_1000/synthru_0000943.jpg,2347,99,23.707070707070706,размер сервис цвета оригинал кабель офис размер установка офис качество материал монтаж,ofont.ru_Ethna.ttf,ru_en_mixed,True,0
synthru_0000944,synthetic_ru,synthru_0000944,/Users/vika/Projects/classifier_rotation/data/synthetic_ru/debug_1000/synthru_0000944.jpg,/Users/vika/Projects/classifier_rotation/data/synthetic_ru/debug_1000/synthru_0000944.jpg,196,39,5.0256410256410255,"ул. Пушкина, 233",ofont.ru_DlgGeo.ttf,ru_en_mixed,True,0
synthru_0000945,synthetic_ru,synthru_0000945,/Users/vika/Projects/classifier_rotation/data/synthetic_ru/debug_1000/synthru_0000945.jpg,/Users/vika/Projects/classifier_rotation/data/synthetic_ru/debug_1000/synthru_0000945.jpg,196,20,9.8,shop available price price price,ofont.ru_Arteks.ttf,ru_en_mixed,True,0
synthru_0000946,synthetic_ru,synthru_0000946,/Users/vika/Projects/classifier_rotation/data/synthetic_ru/debug_1000/synthru_0000946.jpg,/Users/vika/Projects/classifier_rotation/data/synthetic_ru/debug_1000/synthru_0000946.jpg,623,68,9.161764705882353,бонус отправка акция новая акция,ofont.ru_Downtown.ttf,ru_en_mixed,True,0
synthru_0000947,synthetic_ru,synthru_0000947,/Users/vika/Projects/classifier_rotation/data/synthetic_ru/debug_1000/synthru_0000947.jpg,/Users/vika/Projects/classifier_rotation/data/synthetic_ru/debug_1000/synthru_0000947.jpg,719,206,3.4902912621359223,от 35 064,ofont.ru_Handgeschrieben.ttf,ru_en_mixed,True,0
synthru_0000948,synthetic_ru,synthru_0000948,/Users/vika/Projects/classifier_rotation/data/synthetic_ru/debug_1000/synthru_0000948.jpg,/Users/vika/Projects/classifier_rotation/data/synthetic_ru/debug_1000/synthru_0000948.jpg,224,61,3.6721311475409837,415.99,ofont.ru_Rubik Vinyl.ttf,ru_en_mixed,True,0
synthru_0000949,synthetic_ru,synthru_0000949,/Users/vika/Projects/classifier_rotation/data/synthetic_ru/debug_1000/synthru_0000949.jpg,/Users/vika/Projects/classifier_rotation/data/synthetic_ru/debug_1000/synthru_0000949.jpg,1953,78,25.03846153846154,ноутбук хорошее ватсап чехол сегодня требуется резерв колонка салон сегодня помощь,ofont.ru_Smooz.ttf,ru_en_mixed,True,0
synthru_0000950,synthetic_ru,synthru_0000950,/Users/vika/Projects/classifier_rotation/data/synthetic_ru/debug_1000/synthru_0000950.jpg,/Users/vika/Projects/classifier_rotation/data/synthetic_ru/debug_1000/synthru_0000950.jpg,60,20,3.0,KIA Plus 30,ofont.ru_FloraC.ttf,ru_en_mixed,True,0
synthru_0000951,synthetic_ru,synthru_0000951,/Users/vika/Projects/classifier_rotation/data/synthetic_ru/debug_1000/synthru_0000951.jpg,/Users/vika/Projects/classifier_rotation/data/synthetic_ru/debug_1000/synthru_0000951.jpg,720,76,9.473684210526315,31,ofont.ru_Playfair Display.ttf,ru_en_mixed,True,0
synthru_0000952,synthetic_ru,synthru_0000952,/Users/vika/Projects/classifier_rotation/data/synthetic_ru/debug_1000/synthru_0000952.jpg,/Users/vika/Projects/classifier_rotation/data/synthetic_ru/debug_1000/synthru_0000952.jpg,122,20,6.1,+7 (999) 950-10-22,ofont.ru_Handgeschrieben.ttf,ru_en_mixed,True,0
synthru_0000953,synthetic_ru,synthru_0000953,/Users/vika/Projects/classifier_rotation/data/synthetic_ru/debug_1000/synthru_0000953.jpg,/Users/vika/Projects/classifier_rotation/data/synthetic_ru/debug_1000/synthru_0000953.jpg,510,52,9.807692307692308,407.99,ofont.ru_DlgGeo.ttf,ru_en_mixed,True,0
synthru_0000954,synthetic_ru,synthru_0000954,/Users/vika/Projects/classifier_rotation/data/synthetic_ru/debug_1000/synthru_0000954.jpg,/Users/vika/Projects/classifier_rotation/data/synthetic_ru/debug_1000/synthru_0000954.jpg,709,39,18.17948717948718,дом подарок склад комплект салон цена цвет работа,ofont.ru_Hirro Sans.ttf,ru_en_mixed,True,0
synthru_0000955,synthetic_ru,synthru_0000955,/Users/vika/Projects/classifier_rotation/data/synthetic_ru/debug_1000/synthru_0000955.jpg,/Users/vika/Projects/classifier_rotation/data/synthetic_ru/debug_1000/synthru_0000955.jpg,767,72,10.652777777777779,поддержка руб квартира кабель набор,ofont.ru_FloraC.ttf,ru_en_mixed,True,0
synthru_0000956,synthetic_ru,synthru_0000956,/Users/vika/Projects/classifier_rotation/data/synthetic_ru/debug_1000/synthru_0000956.jpg,/Users/vika/Projects/classifier_rotation/data/synthetic_ru/debug_1000/synthru_0000956.jpg,598,31,19.29032258064516,Samsung версия скидка штука выгодно 8920,ofont.ru_Bookman Old Style Cyr.ttf,ru_en_mixed,True,0
synthru_0000957,synthetic_ru,synthru_0000957,/Users/vika/Projects/classifier_rotation/data/synthetic_ru/debug_1000/synthru_0000957.jpg,/Users/vika/Projects/classifier_rotation/data/synthetic_ru/debug_1000/synthru_0000957.jpg,555,62,8.951612903225806,BMW Pro 36,ofont.ru_Hirro Sans.ttf,ru_en_mixed,True,0
synthru_0000958,synthetic_ru,synthru_0000958,/Users/vika/Projects/classifier_rotation/data/synthetic_ru/debug_1000/synthru_0000958.jpg,/Users/vika/Projects/classifier_rotation/data/synthetic_ru/debug_1000/synthru_0000958.jpg,125,25,5.0,от 71 743 за месяц,ofont.ru_Zekton.ttf,ru_en_mixed,True,0
synthru_0000959,synthetic_ru,synthru_0000959,/Users/vika/Projects/classifier_rotation/data/synthetic_ru/debug_1000/synthru_0000959.jpg,/Users/vika/Projects/classifier_rotation/data/synthetic_ru/debug_1000/synthru_0000959.jpg,406,59,6.88135593220339,"ул. Мира, 75, кв. 68",ofont.ru_Veles.ttf,ru_en_mixed,True,0
synthru_0000960,synthetic_ru,synthru_0000960,/Users/vika/Projects/classifier_rotation/data/synthetic_ru/debug_1000/synthru_0000960.jpg,/Users/vika/Projects/classifier_rotation/data/synthetic_ru/debug_1000/synthru_0000960.jpg,148,41,3.6097560975609757,от 84 012,ofont.ru_Departura.ttf,ru_en_mixed,True,0
synthru_0000961,synthetic_ru,synthru_0000961,/Users/vika/Projects/classifier_rotation/data/synthetic_ru/debug_1000/synthru_0000961.jpg,/Users/vika/Projects/classifier_rotation/data/synthetic_ru/debug_1000/synthru_0000961.jpg,524,168,3.119047619047619,от 9 207,ofont.ru_Playfair Display.ttf,ru_en_mixed,True,0
synthru_0000962,synthetic_ru,synthru_0000962,/Users/vika/Projects/classifier_rotation/data/synthetic_ru/debug_1000/synthru_0000962.jpg,/Users/vika/Projects/classifier_rotation/data/synthetic_ru/debug_1000/synthru_0000962.jpg,163,25,6.52,+7 (935) 633-77-55,ofont.ru_Smooz.ttf,ru_en_mixed,True,0
synthru_0000963,synthetic_ru,synthru_0000963,/Users/vika/Projects/classifier_rotation/data/synthetic_ru/debug_1000/synthru_0000963.jpg,/Users/vika/Projects/classifier_rotation/data/synthetic_ru/debug_1000/synthru_0000963.jpg,479,20,23.95,доставка качество уточняйте вес монитор объем резерв копия двигатель размер,ofont.ru_ArbatDi.ttf,ru_en_mixed,True,0
synthru_0000964,synthetic_ru,synthru_0000964,/Users/vika/Projects/classifier_rotation/data/synthetic_ru/debug_1000/synthru_0000964.jpg,/Users/vika/Projects/classifier_rotation/data/synthetic_ru/debug_1000/synthru_0000964.jpg,2507,114,21.99122807017544,вес проспект ватсап продам автомобиль переулок размеры гараж салон уточняйте,ofont.ru_Departura.ttf,ru_en_mixed,True,0
synthru_0000965,synthetic_ru,synthru_0000965,/Users/vika/Projects/classifier_rotation/data/synthetic_ru/debug_1000/synthru_0000965.jpg,/Users/vika/Projects/classifier_rotation/data/synthetic_ru/debug_1000/synthru_0000965.jpg,733,35,20.942857142857143,телефон ремонт быстро участок дача торг руб,ofont.ru_Arteks.ttf,ru_en_mixed,True,0
synthru_0000966,synthetic_ru,synthru_0000966,/Users/vika/Projects/classifier_rotation/data/synthetic_ru/debug_1000/synthru_0000966.jpg,/Users/vika/Projects/classifier_rotation/data/synthetic_ru/debug_1000/synthru_0000966.jpg,143,46,3.108695652173913,297.99,ofont.ru_Arteks.ttf,ru_en_mixed,True,0
synthru_0000967,synthetic_ru,synthru_0000967,/Users/vika/Projects/classifier_rotation/data/synthetic_ru/debug_1000/synthru_0000967.jpg,/Users/vika/Projects/classifier_rotation/data/synthetic_ru/debug_1000/synthru_0000967.jpg,283,26,10.884615384615385,Samsung копейки помощь ул 4716,ofont.ru_DlgGeo.ttf,ru_en_mixed,True,0
synthru_0000968,synthetic_ru,synthru_0000968,/Users/vika/Projects/classifier_rotation/data/synthetic_ru/debug_1000/synthru_0000968.jpg,/Users/vika/Projects/classifier_rotation/data/synthetic_ru/debug_1000/synthru_0000968.jpg,758,120,6.316666666666666,+7 (912) 327-94-89,ofont.ru_Veles.ttf,ru_en_mixed,True,0
synthru_0000969,synthetic_ru,synthru_0000969,/Users/vika/Projects/classifier_rotation/data/synthetic_ru/debug_1000/synthru_0000969.jpg,/Users/vika/Projects/classifier_rotation/data/synthetic_ru/debug_1000/synthru_0000969.jpg,987,37,26.675675675675677,36,ofont.ru_Smooz.ttf,ru_en_mixed,True,0
synthru_0000970,synthetic_ru,synthru_0000970,/Users/vika/Projects/classifier_rotation/data/synthetic_ru/debug_1000/synthru_0000970.jpg,/Users/vika/Projects/classifier_rotation/data/synthetic_ru/debug_1000/synthru_0000970.jpg,429,67,6.402985074626866,набор почта,ofont.ru_Veles.ttf,ru_en_mixed,True,0
synthru_0000971,synthetic_ru,synthru_0000971,/Users/vika/Projects/classifier_rotation/data/synthetic_ru/debug_1000/synthru_0000971.jpg,/Users/vika/Projects/classifier_rotation/data/synthetic_ru/debug_1000/synthru_0000971.jpg,2234,184,12.141304347826088,длина офис выдачи цена проспект переулок,ofont.ru_Hirro Sans.ttf,ru_en_mixed,True,0
synthru_0000972,synthetic_ru,synthru_0000972,/Users/vika/Projects/classifier_rotation/data/synthetic_ru/debug_1000/synthru_0000972.jpg,/Users/vika/Projects/classifier_rotation/data/synthetic_ru/debug_1000/synthru_0000972.jpg,109,20,5.45,от 41 830 за штуку,ofont.ru_Rubik Vinyl.ttf,ru_en_mixed,True,0
synthru_0000973,synthetic_ru,synthru_0000973,/Users/vika/Projects/classifier_rotation/data/synthetic_ru/debug_1000/synthru_0000973.jpg,/Users/vika/Projects/classifier_rotation/data/synthetic_ru/debug_1000/synthru_0000973.jpg,1350,150,9.0,склад сдэк настройка переулок ремонт,ofont.ru_FloraC.ttf,ru_en_mixed,True,0
synthru_0000974,synthetic_ru,synthru_0000974,/Users/vika/Projects/classifier_rotation/data/synthetic_ru/debug_1000/synthru_0000974.jpg,/Users/vika/Projects/classifier_rotation/data/synthetic_ru/debug_1000/synthru_0000974.jpg,115,20,5.75,размер настройка адаптер,ofont.ru_Departura.ttf,ru_en_mixed,True,0
synthru_0000975,synthetic_ru,synthru_0000975,/Users/vika/Projects/classifier_rotation/data/synthetic_ru/debug_1000/synthru_0000975.jpg,/Users/vika/Projects/classifier_rotation/data/synthetic_ru/debug_1000/synthru_0000975.jpg,93,27,3.4444444444444446,46,ofont.ru_Arteks.ttf,ru_en_mixed,True,0
synthru_0000976,synthetic_ru,synthru_0000976,/Users/vika/Projects/classifier_rotation/data/synthetic_ru/debug_1000/synthru_0000976.jpg,/Users/vika/Projects/classifier_rotation/data/synthetic_ru/debug_1000/synthru_0000976.jpg,703,48,14.645833333333334,магазин заказ колонка тысяч,ofont.ru_Zekton.ttf,ru_en_mixed,True,0
synthru_0000977,synthetic_ru,synthru_0000977,/Users/vika/Projects/classifier_rotation/data/synthetic_ru/debug_1000/synthru_0000977.jpg,/Users/vika/Projects/classifier_rotation/data/synthetic_ru/debug_1000/synthru_0000977.jpg,637,49,13.0,набор предзаказ машина ширина стекло,ofont.ru_Bookman Old Style Cyr.ttf,ru_en_mixed,True,0
synthru_0000978,synthetic_ru,synthru_0000978,/Users/vika/Projects/classifier_rotation/data/synthetic_ru/debug_1000/synthru_0000978.jpg,/Users/vika/Projects/classifier_rotation/data/synthetic_ru/debug_1000/synthru_0000978.jpg,137,20,6.85,"ул. Кирова, 88, кв. 91",ofont.ru_Smooz.ttf,ru_en_mixed,True,0
synthru_0000979,synthetic_ru,synthru_0000979,/Users/vika/Projects/classifier_rotation/data/synthetic_ru/debug_1000/synthru_0000979.jpg,/Users/vika/Projects/classifier_rotation/data/synthetic_ru/debug_1000/synthru_0000979.jpg,148,30,4.933333333333334,+7 (950) 589-90-80,ofont.ru_Veles.ttf,ru_en_mixed,True,0
synthru_0000980,synthetic_ru,synthru_0000980,/Users/vika/Projects/classifier_rotation/data/synthetic_ru/debug_1000/synthru_0000980.jpg,/Users/vika/Projects/classifier_rotation/data/synthetic_ru/debug_1000/synthru_0000980.jpg,922,110,8.381818181818181,Toyota цвет работа набор 4687,ofont.ru_Hirro Sans.ttf,ru_en_mixed,True,0
synthru_0000981,synthetic_ru,synthru_0000981,/Users/vika/Projects/classifier_rotation/data/synthetic_ru/debug_1000/synthru_0000981.jpg,/Users/vika/Projects/classifier_rotation/data/synthetic_ru/debug_1000/synthru_0000981.jpg,171,20,8.55,Adidas оригинал диагональ 8772,ofont.ru_Departura.ttf,ru_en_mixed,True,0
synthru_0000982,synthetic_ru,synthru_0000982,/Users/vika/Projects/classifier_rotation/data/synthetic_ru/debug_1000/synthru_0000982.jpg,/Users/vika/Projects/classifier_rotation/data/synthetic_ru/debug_1000/synthru_0000982.jpg,2275,174,13.074712643678161,резерв цена вес улица скидка телеграм вещь качество,ofont.ru_Downtown.ttf,ru_en_mixed,True,0
synthru_0000983,synthetic_ru,synthru_0000983,/Users/vika/Projects/classifier_rotation/data/synthetic_ru/debug_1000/synthru_0000983.jpg,/Users/vika/Projects/classifier_rotation/data/synthetic_ru/debug_1000/synthru_0000983.jpg,427,29,14.724137931034482,переулок монтаж планшет квартира обменяю размер,ofont.ru_DlgGeo.ttf,ru_en_mixed,True,0
synthru_0000984,synthetic_ru,synthru_0000984,/Users/vika/Projects/classifier_rotation/data/synthetic_ru/debug_1000/synthru_0000984.jpg,/Users/vika/Projects/classifier_rotation/data/synthetic_ru/debug_1000/synthru_0000984.jpg,1481,95,15.589473684210526,мышь ноутбук комната квартира дорого,ofont.ru_Handgeschrieben.ttf,ru_en_mixed,True,0
synthru_0000985,synthetic_ru,synthru_0000985,/Users/vika/Projects/classifier_rotation/data/synthetic_ru/debug_1000/synthru_0000985.jpg,/Users/vika/Projects/classifier_rotation/data/synthetic_ru/debug_1000/synthru_0000985.jpg,452,20,22.6,звоните монитор ширина ватсап наличие выдачи доставка,ofont.ru_Arteks.ttf,ru_en_mixed,True,0
synthru_0000986,synthetic_ru,synthru_0000986,/Users/vika/Projects/classifier_rotation/data/synthetic_ru/debug_1000/synthru_0000986.jpg,/Users/vika/Projects/classifier_rotation/data/synthetic_ru/debug_1000/synthru_0000986.jpg,507,35,14.485714285714286,+7 (934) 424-18-60,ofont.ru_Zekton.ttf,ru_en_mixed,True,0
synthru_0000987,synthetic_ru,synthru_0000987,/Users/vika/Projects/classifier_rotation/data/synthetic_ru/debug_1000/synthru_0000987.jpg,/Users/vika/Projects/classifier_rotation/data/synthetic_ru/debug_1000/synthru_0000987.jpg,334,35,9.542857142857143,Lenovo whatsapp 8487,ofont.ru_Handgeschrieben.ttf,ru_en_mixed,True,0
synthru_0000988,synthetic_ru,synthru_0000988,/Users/vika/Projects/classifier_rotation/data/synthetic_ru/debug_1000/synthru_0000988.jpg,/Users/vika/Projects/classifier_rotation/data/synthetic_ru/debug_1000/synthru_0000988.jpg,494,24,20.583333333333332,автомобиль бонус вакансия whatsapp ватсап гараж обменяю,ofont.ru_Playfair Display.ttf,ru_en_mixed,True,0
synthru_0000989,synthetic_ru,synthru_0000989,/Users/vika/Projects/classifier_rotation/data/synthetic_ru/debug_1000/synthru_0000989.jpg,/Users/vika/Projects/classifier_rotation/data/synthetic_ru/debug_1000/synthru_0000989.jpg,2285,112,20.401785714285715,доставка новое завтра telegram наушники whatsapp пробег,ofont.ru_Arteks.ttf,ru_en_mixed,True,0
synthru_0000990,synthetic_ru,synthru_0000990,/Users/vika/Projects/classifier_rotation/data/synthetic_ru/debug_1000/synthru_0000990.jpg,/Users/vika/Projects/classifier_rotation/data/synthetic_ru/debug_1000/synthru_0000990.jpg,242,26,9.307692307692308,офис цены авто новая гарантия,ofont.ru_Ethna.ttf,ru_en_mixed,True,0
synthru_0000991,synthetic_ru,synthru_0000991,/Users/vika/Projects/classifier_rotation/data/synthetic_ru/debug_1000/synthru_0000991.jpg,/Users/vika/Projects/classifier_rotation/data/synthetic_ru/debug_1000/synthru_0000991.jpg,717,72,9.958333333333334,качественно участок хорошее,ofont.ru_Veles.ttf,ru_en_mixed,True,0
synthru_0000992,synthetic_ru,synthru_0000992,/Users/vika/Projects/classifier_rotation/data/synthetic_ru/debug_1000/synthru_0000992.jpg,/Users/vika/Projects/classifier_rotation/data/synthetic_ru/debug_1000/synthru_0000992.jpg,752,29,25.93103448275862,доставка корпус предзаказ быстро мышь сервис кузов хорошее вещь телефон колонка,ofont.ru_ArbatDi.ttf,ru_en_mixed,True,0
synthru_0000993,synthetic_ru,synthru_0000993,/Users/vika/Projects/classifier_rotation/data/synthetic_ru/debug_1000/synthru_0000993.jpg,/Users/vika/Projects/classifier_rotation/data/synthetic_ru/debug_1000/synthru_0000993.jpg,108,20,5.4,8 442,ofont.ru_DlgGeo.ttf,ru_en_mixed,True,0
synthru_0000994,synthetic_ru,synthru_0000994,/Users/vika/Projects/classifier_rotation/data/synthetic_ru/debug_1000/synthru_0000994.jpg,/Users/vika/Projects/classifier_rotation/data/synthetic_ru/debug_1000/synthru_0000994.jpg,1224,43,28.46511627906977,завтра хорошее корпус брак зарядка материал помощь пробег бонус штука,ofont.ru_Playfair Display.ttf,ru_en_mixed,True,0
synthru_0000995,synthetic_ru,synthru_0000995,/Users/vika/Projects/classifier_rotation/data/synthetic_ru/debug_1000/synthru_0000995.jpg,/Users/vika/Projects/classifier_rotation/data/synthetic_ru/debug_1000/synthru_0000995.jpg,389,50,7.78,автомобиль адаптер,ofont.ru_FloraC.ttf,ru_en_mixed,True,0
synthru_0000996,synthetic_ru,synthru_0000996,/Users/vika/Projects/classifier_rotation/data/synthetic_ru/debug_1000/synthru_0000996.jpg,/Users/vika/Projects/classifier_rotation/data/synthetic_ru/debug_1000/synthru_0000996.jpg,1713,54,31.72222222222222,продукт замша набор штука квартира колонка тысяч стоимость шины версия телеграм,ofont.ru_Arteks.ttf,ru_en_mixed,True,0
synthru_0000997,synthetic_ru,synthru_0000997,/Users/vika/Projects/classifier_rotation/data/synthetic_ru/debug_1000/synthru_0000997.jpg,/Users/vika/Projects/classifier_rotation/data/synthetic_ru/debug_1000/synthru_0000997.jpg,261,20,13.05,service sale best offer address shop discount discount sale,ofont.ru_Playfair Display.ttf,ru_en_mixed,True,0
synthru_0000998,synthetic_ru,synthru_0000998,/Users/vika/Projects/classifier_rotation/data/synthetic_ru/debug_1000/synthru_0000998.jpg,/Users/vika/Projects/classifier_rotation/data/synthetic_ru/debug_1000/synthru_0000998.jpg,317,28,11.321428571428571,А2БШУ3РЯГЗЦ4ЗЕЦВЖВДЮКЯАБ5В,ofont.ru_DlgGeo.ttf,ru_en_mixed,True,0
synthru_0000999,synthetic_ru,synthru_0000999,/Users/vika/Projects/classifier_rotation/data/synthetic_ru/debug_1000/synthru_0000999.jpg,/Users/vika/Projects/classifier_rotation/data/synthetic_ru/debug_1000/synthru_0000999.jpg,131,39,3.358974358974359,от 53 311,ofont.ru_Handgeschrieben.ttf,ru_en_mixed,True,0
