image_id,p_180
test_00000,0.62715000
test_00001,0.99993002
test_00002,0.99997997
test_00003,0.53684998
test_00004,0.99988002
test_00005,0.98773998
test_00006,0.99932998
test_00007,0.99998999
test_00008,0.98931998
test_00009,0.93207002
test_00010,0.82213998
test_00011,0.99910998
test_00012,0.65117002
test_00013,0.99752998
test_00014,0.80154002
test_00015,0.99958003
test_00016,0.84560001
test_00017,0.98598999
test_00018,0.97057998
test_00019,0.99445999
test_00020,0.99827999
test_00021,0.96138000
test_00022,0.99756998
test_00023,0.96907002
test_00024,0.69274002
test_00025,0.99997002
test_00026,0.99864000
test_00027,0.97736001
test_00028,0.76249999
test_00029,0.97920001
test_00030,0.99519002
test_00031,0.99426001
test_00032,0.87120003
test_00033,0.90425003
test_00034,0.99686003
test_00035,0.99961001
test_00036,0.81428999
test_00037,0.85773998
test_00038,0.99879003
test_00039,0.99919999
test_00040,0.74879998
test_00041,0.98743999
test_00042,0.99662000
test_00043,0.77468002
test_00044,0.51472998
test_00045,0.72009999
test_00046,0.99697000
test_00047,0.99949998
test_00048,0.99858999
test_00049,0.99772000
test_00050,0.99994999
test_00051,0.99515003
test_00052,0.99997002
test_00053,0.56774998
test_00054,0.96740001
test_00055,0.99752003
test_00056,0.99953997
test_00057,0.98935997
test_00058,0.99812001
test_00059,0.87010002
test_00060,0.91526997
test_00061,0.99782002
test_00062,0.87155998
test_00063,0.99479997
test_00064,0.00024998
test_00065,0.00009000
test_00066,0.01198000
test_00067,0.00032997
test_00068,0.00312001
test_00069,0.26849997
test_00070,0.03666002
test_00071,0.00000000
test_00072,0.00376999
test_00073,0.08164001
test_00074,0.48413998
test_00075,0.00085002
test_00076,0.05669999
test_00077,0.00269002
test_00078,0.00028998
test_00079,0.05989999
test_00080,0.16536999
test_00081,0.00718999
test_00082,0.00155997
test_00083,0.02613997
test_00084,0.00002003
test_00085,0.00777000
test_00086,0.00421000
test_00087,0.00002998
test_00088,0.20156997
test_00089,0.45280999
test_00090,0.48150998
test_00091,0.00006002
test_00092,0.06032997
test_00093,0.08828002
test_00094,0.02705002
test_00095,0.34667999
test_00096,0.31730998
test_00097,0.00273001
test_00098,0.00239998
test_00099,0.01704001
test_00100,0.00446999
test_00101,0.30988997
test_00102,0.00007999
test_00103,0.00007999
test_00104,0.11457002
test_00105,0.00001001
test_00106,0.28459001
test_00107,0.11576003
test_00108,0.02897000
test_00109,0.00496000
test_00110,0.00238001
test_00111,0.42061001
test_00112,0.42332000
test_00113,0.00297999
test_00114,0.00123000
test_00115,0.30914003
test_00116,0.08949000
test_00117,0.01005000
test_00118,0.00127000
test_00119,0.01310003
test_00120,0.42385000
test_00121,0.00540000
test_00122,0.01085001
test_00123,0.00127000
test_00124,0.00124002
test_00125,0.00762999
test_00126,0.00042999
test_00127,0.00009000
test_00128,0.00037003
test_00129,0.47656000
test_00130,0.00000000
test_00131,0.00094002
test_00132,0.00516999
test_00133,0.00009000
test_00134,0.07196999
test_00135,0.10630000
test_00136,0.21956998
test_00137,0.00880998
test_00138,0.00173002
test_00139,0.06136000
test_00140,0.00002003
test_00141,0.00629997
test_00142,0.19542998
test_00143,0.14463001
test_00144,0.09311002
test_00145,0.01117003
test_00146,0.01704001
test_00147,0.00256002
test_00148,0.28628999
test_00149,0.07919002
test_00150,0.02476001
test_00151,0.00003999
test_00152,0.00168002
test_00153,0.07560998
test_00154,0.43316001
test_00155,0.00010002
test_00156,0.00090998
test_00157,0.09021997
test_00158,0.00586998
test_00159,0.00002003
test_00160,0.99706000
test_00161,0.64231002
test_00162,0.99969000
test_00163,0.61347002
test_00164,0.50695002
test_00165,0.91728997
test_00166,0.98185003
test_00167,0.97749001
test_00168,0.97320002
test_00169,0.98389000
test_00170,0.98014998
test_00171,0.87458003
test_00172,0.98878002
test_00173,0.84792000
test_00174,0.99953997
test_00175,0.99927998
test_00176,0.97982001
test_00177,0.99564999
test_00178,0.87418997
test_00179,0.99934000
test_00180,0.99921000
test_00181,0.71789002
test_00182,0.99287999
test_00183,0.61387998
test_00184,0.97113001
test_00185,0.99987000
test_00186,0.56704003
test_00187,0.99497998
test_00188,0.99849999
test_00189,0.99997997
test_00190,0.99896002
test_00191,0.73710001
test_00192,0.00002003
test_00193,0.49655998
test_00194,0.00094998
test_00195,0.14903003
test_00196,0.19400001
test_00197,0.01019001
test_00198,0.01929998
test_00199,0.00002003
test_00200,0.00376999
test_00201,0.01186001
test_00202,0.00673002
test_00203,0.40399998
test_00204,0.01040000
test_00205,0.02793002
test_00206,0.00151002
test_00207,0.00009000
test_00208,0.00998998
test_00209,0.00204998
test_00210,0.23268998
test_00211,0.00357997
test_00212,0.07200998
test_00213,0.14872003
test_00214,0.00139999
test_00215,0.00432998
test_00216,0.00010997
test_00217,0.00770998
test_00218,0.06326997
test_00219,0.00604999
test_00220,0.00058001
test_00221,0.00107002
test_00222,0.31387001
test_00223,0.02969003
test_00224,0.90245003
test_00225,0.99821001
test_00226,0.79808998
test_00227,0.99488002
test_00228,0.78986001
test_00229,0.98755002
test_00230,0.99716002
test_00231,1.00000000
test_00232,0.53011000
test_00233,0.99427998
test_00234,0.99861002
test_00235,0.99987000
test_00236,0.99998999
test_00237,0.92931002
test_00238,0.99856001
test_00239,0.94788003
test_00240,0.99523002
test_00241,0.99299002
test_00242,0.97667998
test_00243,0.99998999
test_00244,0.99686003
test_00245,0.77328002
test_00246,0.99994999
test_00247,0.87410003
test_00248,0.99913001
test_00249,0.99998999
test_00250,0.84329998
test_00251,0.90134001
test_00252,0.99940997
test_00253,0.99993002
test_00254,0.99743003
test_00255,0.99335003
test_00256,0.23811001
test_00257,0.02074999
test_00258,0.18014997
test_00259,0.29604000
test_00260,0.19594002
test_00261,0.12246001
test_00262,0.00072998
test_00263,0.00050998
test_00264,0.00036001
test_00265,0.33994001
test_00266,0.08260000
test_00267,0.00139999
test_00268,0.39854002
test_00269,0.00272000
test_00270,0.15350997
test_00271,0.29790998
test_00272,0.00231999
test_00273,0.00901002
test_00274,0.06098002
test_00275,0.02297002
test_00276,0.30083001
test_00277,0.00005001
test_00278,0.06884998
test_00279,0.11009002
test_00280,0.28301001
test_00281,0.00098997
test_00282,0.00173002
test_00283,0.48308003
test_00284,0.15696001
test_00285,0.00075001
test_00286,0.00296003
test_00287,0.11843997
test_00288,0.99998999
test_00289,0.99822998
test_00290,0.99752998
test_00291,0.99993998
test_00292,1.00000000
test_00293,0.98343003
test_00294,0.99989003
test_00295,1.00000000
test_00296,0.98878002
test_00297,0.99660999
test_00298,0.86457998
test_00299,0.98079997
test_00300,0.99637002
test_00301,0.86502999
test_00302,0.99768001
test_00303,0.64736003
test_00304,0.98896998
test_00305,0.97315001
test_00306,0.95951003
test_00307,0.64153999
test_00308,0.74078000
test_00309,0.88138998
test_00310,0.72276998
test_00311,0.93586999
test_00312,0.52065998
test_00313,0.99997002
test_00314,0.99593002
test_00315,0.58456999
test_00316,0.97667998
test_00317,0.97329003
test_00318,0.99273002
test_00319,0.78854001
test_00320,0.99980003
test_00321,0.91872001
test_00322,0.93322003
test_00323,0.99703002
test_00324,0.62053001
test_00325,0.98926997
test_00326,0.97122997
test_00327,0.69625998
test_00328,0.95160002
test_00329,0.60784000
test_00330,0.99981999
test_00331,0.99431998
test_00332,0.98513001
test_00333,0.99918997
test_00334,0.99932998
test_00335,0.57165998
test_00336,0.65297002
test_00337,0.93510002
test_00338,0.92164999
test_00339,0.97760999
test_00340,0.53582001
test_00341,0.99660999
test_00342,0.99820000
test_00343,0.99936998
test_00344,0.99861002
test_00345,0.99826998
test_00346,0.99032003
test_00347,0.99813998
test_00348,0.71543998
test_00349,0.89173001
test_00350,0.98843998
test_00351,0.59592998
test_00352,0.99807000
test_00353,0.85912001
test_00354,0.95178998
test_00355,0.99943000
test_00356,0.67224997
test_00357,0.93571001
test_00358,0.94117999
test_00359,0.99957001
test_00360,0.96504998
test_00361,0.99900001
test_00362,0.53390998
test_00363,0.98856997
test_00364,0.99993002
test_00365,0.97670001
test_00366,0.99901998
test_00367,0.92325002
test_00368,0.98925000
test_00369,0.99993998
test_00370,0.96959001
test_00371,0.99754000
test_00372,0.99924999
test_00373,0.96376997
test_00374,0.99949002
test_00375,0.99993998
test_00376,0.83674997
test_00377,0.99831003
test_00378,0.98281002
test_00379,0.99777001
test_00380,0.99624002
test_00381,0.99861997
test_00382,0.92444998
test_00383,0.99884999
test_00384,0.99836999
test_00385,0.99242997
test_00386,0.99950999
test_00387,0.96731001
test_00388,0.74825001
test_00389,0.99981999
test_00390,0.50019002
test_00391,0.98614001
test_00392,0.60702002
test_00393,0.68374002
test_00394,0.76270998
test_00395,0.99781001
test_00396,0.99636000
test_00397,0.99563998
test_00398,0.99536002
test_00399,0.76380998
test_00400,0.99902999
test_00401,0.50344002
test_00402,0.98762000
test_00403,0.99997997
test_00404,0.99989003
test_00405,0.99800998
test_00406,0.99790001
test_00407,0.89665002
test_00408,0.94582999
test_00409,0.99015999
test_00410,0.98209000
test_00411,0.99605000
test_00412,0.72315001
test_00413,0.51664001
test_00414,0.78856999
test_00415,0.65456998
test_00416,0.00168997
test_00417,0.00066000
test_00418,0.00029999
test_00419,0.00024003
test_00420,0.00002998
test_00421,0.00045002
test_00422,0.00000000
test_00423,0.00064999
test_00424,0.00354999
test_00425,0.01238000
test_00426,0.31107002
test_00427,0.32170999
test_00428,0.45785999
test_00429,0.00000000
test_00430,0.00149000
test_00431,0.00000000
test_00432,0.00002998
test_00433,0.06939000
test_00434,0.22342002
test_00435,0.30743003
test_00436,0.27727002
test_00437,0.10206997
test_00438,0.00546998
test_00439,0.14528000
test_00440,0.22018999
test_00441,0.00002003
test_00442,0.14104998
test_00443,0.04544002
test_00444,0.00000000
test_00445,0.00880998
test_00446,0.00037998
test_00447,0.00331002
test_00448,0.99998999
test_00449,0.94058001
test_00450,0.96686000
test_00451,0.99935001
test_00452,0.96263999
test_00453,0.84912997
test_00454,0.55127001
test_00455,0.99890000
test_00456,0.98719001
test_00457,0.99140000
test_00458,0.99997997
test_00459,0.97201002
test_00460,0.99131000
test_00461,0.99842000
test_00462,0.89107001
test_00463,1.00000000
test_00464,0.99757999
test_00465,0.97691000
test_00466,0.98602003
test_00467,0.91523999
test_00468,0.99953002
test_00469,0.88178998
test_00470,0.93243998
test_00471,0.96635997
test_00472,0.99449003
test_00473,0.99479002
test_00474,0.99924999
test_00475,0.97560000
test_00476,0.90752000
test_00477,0.95183003
test_00478,0.91580999
test_00479,0.84943998
test_00480,0.99958998
test_00481,0.99848002
test_00482,0.61752999
test_00483,0.99949998
test_00484,0.96964997
test_00485,0.96913999
test_00486,0.99747002
test_00487,0.88805002
test_00488,0.68651003
test_00489,0.99997002
test_00490,0.99678999
test_00491,0.57058001
test_00492,0.99765998
test_00493,0.99994999
test_00494,0.96934998
test_00495,0.99873000
test_00496,0.81809998
test_00497,0.99998999
test_00498,0.84877998
test_00499,0.99957001
test_00500,0.99612999
test_00501,0.90569001
test_00502,0.92264003
test_00503,0.97162002
test_00504,0.99978000
test_00505,0.88607001
test_00506,0.99983001
test_00507,0.97346997
test_00508,0.78381002
test_00509,0.82920998
test_00510,0.88742000
test_00511,0.52555001
test_00512,0.99738997
test_00513,0.99883002
test_00514,0.99782002
test_00515,0.99497998
test_00516,0.91649997
test_00517,0.73841000
test_00518,0.99054003
test_00519,0.99975002
test_00520,0.99673003
test_00521,0.99733001
test_00522,0.99935001
test_00523,0.75348002
test_00524,0.93633997
test_00525,0.59416002
test_00526,0.93172997
test_00527,0.99927998
test_00528,0.58780003
test_00529,0.94428003
test_00530,0.95874000
test_00531,0.99787003
test_00532,0.69919002
test_00533,0.77222002
test_00534,1.00000000
test_00535,0.62945002
test_00536,0.99870998
test_00537,0.99107999
test_00538,0.98253000
test_00539,0.99896002
test_00540,0.52620000
test_00541,0.93825001
test_00542,0.99373001
test_00543,0.99998999
test_00544,0.99142998
test_00545,0.99978000
test_00546,0.86881000
test_00547,0.99931997
test_00548,0.98193997
test_00549,0.99901003
test_00550,0.97346997
test_00551,0.99847001
test_00552,0.98833001
test_00553,0.74980998
test_00554,0.88243997
test_00555,0.69191003
test_00556,0.99814999
test_00557,0.99974000
test_00558,0.88409001
test_00559,0.99335998
test_00560,0.80017000
test_00561,0.91957998
test_00562,0.90324998
test_00563,0.80843002
test_00564,0.99011999
test_00565,0.98926002
test_00566,0.99998999
test_00567,0.67892998
test_00568,0.98861003
test_00569,0.98561001
test_00570,0.94419998
test_00571,0.89806998
test_00572,0.85380000
test_00573,0.83701003
test_00574,0.99835002
test_00575,0.82441998
test_00576,0.99208999
test_00577,0.90332001
test_00578,0.99997997
test_00579,0.99994999
test_00580,0.99997002
test_00581,0.99308002
test_00582,0.72540998
test_00583,0.99979001
test_00584,0.97736001
test_00585,0.99989998
test_00586,0.99994999
test_00587,0.99997002
test_00588,0.93264002
test_00589,0.93528003
test_00590,0.99895000
test_00591,0.99558997
test_00592,0.56673998
test_00593,0.99765003
test_00594,0.99949002
test_00595,0.69050002
test_00596,0.73800999
test_00597,0.95714003
test_00598,0.93111002
test_00599,0.99991000
test_00600,0.80820000
test_00601,0.99302000
test_00602,0.99931002
test_00603,0.97276998
test_00604,0.97687000
test_00605,0.92979997
test_00606,0.99724001
test_00607,0.97680002
test_00608,0.42721999
test_00609,0.01472998
test_00610,0.00020999
test_00611,0.45946002
test_00612,0.00906998
test_00613,0.08421999
test_00614,0.07209998
test_00615,0.00000000
test_00616,0.00020999
test_00617,0.02270001
test_00618,0.05694997
test_00619,0.00009000
test_00620,0.00629997
test_00621,0.18168002
test_00622,0.00050998
test_00623,0.04830998
test_00624,0.00141001
test_00625,0.04424000
test_00626,0.00001001
test_00627,0.18112999
test_00628,0.00218999
test_00629,0.44942999
test_00630,0.05495000
test_00631,0.26628000
test_00632,0.00765997
test_00633,0.05387002
test_00634,0.00071001
test_00635,0.00476998
test_00636,0.06896001
test_00637,0.05225003
test_00638,0.05307001
test_00639,0.00400001
test_00640,0.00285000
test_00641,0.00477999
test_00642,0.42416000
test_00643,0.03250998
test_00644,0.00001001
test_00645,0.00349998
test_00646,0.26179999
test_00647,0.09141999
test_00648,0.00127000
test_00649,0.05306000
test_00650,0.00028998
test_00651,0.11409998
test_00652,0.02442002
test_00653,0.05915999
test_00654,0.19466001
test_00655,0.00516999
test_00656,0.00551999
test_00657,0.04896998
test_00658,0.00027001
test_00659,0.07520002
test_00660,0.04448998
test_00661,0.00357002
test_00662,0.09195000
test_00663,0.00968999
test_00664,0.00555003
test_00665,0.06441998
test_00666,0.00563997
test_00667,0.00006002
test_00668,0.06294000
test_00669,0.07887000
test_00670,0.00786000
test_00671,0.00139999
test_00672,0.98922002
test_00673,0.91917998
test_00674,0.98442000
test_00675,0.99823999
test_00676,0.87281001
test_00677,0.61988997
test_00678,0.99998999
test_00679,0.91667998
test_00680,0.64898998
test_00681,0.98646998
test_00682,0.99997997
test_00683,0.87624002
test_00684,0.98453999
test_00685,0.98089999
test_00686,0.99937999
test_00687,0.86435997
test_00688,0.99931002
test_00689,0.99963999
test_00690,0.99338001
test_00691,0.97560000
test_00692,0.99994999
test_00693,0.99992001
test_00694,0.99988002
test_00695,0.81079000
test_00696,0.96101999
test_00697,0.99974000
test_00698,0.98470998
test_00699,0.55321997
test_00700,0.94780999
test_00701,0.98430997
test_00702,0.99991000
test_00703,0.60372001
test_00704,0.00082999
test_00705,0.47016001
test_00706,0.10329002
test_00707,0.00545001
test_00708,0.00002003
test_00709,0.00474000
test_00710,0.27983999
test_00711,0.41960001
test_00712,0.22587001
test_00713,0.27345002
test_00714,0.05103999
test_00715,0.00000000
test_00716,0.45642000
test_00717,0.00059003
test_00718,0.07902002
test_00719,0.04765999
test_00720,0.00015002
test_00721,0.29532999
test_00722,0.00167000
test_00723,0.00000000
test_00724,0.08973998
test_00725,0.00001001
test_00726,0.00527000
test_00727,0.09074003
test_00728,0.00054997
test_00729,0.00040001
test_00730,0.25287002
test_00731,0.00981998
test_00732,0.00546002
test_00733,0.17433000
test_00734,0.02553999
test_00735,0.01125997
test_00736,0.97286999
test_00737,0.98497999
test_00738,0.99115002
test_00739,0.99478000
test_00740,0.99992001
test_00741,0.99975997
test_00742,0.99725002
test_00743,0.87190998
test_00744,0.85623002
test_00745,0.86916000
test_00746,0.82556999
test_00747,0.91604000
test_00748,0.99791002
test_00749,0.99971998
test_00750,0.69537997
test_00751,0.90412003
test_00752,0.99321997
test_00753,0.80882001
test_00754,0.68397999
test_00755,0.99985999
test_00756,0.96241999
test_00757,0.98360002
test_00758,0.99959999
test_00759,0.94294000
test_00760,0.98948997
test_00761,0.98641998
test_00762,0.99994999
test_00763,0.96745002
test_00764,0.98697001
test_00765,0.99989003
test_00766,0.97312999
test_00767,0.99895000
test_00768,0.03424001
test_00769,0.00150001
test_00770,0.00055999
test_00771,0.28425997
test_00772,0.00015002
test_00773,0.04443002
test_00774,0.00011998
test_00775,0.00006002
test_00776,0.00103998
test_00777,0.01659000
test_00778,0.42255998
test_00779,0.00329000
test_00780,0.12062001
test_00781,0.41837001
test_00782,0.31535000
test_00783,0.01359999
test_00784,0.40983999
test_00785,0.00035000
test_00786,0.00002003
test_00787,0.01638001
test_00788,0.00063998
test_00789,0.06834000
test_00790,0.00358999
test_00791,0.00156999
test_00792,0.00180000
test_00793,0.00101000
test_00794,0.00204003
test_00795,0.02946001
test_00796,0.01925999
test_00797,0.13032001
test_00798,0.00059998
test_00799,0.00032002
test_00800,0.02629000
test_00801,0.00439000
test_00802,0.00533998
test_00803,0.23925000
test_00804,0.18589002
test_00805,0.01688999
test_00806,0.00454003
test_00807,0.00002003
test_00808,0.13875002
test_00809,0.13261998
test_00810,0.00546002
test_00811,0.00041002
test_00812,0.00063998
test_00813,0.00089997
test_00814,0.00028002
test_00815,0.06476003
test_00816,0.05096000
test_00817,0.09553999
test_00818,0.01085001
test_00819,0.00178999
test_00820,0.00068003
test_00821,0.01884001
test_00822,0.07643002
test_00823,0.00076997
test_00824,0.01374000
test_00825,0.03521001
test_00826,0.21846002
test_00827,0.00054002
test_00828,0.40521002
test_00829,0.00002998
test_00830,0.00019997
test_00831,0.05131000
test_00832,0.73879999
test_00833,0.71670002
test_00834,0.99896997
test_00835,0.99895000
test_00836,0.95240998
test_00837,0.99649000
test_00838,0.99751002
test_00839,1.00000000
test_00840,0.99861997
test_00841,0.76340002
test_00842,0.99975002
test_00843,0.99993998
test_00844,0.50050998
test_00845,0.99830002
test_00846,0.99949002
test_00847,0.99934000
test_00848,0.99989003
test_00849,0.82066000
test_00850,0.61629999
test_00851,0.99223000
test_00852,0.94247001
test_00853,0.95968997
test_00854,0.97377998
test_00855,0.99959999
test_00856,0.93994999
test_00857,0.67346001
test_00858,0.93079001
test_00859,0.99998999
test_00860,0.97266001
test_00861,0.52212000
test_00862,0.99890000
test_00863,0.99906999
test_00864,0.79326999
test_00865,0.79245001
test_00866,0.79931003
test_00867,0.51503003
test_00868,0.99843001
test_00869,0.60942000
test_00870,0.94458997
test_00871,0.99636000
test_00872,0.99836999
test_00873,0.99035001
test_00874,0.97656000
test_00875,0.85788000
test_00876,0.57880998
test_00877,0.99583000
test_00878,1.00000000
test_00879,0.99998999
test_00880,0.93219000
test_00881,0.99593002
test_00882,0.78452998
test_00883,0.58285999
test_00884,0.99519998
test_00885,0.77824003
test_00886,0.94463998
test_00887,0.97134000
test_00888,0.86333001
test_00889,0.99993002
test_00890,0.99908000
test_00891,0.99171001
test_00892,0.78340000
test_00893,0.71423000
test_00894,0.97417003
test_00895,0.98022002
test_00896,0.35049999
test_00897,0.29266000
test_00898,0.01410002
test_00899,0.01547003
test_00900,0.32458001
test_00901,0.03522003
test_00902,0.37896001
test_00903,0.00000000
test_00904,0.00000000
test_00905,0.03106999
test_00906,0.44632000
test_00907,0.01661998
test_00908,0.00093001
test_00909,0.09467000
test_00910,0.00041997
test_00911,0.18274999
test_00912,0.00016999
test_00913,0.00264001
test_00914,0.02494001
test_00915,0.31985998
test_00916,0.02104002
test_00917,0.44893998
test_00918,0.07695001
test_00919,0.00233001
test_00920,0.00020999
test_00921,0.00001001
test_00922,0.37774998
test_00923,0.02089000
test_00924,0.41092002
test_00925,0.00406998
test_00926,0.00432998
test_00927,0.29443002
test_00928,0.98108000
test_00929,0.99242997
test_00930,0.99965000
test_00931,0.99989003
test_00932,0.99621999
test_00933,0.99984002
test_00934,0.99998999
test_00935,0.98276001
test_00936,0.99686998
test_00937,1.00000000
test_00938,0.98826998
test_00939,0.99993998
test_00940,1.00000000
test_00941,0.99498999
test_00942,0.99998999
test_00943,0.99282002
test_00944,0.98633999
test_00945,0.99962002
test_00946,0.99730003
test_00947,0.93234998
test_00948,0.99928999
test_00949,0.88084000
test_00950,0.97864002
test_00951,0.59447002
test_00952,0.90044999
test_00953,0.97917002
test_00954,0.99931997
test_00955,0.98786998
test_00956,0.71947998
test_00957,0.88419998
test_00958,0.66201001
test_00959,0.96596998
test_00960,0.00002998
test_00961,0.05089998
test_00962,0.05870003
test_00963,0.00003999
test_00964,0.00155997
test_00965,0.00041997
test_00966,0.02443999
test_00967,0.08832002
test_00968,0.00111997
test_00969,0.00011998
test_00970,0.06571001
test_00971,0.02973998
test_00972,0.10235000
test_00973,0.00537997
test_00974,0.03035003
test_00975,0.35729003
test_00976,0.00001001
test_00977,0.00133997
test_00978,0.00036001
test_00979,0.07613999
test_00980,0.01486999
test_00981,0.01318002
test_00982,0.11185998
test_00983,0.00283003
test_00984,0.02447999
test_00985,0.00977999
test_00986,0.10969001
test_00987,0.00013000
test_00988,0.08569002
test_00989,0.00042999
test_00990,0.31334001
test_00991,0.00006002
test_00992,0.00435001
test_00993,0.00037998
test_00994,0.24408001
test_00995,0.20625001
test_00996,0.00011998
test_00997,0.04216999
test_00998,0.00002003
test_00999,0.28921998
test_01000,0.35052001
test_01001,0.00054002
test_01002,0.13378000
test_01003,0.00026000
test_01004,0.16593999
test_01005,0.15653998
test_01006,0.38898998
test_01007,0.15780997
test_01008,0.00277001
test_01009,0.00573999
test_01010,0.03790998
test_01011,0.00977999
test_01012,0.02652001
test_01013,0.00007999
test_01014,0.00000000
test_01015,0.15970999
test_01016,0.07981002
test_01017,0.21156001
test_01018,0.00440001
test_01019,0.00071001
test_01020,0.04486001
test_01021,0.00010002
test_01022,0.00094002
test_01023,0.01893997
test_01024,0.57270002
test_01025,0.65042001
test_01026,0.84969002
test_01027,0.96202999
test_01028,0.99888998
test_01029,0.99949002
test_01030,0.98771000
test_01031,0.91000998
test_01032,0.87092000
test_01033,0.74596000
test_01034,0.96458000
test_01035,0.98742998
test_01036,0.99953002
test_01037,0.99698001
test_01038,0.99849999
test_01039,0.98804998
test_01040,0.99896002
test_01041,0.99835998
test_01042,0.99646997
test_01043,0.71986997
test_01044,0.99997997
test_01045,0.59819001
test_01046,0.96538001
test_01047,0.99987000
test_01048,0.89392000
test_01049,0.99141002
test_01050,0.99787998
test_01051,0.98198998
test_01052,0.82138002
test_01053,0.73804998
test_01054,0.94738001
test_01055,0.97007000
test_01056,0.00094002
test_01057,0.23424000
test_01058,0.00239003
test_01059,0.00989002
test_01060,0.00822002
test_01061,0.00019997
test_01062,0.06207001
test_01063,0.23215997
test_01064,0.00913000
test_01065,0.20836997
test_01066,0.24552000
test_01067,0.00691998
test_01068,0.01049000
test_01069,0.00075001
test_01070,0.00071001
test_01071,0.00038999
test_01072,0.00176001
test_01073,0.27411002
test_01074,0.00273001
test_01075,0.00128001
test_01076,0.49989003
test_01077,0.36295003
test_01078,0.04014999
test_01079,0.09789002
test_01080,0.00002998
test_01081,0.03112000
test_01082,0.00708997
test_01083,0.00000000
test_01084,0.06399000
test_01085,0.00392002
test_01086,0.00392997
test_01087,0.04852003
test_01088,0.43067002
test_01089,0.00942999
test_01090,0.00019002
test_01091,0.00296998
test_01092,0.13612002
test_01093,0.36276001
test_01094,0.43866998
test_01095,0.00053000
test_01096,0.15082997
test_01097,0.02884001
test_01098,0.00046998
test_01099,0.03465998
test_01100,0.02432001
test_01101,0.00155002
test_01102,0.00000000
test_01103,0.23365003
test_01104,0.01893997
test_01105,0.04527003
test_01106,0.10843003
test_01107,0.00268000
test_01108,0.09188998
test_01109,0.00386000
test_01110,0.00568002
test_01111,0.00603998
test_01112,0.22201997
test_01113,0.00199002
test_01114,0.00094998
test_01115,0.08723003
test_01116,0.01481003
test_01117,0.42606997
test_01118,0.00621003
test_01119,0.04765999
test_01120,0.03931999
test_01121,0.08016998
test_01122,0.10667998
test_01123,0.46929997
test_01124,0.29096001
test_01125,0.01245999
test_01126,0.00005001
test_01127,0.00006998
test_01128,0.11163998
test_01129,0.14920002
test_01130,0.00002998
test_01131,0.06782001
test_01132,0.00023001
test_01133,0.07941002
test_01134,0.02122003
test_01135,0.48351997
test_01136,0.48662001
test_01137,0.00057000
test_01138,0.16468000
test_01139,0.00035000
test_01140,0.06922001
test_01141,0.00001001
test_01142,0.10211998
test_01143,0.24011999
test_01144,0.00006998
test_01145,0.00120002
test_01146,0.03788000
test_01147,0.48154998
test_01148,0.02183002
test_01149,0.06638002
test_01150,0.05018002
test_01151,0.00032997
test_01152,0.01330000
test_01153,0.00024003
test_01154,0.00062001
test_01155,0.18128002
test_01156,0.13388002
test_01157,0.20042998
test_01158,0.05031002
test_01159,0.33811003
test_01160,0.00274003
test_01161,0.00094998
test_01162,0.04224998
test_01163,0.00000000
test_01164,0.00023001
test_01165,0.01962000
test_01166,0.00011998
test_01167,0.00103998
test_01168,0.02291000
test_01169,0.01775998
test_01170,0.03966999
test_01171,0.00822002
test_01172,0.05036002
test_01173,0.00026000
test_01174,0.19751000
test_01175,0.00000000
test_01176,0.03382999
test_01177,0.26479000
test_01178,0.00726998
test_01179,0.00000000
test_01180,0.12063003
test_01181,0.27775002
test_01182,0.24690002
test_01183,0.31446999
test_01184,0.99996001
test_01185,0.96831000
test_01186,0.98930001
test_01187,0.69959998
test_01188,0.99991000
test_01189,0.99897999
test_01190,0.73676997
test_01191,0.99975002
test_01192,0.97758001
test_01193,0.99974000
test_01194,0.99970001
test_01195,0.96411997
test_01196,0.99571002
test_01197,0.99763000
test_01198,0.86247998
test_01199,0.99965000
test_01200,0.76108003
test_01201,0.99567997
test_01202,0.99991000
test_01203,0.99936002
test_01204,0.96060002
test_01205,0.99988002
test_01206,0.75120002
test_01207,0.91056001
test_01208,0.99214000
test_01209,0.78829002
test_01210,0.99978000
test_01211,0.90328002
test_01212,0.98790002
test_01213,0.71790999
test_01214,0.99465001
test_01215,0.96196002
test_01216,0.64867997
test_01217,0.99646997
test_01218,0.93149000
test_01219,0.70835000
test_01220,0.99972999
test_01221,0.99994999
test_01222,0.99000001
test_01223,0.99998999
test_01224,0.80816001
test_01225,0.92225999
test_01226,0.58431000
test_01227,0.99984998
test_01228,0.99989003
test_01229,0.99980998
test_01230,0.99945003
test_01231,0.94177002
test_01232,0.96354002
test_01233,0.99992001
test_01234,0.92205000
test_01235,0.99989998
test_01236,0.98351002
test_01237,0.73952001
test_01238,0.90845001
test_01239,0.99997997
test_01240,0.99997002
test_01241,0.99965000
test_01242,0.91821998
test_01243,0.71986997
test_01244,0.99606001
test_01245,0.99989003
test_01246,0.99912000
test_01247,0.99532002
test_01248,0.13979000
test_01249,0.00801998
test_01250,0.02204001
test_01251,0.00169998
test_01252,0.13519001
test_01253,0.03605998
test_01254,0.00009000
test_01255,0.01266003
test_01256,0.00998998
test_01257,0.48389000
test_01258,0.00044000
test_01259,0.03333998
test_01260,0.06685001
test_01261,0.25462002
test_01262,0.00141001
test_01263,0.32927001
test_01264,0.00428998
test_01265,0.00013000
test_01266,0.01863998
test_01267,0.06953001
test_01268,0.00397003
test_01269,0.14990997
test_01270,0.18059999
test_01271,0.00266999
test_01272,0.00632000
test_01273,0.17632997
test_01274,0.02174997
test_01275,0.00002998
test_01276,0.24545002
test_01277,0.10254002
test_01278,0.00277001
test_01279,0.20552999
test_01280,0.98338997
test_01281,0.50926000
test_01282,0.99918997
test_01283,0.68638998
test_01284,0.96978998
test_01285,0.95736003
test_01286,0.99787998
test_01287,0.99919999
test_01288,0.81792003
test_01289,0.99949002
test_01290,1.00000000
test_01291,0.98018003
test_01292,0.94586003
test_01293,0.81203997
test_01294,0.98473001
test_01295,0.99997002
test_01296,0.88490999
test_01297,0.99981999
test_01298,0.75571001
test_01299,0.99579000
test_01300,0.96853000
test_01301,0.99230999
test_01302,0.93839002
test_01303,0.72162998
test_01304,0.69624001
test_01305,0.95222002
test_01306,0.76055002
test_01307,0.99989003
test_01308,0.99949002
test_01309,0.99673003
test_01310,0.99853998
test_01311,0.99972999
test_01312,0.99742001
test_01313,0.99765003
test_01314,0.97608000
test_01315,0.99625999
test_01316,0.99776000
test_01317,0.89752001
test_01318,0.68737000
test_01319,0.99950999
test_01320,0.61351001
test_01321,0.99979001
test_01322,0.95999998
test_01323,0.95134002
test_01324,0.99684000
test_01325,0.99998999
test_01326,0.99210000
test_01327,0.80337000
test_01328,0.98811001
test_01329,0.99773997
test_01330,0.99220997
test_01331,0.97836000
test_01332,0.98519999
test_01333,0.99988002
test_01334,0.71318001
test_01335,0.99895000
test_01336,0.71864998
test_01337,0.99967998
test_01338,0.99997997
test_01339,0.99607998
test_01340,1.00000000
test_01341,0.99435002
test_01342,0.67346001
test_01343,0.99133003
test_01344,0.85904002
test_01345,0.99923003
test_01346,0.95270997
test_01347,0.99678999
test_01348,0.94092000
test_01349,0.99761999
test_01350,0.99711001
test_01351,1.00000000
test_01352,0.99985999
test_01353,0.99923998
test_01354,0.80658001
test_01355,0.81044000
test_01356,0.59780002
test_01357,0.98482001
test_01358,0.98675001
test_01359,0.97618002
test_01360,0.99913001
test_01361,0.99998999
test_01362,0.54073000
test_01363,0.99989998
test_01364,0.77904999
test_01365,0.86565000
test_01366,0.93611002
test_01367,0.95747000
test_01368,0.92179000
test_01369,0.99879003
test_01370,0.99848998
test_01371,0.98093998
test_01372,0.93381000
test_01373,0.99936998
test_01374,0.99979001
test_01375,0.96335000
test_01376,0.00055999
test_01377,0.00331002
test_01378,0.07191998
test_01379,0.00041002
test_01380,0.00673002
test_01381,0.05776000
test_01382,0.00111997
test_01383,0.01736999
test_01384,0.00000000
test_01385,0.00054997
test_01386,0.28904998
test_01387,0.14664000
test_01388,0.04093999
test_01389,0.22496003
test_01390,0.10687000
test_01391,0.39908999
test_01392,0.00002003
test_01393,0.12678999
test_01394,0.12870997
test_01395,0.00041997
test_01396,0.04916000
test_01397,0.23181999
test_01398,0.00901997
test_01399,0.00057000
test_01400,0.38659000
test_01401,0.42725998
test_01402,0.00018001
test_01403,0.43962002
test_01404,0.42079002
test_01405,0.00154001
test_01406,0.00009000
test_01407,0.03013998
test_01408,0.99945998
test_01409,0.99970001
test_01410,0.99943000
test_01411,0.99273998
test_01412,0.89538997
test_01413,0.99786001
test_01414,0.96585000
test_01415,0.77405000
test_01416,0.99375999
test_01417,0.98758000
test_01418,0.97399002
test_01419,0.85614002
test_01420,0.99998999
test_01421,0.99984002
test_01422,0.99570000
test_01423,0.88546997
test_01424,0.87449002
test_01425,0.99303001
test_01426,0.99970001
test_01427,0.79075998
test_01428,0.99989998
test_01429,0.99215001
test_01430,0.68274999
test_01431,0.73778999
test_01432,0.99890000
test_01433,0.94037998
test_01434,0.98782003
test_01435,0.93308002
test_01436,0.99577999
test_01437,0.93318999
test_01438,0.84099001
test_01439,0.80716997
test_01440,0.99629998
test_01441,0.98521000
test_01442,0.78154999
test_01443,0.94239002
test_01444,0.88174999
test_01445,0.99619001
test_01446,0.89362001
test_01447,0.98237997
test_01448,0.93509001
test_01449,0.96743000
test_01450,0.99809003
test_01451,0.80110002
test_01452,0.99857002
test_01453,0.78057998
test_01454,0.88726997
test_01455,0.68804997
test_01456,0.95796001
test_01457,0.99677998
test_01458,0.99453002
test_01459,0.99458998
test_01460,0.99994999
test_01461,0.99848998
test_01462,0.93807000
test_01463,0.99498999
test_01464,0.96353000
test_01465,0.66911000
test_01466,0.92075002
test_01467,0.99663001
test_01468,0.96138000
test_01469,0.96947002
test_01470,0.64393997
test_01471,0.96354997
test_01472,0.90767998
test_01473,0.99809998
test_01474,0.97138000
test_01475,0.93751001
test_01476,0.97082001
test_01477,0.99998999
test_01478,0.99989998
test_01479,0.89332002
test_01480,0.99997997
test_01481,0.97829002
test_01482,0.56387001
test_01483,0.99993002
test_01484,0.99971002
test_01485,0.70130998
test_01486,0.99971998
test_01487,0.59889001
test_01488,0.99998999
test_01489,0.98566002
test_01490,0.98982000
test_01491,0.99887002
test_01492,0.99616998
test_01493,0.99761999
test_01494,0.82653999
test_01495,0.99883002
test_01496,0.99991000
test_01497,0.97143000
test_01498,0.99852002
test_01499,0.76242000
test_01500,0.88853002
test_01501,0.98853999
test_01502,0.99028999
test_01503,0.93729001
test_01504,0.99264997
test_01505,0.98372000
test_01506,0.96876001
test_01507,0.98979998
test_01508,0.99994999
test_01509,0.99998999
test_01510,0.99756002
test_01511,0.99989003
test_01512,0.99308997
test_01513,0.99914002
test_01514,0.86868000
test_01515,0.98412001
test_01516,0.98288000
test_01517,0.62849998
test_01518,0.54561001
test_01519,0.82286000
test_01520,0.89563000
test_01521,0.77407002
test_01522,0.82207000
test_01523,0.64428002
test_01524,0.99992001
test_01525,0.98949999
test_01526,0.99997997
test_01527,0.99934000
test_01528,0.99969000
test_01529,0.99998999
test_01530,0.99141997
test_01531,0.60992998
test_01532,0.99882001
test_01533,0.99048001
test_01534,0.99747998
test_01535,0.99930000
test_01536,0.00167000
test_01537,0.00001001
test_01538,0.01543999
test_01539,0.00185001
test_01540,0.04664999
test_01541,0.00941998
test_01542,0.00147998
test_01543,0.00238001
test_01544,0.02765000
test_01545,0.00103003
test_01546,0.42774999
test_01547,0.01361001
test_01548,0.17106003
test_01549,0.00828999
test_01550,0.00015002
test_01551,0.12996000
test_01552,0.09524000
test_01553,0.00672001
test_01554,0.00230002
test_01555,0.41342002
test_01556,0.16202003
test_01557,0.00005001
test_01558,0.00035000
test_01559,0.07415998
test_01560,0.09289002
test_01561,0.00089997
test_01562,0.00085998
test_01563,0.01323003
test_01564,0.00344002
test_01565,0.25822997
test_01566,0.02889001
test_01567,0.01248002
test_01568,0.01327997
test_01569,0.01866001
test_01570,0.00001001
test_01571,0.00874001
test_01572,0.00018001
test_01573,0.01653999
test_01574,0.06546998
test_01575,0.00421000
test_01576,0.00032002
test_01577,0.14859003
test_01578,0.00067002
test_01579,0.37373000
test_01580,0.29518002
test_01581,0.00006002
test_01582,0.00479001
test_01583,0.00001001
test_01584,0.08864999
test_01585,0.00866002
test_01586,0.17855000
test_01587,0.00001001
test_01588,0.00681001
test_01589,0.00957000
test_01590,0.00005001
test_01591,0.00023001
test_01592,0.43551999
test_01593,0.00015998
test_01594,0.00161999
test_01595,0.00558001
test_01596,0.00177002
test_01597,0.08925998
test_01598,0.05417001
test_01599,0.08100998
test_01600,0.00013000
test_01601,0.02244997
test_01602,0.11815000
test_01603,0.00274003
test_01604,0.00556999
test_01605,0.11710000
test_01606,0.00011998
test_01607,0.00014001
test_01608,0.05932999
test_01609,0.00477999
test_01610,0.00112998
test_01611,0.15144998
test_01612,0.03122997
test_01613,0.08209997
test_01614,0.00010997
test_01615,0.00160003
test_01616,0.01898003
test_01617,0.11804003
test_01618,0.01713997
test_01619,0.00156999
test_01620,0.11215001
test_01621,0.35728002
test_01622,0.00007999
test_01623,0.00032997
test_01624,0.15697998
test_01625,0.31932002
test_01626,0.00029999
test_01627,0.01049000
test_01628,0.00933999
test_01629,0.05303001
test_01630,0.00621003
test_01631,0.00121999
test_01632,0.00018001
test_01633,0.00003999
test_01634,0.00051999
test_01635,0.00597000
test_01636,0.00005001
test_01637,0.00097001
test_01638,0.35013998
test_01639,0.07288998
test_01640,0.02225000
test_01641,0.16520000
test_01642,0.03785002
test_01643,0.42567003
test_01644,0.00022000
test_01645,0.08187002
test_01646,0.30978000
test_01647,0.00998998
test_01648,0.00275999
test_01649,0.00178999
test_01650,0.06819999
test_01651,0.42233002
test_01652,0.00048000
test_01653,0.00250000
test_01654,0.00125003
test_01655,0.00003999
test_01656,0.08841002
test_01657,0.00063998
test_01658,0.02332997
test_01659,0.01130998
test_01660,0.00063002
test_01661,0.00616997
test_01662,0.02331001
test_01663,0.01081997
test_01664,0.00009000
test_01665,0.18826997
test_01666,0.00281000
test_01667,0.00005001
test_01668,0.00015998
test_01669,0.00216001
test_01670,0.34754002
test_01671,0.01793998
test_01672,0.00024003
test_01673,0.05848002
test_01674,0.00062001
test_01675,0.00243998
test_01676,0.00580001
test_01677,0.23556000
test_01678,0.00001001
test_01679,0.00038999
test_01680,0.01378000
test_01681,0.01767999
test_01682,0.00586998
test_01683,0.08175999
test_01684,0.01115000
test_01685,0.00572997
test_01686,0.00060999
test_01687,0.32445002
test_01688,0.00981998
test_01689,0.00009000
test_01690,0.00001001
test_01691,0.01296002
test_01692,0.07534999
test_01693,0.09112000
test_01694,0.01042002
test_01695,0.38545001
test_01696,0.63481998
test_01697,0.99864000
test_01698,0.99980003
test_01699,0.78643000
test_01700,0.86935002
test_01701,0.98943001
test_01702,0.99708998
test_01703,0.93906999
test_01704,0.99958998
test_01705,0.99419999
test_01706,0.97689003
test_01707,0.94757998
test_01708,0.98605001
test_01709,0.83376002
test_01710,0.89420998
test_01711,0.99548000
test_01712,0.99877000
test_01713,0.99755001
test_01714,0.84056997
test_01715,0.99983001
test_01716,0.99969000
test_01717,0.99983001
test_01718,0.99585003
test_01719,0.53978002
test_01720,0.99996001
test_01721,0.99282002
test_01722,0.52898997
test_01723,0.72785997
test_01724,0.63151997
test_01725,0.99160999
test_01726,0.77292001
test_01727,0.99333000
test_01728,0.13625002
test_01729,0.00256002
test_01730,0.02888000
test_01731,0.05931002
test_01732,0.47402000
test_01733,0.01401001
test_01734,0.00063998
test_01735,0.00226003
test_01736,0.00808001
test_01737,0.00217998
test_01738,0.13032001
test_01739,0.16956002
test_01740,0.01599997
test_01741,0.29707998
test_01742,0.00512999
test_01743,0.06296998
test_01744,0.01124001
test_01745,0.15551001
test_01746,0.00019002
test_01747,0.00208998
test_01748,0.30979002
test_01749,0.06105000
test_01750,0.00133997
test_01751,0.41465998
test_01752,0.05018997
test_01753,0.07033002
test_01754,0.05135000
test_01755,0.25143999
test_01756,0.27840000
test_01757,0.14854002
test_01758,0.18572003
test_01759,0.05937999
test_01760,1.00000000
test_01761,0.98970002
test_01762,0.62636000
test_01763,0.99519998
test_01764,0.99987000
test_01765,0.99602997
test_01766,0.99786001
test_01767,0.99892002
test_01768,0.85338002
test_01769,0.68831003
test_01770,0.99732000
test_01771,0.96929997
test_01772,0.93526000
test_01773,0.94071001
test_01774,0.99690998
test_01775,0.99992001
test_01776,0.99980998
test_01777,0.99996001
test_01778,1.00000000
test_01779,0.84606999
test_01780,0.99695998
test_01781,0.99997997
test_01782,0.99993998
test_01783,0.99996001
test_01784,0.99997002
test_01785,0.99949002
test_01786,0.94401997
test_01787,0.68134999
test_01788,0.99864000
test_01789,0.99572003
test_01790,0.99866003
test_01791,0.99256998
test_01792,0.36714000
test_01793,0.05131000
test_01794,0.00031000
test_01795,0.44244999
test_01796,0.07296002
test_01797,0.03084999
test_01798,0.40113997
test_01799,0.02982998
test_01800,0.00290000
test_01801,0.00966001
test_01802,0.47040999
test_01803,0.00057000
test_01804,0.00002003
test_01805,0.00010997
test_01806,0.20039999
test_01807,0.00270998
test_01808,0.00013000
test_01809,0.03486001
test_01810,0.11824000
test_01811,0.02572000
test_01812,0.00000000
test_01813,0.05436999
test_01814,0.02721000
test_01815,0.03245002
test_01816,0.00709999
test_01817,0.00326997
test_01818,0.00279999
test_01819,0.19079000
test_01820,0.27970999
test_01821,0.00226998
test_01822,0.19938999
test_01823,0.01336002
test_01824,0.99776000
test_01825,0.96092999
test_01826,0.99932998
test_01827,0.99817997
test_01828,0.99972999
test_01829,0.76288003
test_01830,0.98638999
test_01831,0.94594002
test_01832,0.99989003
test_01833,0.99996001
test_01834,0.99795002
test_01835,0.99923003
test_01836,0.98030001
test_01837,0.99694997
test_01838,0.92692000
test_01839,0.99747002
test_01840,0.99697000
test_01841,0.99814999
test_01842,0.97280002
test_01843,0.99974000
test_01844,0.99778998
test_01845,0.54017001
test_01846,0.99998999
test_01847,0.99974000
test_01848,0.99269003
test_01849,0.69024998
test_01850,0.99996001
test_01851,0.99827999
test_01852,0.99855000
test_01853,0.78978997
test_01854,0.91536999
test_01855,0.98225999
test_01856,0.98307002
test_01857,0.99987000
test_01858,0.99952000
test_01859,0.95371002
test_01860,0.99177998
test_01861,0.98085999
test_01862,0.99031001
test_01863,0.96863002
test_01864,0.99974000
test_01865,0.99998999
test_01866,0.63791001
test_01867,0.99098998
test_01868,0.94529003
test_01869,0.99571002
test_01870,0.99201000
test_01871,0.98034000
test_01872,0.66491002
test_01873,0.96442002
test_01874,0.54083002
test_01875,0.95257002
test_01876,0.51046997
test_01877,0.99987000
test_01878,0.66183001
test_01879,0.96482003
test_01880,0.99927998
test_01881,0.99871999
test_01882,0.98825002
test_01883,0.87568998
test_01884,0.99941999
test_01885,0.72245002
test_01886,0.99969000
test_01887,0.98249000
test_01888,0.65167999
test_01889,0.98372000
test_01890,0.99943000
test_01891,0.99586999
test_01892,0.69173002
test_01893,0.99949998
test_01894,0.58320999
test_01895,0.98475999
test_01896,0.67207998
test_01897,0.98650002
test_01898,0.99976999
test_01899,0.97830999
test_01900,0.88727999
test_01901,0.74974000
test_01902,0.99945003
test_01903,0.99879998
test_01904,0.94747001
test_01905,0.99967998
test_01906,0.97153002
test_01907,0.99998999
test_01908,0.99851000
test_01909,0.52664000
test_01910,0.99737000
test_01911,0.56029999
test_01912,0.99888003
test_01913,0.99399000
test_01914,0.99948001
test_01915,0.99799001
test_01916,0.99397999
test_01917,0.99993002
test_01918,0.97132999
test_01919,0.56597000
test_01920,0.68940997
test_01921,0.99967998
test_01922,0.93471998
test_01923,0.81322002
test_01924,0.97671998
test_01925,0.95301002
test_01926,0.98765999
test_01927,0.99779999
test_01928,0.99888003
test_01929,0.99638999
test_01930,0.99989998
test_01931,0.96315002
test_01932,0.99985999
test_01933,0.99729002
test_01934,0.75972003
test_01935,0.96477997
test_01936,0.99934000
test_01937,0.99708003
test_01938,0.98360997
test_01939,0.99997997
test_01940,0.99994999
test_01941,0.62582999
test_01942,0.99611998
test_01943,0.98044997
test_01944,0.99277002
test_01945,0.87005001
test_01946,0.92811000
test_01947,0.99871999
test_01948,0.91763002
test_01949,0.77067000
test_01950,0.99677998
test_01951,0.62647003
test_01952,0.99829000
test_01953,0.97986001
test_01954,0.99809998
test_01955,0.98332000
test_01956,0.99181998
test_01957,0.99404001
test_01958,0.75689000
test_01959,0.99937999
test_01960,0.99243999
test_01961,0.99858999
test_01962,0.99269003
test_01963,0.94300002
test_01964,0.98698997
test_01965,0.99589002
test_01966,0.99558002
test_01967,0.70819998
test_01968,0.86558998
test_01969,0.99981999
test_01970,0.89152002
test_01971,0.99963999
test_01972,0.98711997
test_01973,0.99871999
test_01974,0.92016000
test_01975,0.99431998
test_01976,0.99993998
test_01977,0.98808998
test_01978,0.99941999
test_01979,0.99282002
test_01980,0.98426998
test_01981,0.89200997
test_01982,0.99098003
test_01983,0.87313998
test_01984,0.95747000
test_01985,0.99989998
test_01986,0.75753999
test_01987,0.91636002
test_01988,0.93436003
test_01989,0.63755000
test_01990,0.98583001
test_01991,0.73602003
test_01992,0.99162000
test_01993,0.99991000
test_01994,0.97916001
test_01995,0.99981999
test_01996,0.98926997
test_01997,0.53184998
test_01998,0.99927002
test_01999,0.83341998
test_02000,0.99932998
test_02001,0.62641001
test_02002,0.85421002
test_02003,0.96373999
test_02004,0.99932998
test_02005,0.99823999
test_02006,0.99667001
test_02007,0.97851998
test_02008,0.99856001
test_02009,0.99711001
test_02010,0.99984998
test_02011,0.99998999
test_02012,0.96622002
test_02013,0.99579000
test_02014,0.99975002
test_02015,0.99830002
test_02016,0.99453002
test_02017,0.83199000
test_02018,0.77829999
test_02019,0.99664003
test_02020,0.99851000
test_02021,0.99783999
test_02022,0.98373997
test_02023,0.99840999
test_02024,0.97481000
test_02025,0.99994999
test_02026,0.99520999
test_02027,0.96284997
test_02028,0.99980003
test_02029,0.99852997
test_02030,0.57758999
test_02031,0.87888002
test_02032,0.97696000
test_02033,0.99971998
test_02034,0.99084997
test_02035,0.99400002
test_02036,0.98900998
test_02037,0.97943997
test_02038,0.99321997
test_02039,0.99777001
test_02040,0.92505997
test_02041,0.99958003
test_02042,0.94532001
test_02043,0.97792000
test_02044,0.90489000
test_02045,0.81334001
test_02046,0.53074002
test_02047,0.96811998
test_02048,0.99770999
test_02049,0.99022001
test_02050,0.99949002
test_02051,0.99893999
test_02052,0.70317000
test_02053,0.99993998
test_02054,0.69654000
test_02055,0.98004001
test_02056,0.99975997
test_02057,0.99996001
test_02058,0.92422998
test_02059,0.99953002
test_02060,1.00000000
test_02061,0.81651998
test_02062,0.96730000
test_02063,0.99076998
test_02064,0.99904001
test_02065,0.99997002
test_02066,1.00000000
test_02067,0.99984002
test_02068,0.70319003
test_02069,0.97438002
test_02070,0.99032003
test_02071,0.80658001
test_02072,0.99987000
test_02073,0.99792999
test_02074,0.99993998
test_02075,0.89349997
test_02076,0.67050999
test_02077,0.96398002
test_02078,0.99966002
test_02079,0.95997000
test_02080,0.99997002
test_02081,0.99967998
test_02082,0.86519998
test_02083,0.82765001
test_02084,0.99352002
test_02085,0.83385003
test_02086,0.99607998
test_02087,0.99814999
test_02088,0.74716002
test_02089,0.99880999
test_02090,0.62927997
test_02091,0.60071999
test_02092,0.80302000
test_02093,0.99519002
test_02094,0.99945003
test_02095,0.82036000
test_02096,0.57999003
test_02097,0.71300000
test_02098,0.99912000
test_02099,0.99998999
test_02100,0.99992001
test_02101,0.99883997
test_02102,0.89941001
test_02103,0.95130998
test_02104,0.99633998
test_02105,0.99962002
test_02106,1.00000000
test_02107,0.99949998
test_02108,0.99940997
test_02109,0.99980998
test_02110,0.82393003
test_02111,0.99989003
test_02112,0.34843999
test_02113,0.00002003
test_02114,0.00037998
test_02115,0.34344000
test_02116,0.00379002
test_02117,0.02333999
test_02118,0.05536997
test_02119,0.00057000
test_02120,0.41876000
test_02121,0.00095999
test_02122,0.00081998
test_02123,0.20599997
test_02124,0.04591000
test_02125,0.00774002
test_02126,0.26038998
test_02127,0.09858000
test_02128,0.20643997
test_02129,0.04659998
test_02130,0.00202000
test_02131,0.00006002
test_02132,0.00128001
test_02133,0.00007999
test_02134,0.00459999
test_02135,0.00098002
test_02136,0.00072002
test_02137,0.06809998
test_02138,0.34771001
test_02139,0.00045002
test_02140,0.03636003
test_02141,0.00002003
test_02142,0.00441003
test_02143,0.00641000
test_02144,0.88740999
test_02145,0.91867000
test_02146,0.68974000
test_02147,0.50432998
test_02148,0.98600000
test_02149,0.94433999
test_02150,0.99983001
test_02151,0.99112999
test_02152,0.99615997
test_02153,0.99686003
test_02154,0.99941999
test_02155,0.99983001
test_02156,0.97987002
test_02157,0.99741000
test_02158,0.51161999
test_02159,0.95074999
test_02160,0.99976999
test_02161,0.99883997
test_02162,0.99997997
test_02163,0.99918997
test_02164,0.99953002
test_02165,0.99405003
test_02166,0.85082000
test_02167,0.62568003
test_02168,0.72196001
test_02169,1.00000000
test_02170,0.98785001
test_02171,0.75094998
test_02172,0.99278003
test_02173,0.99563003
test_02174,0.83964998
test_02175,0.90930003
test_02176,0.99928999
test_02177,0.97128999
test_02178,0.90910000
test_02179,0.98115999
test_02180,0.99970001
test_02181,0.99919999
test_02182,0.51628000
test_02183,0.99991000
test_02184,0.82995999
test_02185,0.99984002
test_02186,0.99989998
test_02187,0.99234998
test_02188,0.85579002
test_02189,0.99987000
test_02190,0.99997997
test_02191,0.96890002
test_02192,0.98294002
test_02193,0.98356003
test_02194,0.91969001
test_02195,0.98918003
test_02196,0.99056000
test_02197,0.99664998
test_02198,0.80254000
test_02199,0.95235997
test_02200,0.88077998
test_02201,0.65628999
test_02202,0.99936002
test_02203,0.93769997
test_02204,0.70343000
test_02205,0.85698003
test_02206,0.90486002
test_02207,0.83419001
test_02208,0.95003998
test_02209,0.51534998
test_02210,0.99765003
test_02211,0.65561002
test_02212,0.64726001
test_02213,0.99998999
test_02214,0.99996001
test_02215,0.95052999
test_02216,0.98435998
test_02217,0.99997997
test_02218,0.61774999
test_02219,0.96029001
test_02220,0.77339000
test_02221,0.81967002
test_02222,0.63665003
test_02223,0.99532002
test_02224,0.99998999
test_02225,0.99089003
test_02226,0.85527998
test_02227,0.65024000
test_02228,0.95332998
test_02229,0.99517000
test_02230,0.81200999
test_02231,0.94155997
test_02232,0.99884999
test_02233,0.99941999
test_02234,0.99637997
test_02235,0.99813002
test_02236,0.91035998
test_02237,1.00000000
test_02238,0.93615001
test_02239,0.99580997
test_02240,0.98992002
test_02241,0.99678999
test_02242,0.69319999
test_02243,0.55153000
test_02244,0.99804997
test_02245,0.51059997
test_02246,1.00000000
test_02247,0.98921001
test_02248,0.97662002
test_02249,0.99809003
test_02250,0.99974000
test_02251,0.68494999
test_02252,0.98278999
test_02253,0.99269003
test_02254,0.96578997
test_02255,0.96915001
test_02256,0.98457998
test_02257,0.99861997
test_02258,0.71257001
test_02259,0.99823999
test_02260,0.50534999
test_02261,0.99936998
test_02262,0.67888999
test_02263,0.99347001
test_02264,0.66128999
test_02265,0.99993998
test_02266,0.99956000
test_02267,0.99372000
test_02268,0.76921999
test_02269,0.99994999
test_02270,0.99981999
test_02271,0.89359999
test_02272,0.64257997
test_02273,0.95684999
test_02274,0.65533000
test_02275,0.99993998
test_02276,0.99953997
test_02277,0.96360999
test_02278,0.99989998
test_02279,0.99940997
test_02280,0.96741003
test_02281,0.62542999
test_02282,0.86475003
test_02283,0.72990000
test_02284,0.99917001
test_02285,0.98403001
test_02286,0.90900999
test_02287,0.98190999
test_02288,0.70815003
test_02289,1.00000000
test_02290,0.76420999
test_02291,0.65043002
test_02292,0.88893998
test_02293,0.88924998
test_02294,0.83996999
test_02295,0.68339002
test_02296,0.87826997
test_02297,0.99991000
test_02298,0.97000003
test_02299,0.91079998
test_02300,0.98044997
test_02301,0.85557002
test_02302,0.69994003
test_02303,0.99940997
test_02304,0.02981001
test_02305,0.00000000
test_02306,0.00032002
test_02307,0.01620001
test_02308,0.00577998
test_02309,0.28544998
test_02310,0.00000000
test_02311,0.01279998
test_02312,0.07692999
test_02313,0.01038998
test_02314,0.46814001
test_02315,0.00564998
test_02316,0.06511998
test_02317,0.03645998
test_02318,0.00022000
test_02319,0.00024003
test_02320,0.23916000
test_02321,0.00089997
test_02322,0.00322998
test_02323,0.00743997
test_02324,0.00891000
test_02325,0.02181000
test_02326,0.01950997
test_02327,0.15517002
test_02328,0.46296000
test_02329,0.03099000
test_02330,0.04009998
test_02331,0.00388002
test_02332,0.00423998
test_02333,0.00215000
test_02334,0.30532998
test_02335,0.00007999
test_02336,0.99849999
test_02337,0.89350998
test_02338,0.99247003
test_02339,0.99754000
test_02340,0.96937001
test_02341,0.92413998
test_02342,0.94954002
test_02343,0.99989003
test_02344,0.98926002
test_02345,0.99971998
test_02346,0.99993002
test_02347,0.99862999
test_02348,0.98548001
test_02349,0.99890000
test_02350,0.99659997
test_02351,0.79789001
test_02352,0.95613998
test_02353,0.97073001
test_02354,0.99848998
test_02355,0.99987000
test_02356,0.97320002
test_02357,0.93406999
test_02358,0.98214000
test_02359,0.99449003
test_02360,0.73338997
test_02361,0.71741003
test_02362,0.95924002
test_02363,0.69366002
test_02364,0.98898000
test_02365,1.00000000
test_02366,0.99975997
test_02367,0.57516998
test_02368,0.00001001
test_02369,0.00875998
test_02370,0.00505000
test_02371,0.00016999
test_02372,0.00116003
test_02373,0.00073999
test_02374,0.00797999
test_02375,0.00256997
test_02376,0.00233001
test_02377,0.00568998
test_02378,0.03114998
test_02379,0.04505002
test_02380,0.01204002
test_02381,0.00000000
test_02382,0.00048000
test_02383,0.38366002
test_02384,0.00084001
test_02385,0.26577997
test_02386,0.00006998
test_02387,0.00049001
test_02388,0.00876999
test_02389,0.00001001
test_02390,0.01169997
test_02391,0.16290998
test_02392,0.00691003
test_02393,0.05309999
test_02394,0.00028998
test_02395,0.00295001
test_02396,0.08434999
test_02397,0.00562000
test_02398,0.00072998
test_02399,0.40122002
test_02400,0.99992001
test_02401,0.99997997
test_02402,1.00000000
test_02403,0.51130998
test_02404,0.87304997
test_02405,0.99987000
test_02406,0.76956999
test_02407,0.99994999
test_02408,0.93668002
test_02409,0.59280002
test_02410,0.99940002
test_02411,0.96856999
test_02412,0.91101003
test_02413,0.99996001
test_02414,0.99993002
test_02415,0.99971998
test_02416,0.99655998
test_02417,0.55654001
test_02418,0.82479000
test_02419,0.68529999
test_02420,0.99868000
test_02421,0.98137999
test_02422,0.98610002
test_02423,0.99902999
test_02424,0.99874002
test_02425,0.52372003
test_02426,0.99992001
test_02427,0.97152001
test_02428,0.99527001
test_02429,0.91518998
test_02430,0.95187002
test_02431,0.82925999
test_02432,0.98303002
test_02433,0.99975997
test_02434,0.99971002
test_02435,0.92965001
test_02436,0.95845002
test_02437,0.54631001
test_02438,0.99834001
test_02439,0.99190003
test_02440,1.00000000
test_02441,0.99953002
test_02442,0.99726999
test_02443,0.99997002
test_02444,0.74611998
test_02445,0.99495000
test_02446,0.99970001
test_02447,0.76870000
test_02448,0.99998999
test_02449,0.99247998
test_02450,0.99839002
test_02451,0.99944001
test_02452,0.55695999
test_02453,0.99987000
test_02454,0.99773997
test_02455,0.95393997
test_02456,0.83337998
test_02457,0.92803001
test_02458,0.68866998
test_02459,0.98844999
test_02460,0.97895002
test_02461,0.97292000
test_02462,0.99941999
test_02463,0.50613999
test_02464,0.40727001
test_02465,0.00717002
test_02466,0.01479000
test_02467,0.00620002
test_02468,0.00018001
test_02469,0.04841000
test_02470,0.00173998
test_02471,0.00003999
test_02472,0.03011000
test_02473,0.00088000
test_02474,0.00016999
test_02475,0.10342002
test_02476,0.11028999
test_02477,0.19749999
test_02478,0.00011998
test_02479,0.00230998
test_02480,0.00003999
test_02481,0.01346999
test_02482,0.43875003
test_02483,0.04574001
test_02484,0.07569999
test_02485,0.01459998
test_02486,0.05611002
test_02487,0.00015002
test_02488,0.18821001
test_02489,0.00002003
test_02490,0.03783000
test_02491,0.29099000
test_02492,0.17870998
test_02493,0.00645000
test_02494,0.00027001
test_02495,0.00003999
test_02496,0.99998999
test_02497,0.73324001
test_02498,0.99998999
test_02499,0.81079000
test_02500,0.96981001
test_02501,0.99954998
test_02502,0.93322003
test_02503,0.99892998
test_02504,0.99922001
test_02505,0.91785002
test_02506,0.74997002
test_02507,0.99991000
test_02508,0.99895000
test_02509,0.99975997
test_02510,0.95111001
test_02511,0.99693000
test_02512,0.99855000
test_02513,1.00000000
test_02514,0.87418002
test_02515,0.99996001
test_02516,0.99934000
test_02517,0.53447998
test_02518,0.99994999
test_02519,0.99831998
test_02520,0.99931002
test_02521,0.68984997
test_02522,0.95209998
test_02523,0.99974000
test_02524,0.66891003
test_02525,0.99961001
test_02526,0.72399998
test_02527,0.66031998
test_02528,0.99313998
test_02529,0.98842001
test_02530,0.80413002
test_02531,0.99909002
test_02532,0.80781001
test_02533,0.99944001
test_02534,0.99568999
test_02535,0.66360003
test_02536,1.00000000
test_02537,0.61829001
test_02538,0.84258997
test_02539,0.99996001
test_02540,0.99962002
test_02541,0.71332997
test_02542,0.74984002
test_02543,0.69849002
test_02544,0.91812998
test_02545,0.59258997
test_02546,0.99994999
test_02547,0.89840001
test_02548,0.98571002
test_02549,0.99997997
test_02550,1.00000000
test_02551,0.99572998
test_02552,0.95934999
test_02553,0.98177999
test_02554,0.88326001
test_02555,0.53849000
test_02556,0.99937999
test_02557,0.77945000
test_02558,0.99984002
test_02559,0.99594998
test_02560,0.18776000
test_02561,0.00062001
test_02562,0.21443999
test_02563,0.01433003
test_02564,0.00485998
test_02565,0.08841002
test_02566,0.01536000
test_02567,0.01485002
test_02568,0.47799999
test_02569,0.00016999
test_02570,0.00822997
test_02571,0.02486002
test_02572,0.14508998
test_02573,0.01100999
test_02574,0.05636001
test_02575,0.00714999
test_02576,0.00123000
test_02577,0.13292998
test_02578,0.01029998
test_02579,0.01115000
test_02580,0.24572998
test_02581,0.01002997
test_02582,0.08601999
test_02583,0.00291997
test_02584,0.00005001
test_02585,0.00088000
test_02586,0.00595999
test_02587,0.11167997
test_02588,0.32998002
test_02589,0.02243000
test_02590,0.00918001
test_02591,0.46718001
test_02592,0.17065001
test_02593,0.00726002
test_02594,0.00002998
test_02595,0.00003999
test_02596,0.09859002
test_02597,0.00323999
test_02598,0.00007999
test_02599,0.02718002
test_02600,0.40372998
test_02601,0.00801003
test_02602,0.07415998
test_02603,0.00002003
test_02604,0.01817000
test_02605,0.00986999
test_02606,0.44751000
test_02607,0.00010002
test_02608,0.07182002
test_02609,0.00238001
test_02610,0.00252998
test_02611,0.05102003
test_02612,0.00452000
test_02613,0.00344002
test_02614,0.00101000
test_02615,0.00388998
test_02616,0.03179997
test_02617,0.01918000
test_02618,0.06016999
test_02619,0.02548999
test_02620,0.00010002
test_02621,0.00002003
test_02622,0.14310002
test_02623,0.13472003
test_02624,0.99998999
test_02625,0.99255002
test_02626,0.99993002
test_02627,0.98762000
test_02628,0.98418999
test_02629,0.99820000
test_02630,0.99343997
test_02631,0.99962002
test_02632,0.79808003
test_02633,0.99997997
test_02634,0.63331002
test_02635,0.97667003
test_02636,0.99128997
test_02637,0.99998999
test_02638,0.99998999
test_02639,0.99404001
test_02640,0.98493999
test_02641,0.99998999
test_02642,0.84704000
test_02643,0.89796001
test_02644,0.99984998
test_02645,0.97874999
test_02646,0.86157000
test_02647,0.98092002
test_02648,0.99971998
test_02649,0.99997002
test_02650,0.92429000
test_02651,0.61891001
test_02652,0.72956997
test_02653,1.00000000
test_02654,0.99642003
test_02655,0.88046998
test_02656,0.99228001
test_02657,0.98686999
test_02658,0.78838998
test_02659,0.99945003
test_02660,0.54071999
test_02661,1.00000000
test_02662,1.00000000
test_02663,0.91292000
test_02664,0.99216002
test_02665,0.99791998
test_02666,0.99945003
test_02667,0.99693000
test_02668,0.99816000
test_02669,0.99619001
test_02670,0.74115998
test_02671,0.94994003
test_02672,0.99994999
test_02673,1.00000000
test_02674,0.88584000
test_02675,0.85448998
test_02676,0.99956000
test_02677,0.78648001
test_02678,0.99993998
test_02679,0.99598998
test_02680,0.80619001
test_02681,0.79912001
test_02682,0.98964000
test_02683,0.99993002
test_02684,0.98365998
test_02685,0.75836003
test_02686,0.99803001
test_02687,0.66433001
test_02688,0.99996001
test_02689,0.99962997
test_02690,0.72731000
test_02691,0.56380999
test_02692,0.99586999
test_02693,0.98935002
test_02694,0.99975002
test_02695,0.93065000
test_02696,0.78959000
test_02697,0.98940998
test_02698,0.99918002
test_02699,0.99997997
test_02700,0.65717000
test_02701,0.99874997
test_02702,0.73979002
test_02703,0.99013001
test_02704,0.88674003
test_02705,0.99947000
test_02706,0.99934000
test_02707,0.99981999
test_02708,0.99997002
test_02709,0.99935001
test_02710,0.99966002
test_02711,0.61076999
test_02712,0.99975997
test_02713,0.97351998
test_02714,0.99945003
test_02715,0.98870999
test_02716,0.97905999
test_02717,0.99888003
test_02718,0.99699998
test_02719,0.90521997
test_02720,0.86225998
test_02721,0.99544001
test_02722,0.74325001
test_02723,0.99381000
test_02724,0.83350998
test_02725,0.91329002
test_02726,0.84442002
test_02727,0.87743998
test_02728,0.52126002
test_02729,0.88204998
test_02730,0.99730998
test_02731,0.94086999
test_02732,0.90508997
test_02733,0.95080000
test_02734,0.99620998
test_02735,0.99602997
test_02736,0.69757998
test_02737,0.97545999
test_02738,0.99996001
test_02739,0.84846997
test_02740,0.99966002
test_02741,0.91804999
test_02742,0.98183000
test_02743,0.75556999
test_02744,0.99179000
test_02745,0.99997002
test_02746,0.92736000
test_02747,0.99884999
test_02748,0.99931002
test_02749,0.59772998
test_02750,0.99994999
test_02751,0.94515997
test_02752,0.99379998
test_02753,0.99979001
test_02754,0.98975003
test_02755,0.93526000
test_02756,0.99593002
test_02757,0.51374000
test_02758,0.89665002
test_02759,0.98224998
test_02760,0.99194998
test_02761,0.98243999
test_02762,0.99992001
test_02763,0.88913000
test_02764,0.91338003
test_02765,0.99761999
test_02766,0.99961001
test_02767,0.79148000
test_02768,0.96801001
test_02769,0.83370000
test_02770,0.69332999
test_02771,0.98724002
test_02772,0.99145001
test_02773,0.98491001
test_02774,0.99597001
test_02775,0.85013002
test_02776,0.99566001
test_02777,0.99975997
test_02778,0.84153003
test_02779,0.63486999
test_02780,0.66956002
test_02781,0.80777001
test_02782,0.86313999
test_02783,0.99915999
test_02784,0.48958999
test_02785,0.00028002
test_02786,0.00006002
test_02787,0.00146002
test_02788,0.00024003
test_02789,0.06756997
test_02790,0.02515000
test_02791,0.00577998
test_02792,0.01563001
test_02793,0.01018000
test_02794,0.00111997
test_02795,0.00193000
test_02796,0.05243999
test_02797,0.01129001
test_02798,0.00041002
test_02799,0.11053997
test_02800,0.04115999
test_02801,0.00003999
test_02802,0.00055999
test_02803,0.01514000
test_02804,0.49321002
test_02805,0.03547001
test_02806,0.00000000
test_02807,0.00010002
test_02808,0.46938998
test_02809,0.13681000
test_02810,0.01616001
test_02811,0.00230002
test_02812,0.07647997
test_02813,0.00423998
test_02814,0.00044000
test_02815,0.39212000
test_02816,0.97227001
test_02817,0.90697002
test_02818,0.81607002
test_02819,0.99958998
test_02820,0.99996001
test_02821,0.99396998
test_02822,0.99698001
test_02823,0.81689000
test_02824,0.99972999
test_02825,0.99991000
test_02826,0.99992001
test_02827,0.99997002
test_02828,0.99949998
test_02829,0.99988002
test_02830,0.84008002
test_02831,0.96957999
test_02832,0.91775000
test_02833,0.51409000
test_02834,0.82607001
test_02835,0.99998999
test_02836,0.99523997
test_02837,0.99980003
test_02838,0.99337000
test_02839,0.99963999
test_02840,0.99901998
test_02841,0.99998999
test_02842,0.99996001
test_02843,0.98378003
test_02844,0.99817002
test_02845,0.98711002
test_02846,0.99804002
test_02847,0.99989003
test_02848,0.00629997
test_02849,0.15754998
test_02850,0.00002998
test_02851,0.00000000
test_02852,0.00032997
test_02853,0.00459999
test_02854,0.20264000
test_02855,0.00009000
test_02856,0.09277999
test_02857,0.00257999
test_02858,0.00550002
test_02859,0.00000000
test_02860,0.01393998
test_02861,0.00019997
test_02862,0.12501001
test_02863,0.26850998
test_02864,0.29280001
test_02865,0.01291001
test_02866,0.00036001
test_02867,0.00673997
test_02868,0.00054002
test_02869,0.10684001
test_02870,0.01117998
test_02871,0.00207001
test_02872,0.21846002
test_02873,0.00000000
test_02874,0.00046003
test_02875,0.00847000
test_02876,0.48706001
test_02877,0.01981997
test_02878,0.06510001
test_02879,0.22281998
test_02880,0.99625999
test_02881,0.95679998
test_02882,0.99019998
test_02883,0.99646002
test_02884,0.95915997
test_02885,0.99343002
test_02886,0.61543000
test_02887,0.97456002
test_02888,0.99537998
test_02889,0.99567002
test_02890,0.96283001
test_02891,0.96910000
test_02892,0.99879003
test_02893,0.98096001
test_02894,0.80616999
test_02895,0.94213998
test_02896,0.99327999
test_02897,0.60105002
test_02898,0.94058001
test_02899,0.98249000
test_02900,0.73844999
test_02901,0.99988002
test_02902,0.99590999
test_02903,0.77138001
test_02904,0.98321003
test_02905,0.99858999
test_02906,0.99905998
test_02907,0.99781001
test_02908,0.99956000
test_02909,0.90838999
test_02910,0.95358002
test_02911,0.98284000
test_02912,0.99957001
test_02913,0.99856001
test_02914,0.99210000
test_02915,0.99996001
test_02916,0.99304998
test_02917,0.92769998
test_02918,0.64226002
test_02919,0.76082999
test_02920,0.99514002
test_02921,0.96916002
test_02922,0.99970001
test_02923,0.99755001
test_02924,0.75050998
test_02925,0.94313997
test_02926,0.99757999
test_02927,0.65458000
test_02928,0.98958999
test_02929,0.99909002
test_02930,0.99362999
test_02931,0.76317000
test_02932,0.86442000
test_02933,0.96412998
test_02934,0.99958998
test_02935,0.99576002
test_02936,0.98628002
test_02937,0.99452001
test_02938,0.99199998
test_02939,0.99839002
test_02940,0.83305001
test_02941,0.99798000
test_02942,0.53744000
test_02943,0.98961997
test_02944,0.01309001
test_02945,0.04525000
test_02946,0.00560999
test_02947,0.04658997
test_02948,0.05151999
test_02949,0.12913001
test_02950,0.22741997
test_02951,0.26134998
test_02952,0.00132000
test_02953,0.04786998
test_02954,0.00015998
test_02955,0.02429003
test_02956,0.00055999
test_02957,0.00124002
test_02958,0.17418998
test_02959,0.02740002
test_02960,0.00617999
test_02961,0.09188998
test_02962,0.00370997
test_02963,0.01635998
test_02964,0.00036001
test_02965,0.00178999
test_02966,0.00196999
test_02967,0.02521002
test_02968,0.00010997
test_02969,0.00321001
test_02970,0.27410001
test_02971,0.18760997
test_02972,0.00035000
test_02973,0.16077000
test_02974,0.21370000
test_02975,0.15122998
test_02976,0.17360002
test_02977,0.20051998
test_02978,0.00103003
test_02979,0.00094002
test_02980,0.15741998
test_02981,0.30506998
test_02982,0.00050998
test_02983,0.04473001
test_02984,0.00156999
test_02985,0.00119001
test_02986,0.22565001
test_02987,0.08938998
test_02988,0.05204999
test_02989,0.05403000
test_02990,0.04847002
test_02991,0.00167000
test_02992,0.32578999
test_02993,0.05247003
test_02994,0.00013000
test_02995,0.00450999
test_02996,0.23596001
test_02997,0.36475003
test_02998,0.01156998
test_02999,0.00022000
test_03000,0.00334001
test_03001,0.00225002
test_03002,0.01040000
test_03003,0.01296002
test_03004,0.04414999
test_03005,0.00127000
test_03006,0.00152999
test_03007,0.05283999
test_03008,0.00682998
test_03009,0.05567002
test_03010,0.00005001
test_03011,0.00805998
test_03012,0.00725001
test_03013,0.00000000
test_03014,0.01973999
test_03015,0.00023001
test_03016,0.00046003
test_03017,0.00435001
test_03018,0.00049001
test_03019,0.00343001
test_03020,0.00266999
test_03021,0.01295000
test_03022,0.48047000
test_03023,0.14491999
test_03024,0.00002003
test_03025,0.42545003
test_03026,0.00007999
test_03027,0.01146001
test_03028,0.13708001
test_03029,0.00081998
test_03030,0.00011998
test_03031,0.06664002
test_03032,0.02521002
test_03033,0.00584000
test_03034,0.01305002
test_03035,0.05124998
test_03036,0.24676001
test_03037,0.33473998
test_03038,0.32084000
test_03039,0.03231001
test_03040,0.38208002
test_03041,0.00011998
test_03042,0.00108999
test_03043,0.01063001
test_03044,0.43949997
test_03045,0.00281000
test_03046,0.41873002
test_03047,0.00388998
test_03048,0.45741999
test_03049,0.27503997
test_03050,0.38242000
test_03051,0.00244999
test_03052,0.27306998
test_03053,0.03963000
test_03054,0.01577002
test_03055,0.00001001
test_03056,0.00042999
test_03057,0.00059998
test_03058,0.27288997
test_03059,0.00002998
test_03060,0.06645000
test_03061,0.00007999
test_03062,0.00195998
test_03063,0.01902002
test_03064,0.00902998
test_03065,0.47705001
test_03066,0.00036001
test_03067,0.05644000
test_03068,0.02855003
test_03069,0.48492998
test_03070,0.45541000
test_03071,0.00054002
test_03072,0.76912999
test_03073,0.99217999
test_03074,0.99966002
test_03075,0.99498999
test_03076,0.96359003
test_03077,0.51666999
test_03078,0.98285002
test_03079,0.90946001
test_03080,0.99798000
test_03081,0.87870002
test_03082,0.99936998
test_03083,0.72632003
test_03084,0.84117001
test_03085,0.98816001
test_03086,0.52052999
test_03087,0.50244999
test_03088,0.96801001
test_03089,0.95506001
test_03090,0.99870998
test_03091,0.99883002
test_03092,0.97680998
test_03093,0.87572998
test_03094,0.99915999
test_03095,0.99892998
test_03096,0.67860001
test_03097,0.70783001
test_03098,0.64533001
test_03099,0.85986000
test_03100,0.89565998
test_03101,0.93500000
test_03102,0.99981999
test_03103,0.97719002
test_03104,0.09170002
test_03105,0.07551998
test_03106,0.02770001
test_03107,0.17698997
test_03108,0.00075001
test_03109,0.12625998
test_03110,0.02796000
test_03111,0.06329000
test_03112,0.16137999
test_03113,0.00124002
test_03114,0.04974997
test_03115,0.36680001
test_03116,0.00001001
test_03117,0.00027001
test_03118,0.00562000
test_03119,0.04865003
test_03120,0.31766999
test_03121,0.00001001
test_03122,0.42817003
test_03123,0.00007999
test_03124,0.00033998
test_03125,0.44062001
test_03126,0.17506999
test_03127,0.00158000
test_03128,0.00502002
test_03129,0.08192998
test_03130,0.00013000
test_03131,0.00520003
test_03132,0.00006998
test_03133,0.01558000
test_03134,0.14561999
test_03135,0.01968998
test_03136,0.00762999
test_03137,0.01721001
test_03138,0.06663001
test_03139,0.00132000
test_03140,0.45519000
test_03141,0.09726000
test_03142,0.00927001
test_03143,0.07473999
test_03144,0.01097000
test_03145,0.00365001
test_03146,0.02977002
test_03147,0.10922998
test_03148,0.00682998
test_03149,0.01648003
test_03150,0.04161000
test_03151,0.00924999
test_03152,0.06624001
test_03153,0.00085002
test_03154,0.25963998
test_03155,0.00190997
test_03156,0.01822001
test_03157,0.00568002
test_03158,0.02002001
test_03159,0.00041997
test_03160,0.08572000
test_03161,0.00000000
test_03162,0.00116998
test_03163,0.02003002
test_03164,0.00057000
test_03165,0.07104999
test_03166,0.05116999
test_03167,0.08994001
test_03168,0.00638998
test_03169,0.29990000
test_03170,0.00019002
test_03171,0.06331998
test_03172,0.00914001
test_03173,0.04277003
test_03174,0.00721002
test_03175,0.22535002
test_03176,0.00007999
test_03177,0.14254999
test_03178,0.00553000
test_03179,0.14415002
test_03180,0.00168002
test_03181,0.00001001
test_03182,0.01069999
test_03183,0.00673997
test_03184,0.00062001
test_03185,0.30037999
test_03186,0.03311002
test_03187,0.49423999
test_03188,0.30281001
test_03189,0.04824001
test_03190,0.01621997
test_03191,0.02948999
test_03192,0.01234001
test_03193,0.02052999
test_03194,0.11045998
test_03195,0.05783999
test_03196,0.00000000
test_03197,0.31699997
test_03198,0.31619000
test_03199,0.10791999
test_03200,0.00393999
test_03201,0.35399997
test_03202,0.14933002
test_03203,0.01266998
test_03204,0.01885003
test_03205,0.03999001
test_03206,0.07189000
test_03207,0.03715003
test_03208,0.20468003
test_03209,0.00384998
test_03210,0.31691003
test_03211,0.06528997
test_03212,0.02783000
test_03213,0.00003999
test_03214,0.41988999
test_03215,0.01334000
test_03216,0.31926000
test_03217,0.05381000
test_03218,0.00164002
test_03219,0.00042999
test_03220,0.01494002
test_03221,0.37787998
test_03222,0.32055998
test_03223,0.16201001
test_03224,0.00000000
test_03225,0.00142002
test_03226,0.00672001
test_03227,0.11385000
test_03228,0.03582001
test_03229,0.00077999
test_03230,0.00124002
test_03231,0.00002003
test_03232,0.98771000
test_03233,0.97086000
test_03234,0.79759002
test_03235,0.99769002
test_03236,0.99299997
test_03237,0.99912000
test_03238,0.97821999
test_03239,0.72830999
test_03240,0.99737000
test_03241,0.67575002
test_03242,0.93027002
test_03243,0.99992001
test_03244,0.98464000
test_03245,0.99711001
test_03246,0.93140000
test_03247,0.99667001
test_03248,0.96240997
test_03249,1.00000000
test_03250,0.98528999
test_03251,0.99909002
test_03252,1.00000000
test_03253,0.99966002
test_03254,0.88950002
test_03255,0.95191002
test_03256,0.94651002
test_03257,0.99185002
test_03258,0.98251998
test_03259,0.95684999
test_03260,0.84924001
test_03261,0.95033997
test_03262,0.99961001
test_03263,0.73291999
test_03264,0.09781998
test_03265,0.00202000
test_03266,0.00003999
test_03267,0.00018001
test_03268,0.14567000
test_03269,0.00001001
test_03270,0.00806999
test_03271,0.18717003
test_03272,0.00002003
test_03273,0.14059001
test_03274,0.11031002
test_03275,0.23067999
test_03276,0.01537001
test_03277,0.04285002
test_03278,0.03293002
test_03279,0.17106003
test_03280,0.04545999
test_03281,0.00020999
test_03282,0.04031998
test_03283,0.02366000
test_03284,0.00067002
test_03285,0.00089002
test_03286,0.00266999
test_03287,0.00010002
test_03288,0.28167999
test_03289,0.00045002
test_03290,0.37116998
test_03291,0.00996000
test_03292,0.42685997
test_03293,0.00690001
test_03294,0.00458002
test_03295,0.04149997
test_03296,0.00541002
test_03297,0.00002003
test_03298,0.00954002
test_03299,0.01490998
test_03300,0.00233001
test_03301,0.05768001
test_03302,0.00546998
test_03303,0.01769000
test_03304,0.00505000
test_03305,0.00123000
test_03306,0.00040001
test_03307,0.00045002
test_03308,0.00098002
test_03309,0.47543001
test_03310,0.00506002
test_03311,0.22192001
test_03312,0.14319003
test_03313,0.00985003
test_03314,0.00748003
test_03315,0.43524998
test_03316,0.00073999
test_03317,0.01661998
test_03318,0.13620001
test_03319,0.01797003
test_03320,0.00063002
test_03321,0.15837002
test_03322,0.00475001
test_03323,0.00046998
test_03324,0.19277000
test_03325,0.16939002
test_03326,0.22654003
test_03327,0.00146002
test_03328,0.99888998
test_03329,0.84777999
test_03330,0.99159998
test_03331,0.99813002
test_03332,0.99476999
test_03333,0.96336001
test_03334,0.98913002
test_03335,0.99809003
test_03336,0.99316001
test_03337,0.99352998
test_03338,0.99601001
test_03339,0.99905998
test_03340,0.97400999
test_03341,0.98883998
test_03342,0.52653998
test_03343,0.99835002
test_03344,0.98119003
test_03345,0.99993002
test_03346,0.99238002
test_03347,0.99119997
test_03348,0.97544003
test_03349,0.99997997
test_03350,0.99980998
test_03351,0.86592001
test_03352,0.99791002
test_03353,0.91264999
test_03354,0.98821002
test_03355,0.82009000
test_03356,0.65468001
test_03357,0.94351000
test_03358,0.72014999
test_03359,0.99997002
test_03360,0.87308002
test_03361,0.76739001
test_03362,0.98685998
test_03363,0.99768001
test_03364,0.99988002
test_03365,0.82160997
test_03366,0.98653001
test_03367,0.93959999
test_03368,0.95081002
test_03369,0.99246001
test_03370,0.95108002
test_03371,0.99987000
test_03372,0.51560998
test_03373,0.98931003
test_03374,0.98623002
test_03375,0.98694998
test_03376,0.85873997
test_03377,0.63755000
test_03378,0.97749001
test_03379,0.99628001
test_03380,1.00000000
test_03381,0.99915999
test_03382,0.99862999
test_03383,0.99700999
test_03384,0.78828001
test_03385,0.99890000
test_03386,0.58139002
test_03387,1.00000000
test_03388,0.98772001
test_03389,0.99338001
test_03390,0.52806002
test_03391,0.99957001
test_03392,0.73142999
test_03393,0.98681998
test_03394,0.78289998
test_03395,0.84925002
test_03396,0.97078001
test_03397,0.72263998
test_03398,0.98746002
test_03399,0.99247998
test_03400,0.98543000
test_03401,0.63440001
test_03402,0.58758003
test_03403,0.99980998
test_03404,0.99967998
test_03405,0.98960000
test_03406,0.65911001
test_03407,0.99980003
test_03408,0.98369998
test_03409,0.63393998
test_03410,0.98760003
test_03411,0.99972999
test_03412,0.92273998
test_03413,0.96945000
test_03414,0.95498002
test_03415,0.97235000
test_03416,0.94493997
test_03417,0.79917997
test_03418,0.96008998
test_03419,0.98159999
test_03420,0.96901000
test_03421,0.99208999
test_03422,0.99991000
test_03423,0.79078001
test_03424,0.13479000
test_03425,0.00779003
test_03426,0.06506997
test_03427,0.00073999
test_03428,0.02902001
test_03429,0.23458999
test_03430,0.01510000
test_03431,0.00176001
test_03432,0.24816000
test_03433,0.00318998
test_03434,0.07277000
test_03435,0.05256999
test_03436,0.05668998
test_03437,0.00246000
test_03438,0.00013000
test_03439,0.00097001
test_03440,0.04653001
test_03441,0.02903998
test_03442,0.01028001
test_03443,0.03928000
test_03444,0.45451999
test_03445,0.01823002
test_03446,0.00354999
test_03447,0.00015002
test_03448,0.18265003
test_03449,0.00073999
test_03450,0.15347999
test_03451,0.04758000
test_03452,0.10014999
test_03453,0.03369999
test_03454,0.08819997
test_03455,0.00028002
test_03456,0.00274998
test_03457,0.10369998
test_03458,0.00053000
test_03459,0.00006002
test_03460,0.04771000
test_03461,0.00129998
test_03462,0.00119001
test_03463,0.00002003
test_03464,0.00037003
test_03465,0.01791000
test_03466,0.29639000
test_03467,0.00353003
test_03468,0.00064999
test_03469,0.05170000
test_03470,0.00042999
test_03471,0.07836002
test_03472,0.00076997
test_03473,0.00116998
test_03474,0.00028002
test_03475,0.13472998
test_03476,0.09002000
test_03477,0.47482997
test_03478,0.37506998
test_03479,0.01247001
test_03480,0.00235999
test_03481,0.02307999
test_03482,0.00173998
test_03483,0.29636002
test_03484,0.02604997
test_03485,0.03227001
test_03486,0.08775002
test_03487,0.00024003
test_03488,0.69075000
test_03489,0.74167001
test_03490,0.99531001
test_03491,0.97676998
test_03492,0.92208999
test_03493,0.99996001
test_03494,0.98426998
test_03495,0.99392998
test_03496,0.77946001
test_03497,0.99681997
test_03498,0.99989998
test_03499,0.99994999
test_03500,0.96886998
test_03501,0.91292000
test_03502,0.81348002
test_03503,0.61382002
test_03504,0.91241997
test_03505,0.99484003
test_03506,0.96881002
test_03507,0.99129999
test_03508,0.51236999
test_03509,0.73381001
test_03510,0.99329001
test_03511,0.99987000
test_03512,0.99127001
test_03513,0.99362999
test_03514,0.99984998
test_03515,0.97711003
test_03516,0.99924999
test_03517,0.99984998
test_03518,0.99861997
test_03519,0.96701002
test_03520,0.99390000
test_03521,0.91163999
test_03522,0.98152000
test_03523,0.99997002
test_03524,0.84257001
test_03525,0.99970001
test_03526,1.00000000
test_03527,0.98132002
test_03528,0.93089002
test_03529,0.99886000
test_03530,0.99738002
test_03531,0.96125001
test_03532,0.99993998
test_03533,0.97297001
test_03534,0.98420000
test_03535,0.99348003
test_03536,0.99884999
test_03537,0.80935001
test_03538,0.99561000
test_03539,0.99118000
test_03540,0.92534000
test_03541,0.83329999
test_03542,0.68744999
test_03543,0.99927998
test_03544,0.99883002
test_03545,0.99571002
test_03546,0.99555999
test_03547,0.96767998
test_03548,0.99991000
test_03549,0.78732002
test_03550,0.99966002
test_03551,0.98676997
test_03552,0.99787003
test_03553,0.96222001
test_03554,0.94420999
test_03555,0.99018002
test_03556,0.52732003
test_03557,0.99050999
test_03558,0.98312002
test_03559,0.99921000
test_03560,0.99027002
test_03561,0.99671000
test_03562,0.99984998
test_03563,0.73605001
test_03564,0.97227001
test_03565,0.99506998
test_03566,0.99733001
test_03567,0.52831000
test_03568,0.94599003
test_03569,0.99840999
test_03570,0.99952000
test_03571,0.99839997
test_03572,0.83947998
test_03573,0.99778003
test_03574,0.50325000
test_03575,0.94799000
test_03576,0.99991000
test_03577,0.90579998
test_03578,0.99734002
test_03579,0.84083998
test_03580,0.82369000
test_03581,0.99822003
test_03582,0.81287998
test_03583,0.99988002
test_03584,0.00001001
test_03585,0.00163001
test_03586,0.00054002
test_03587,0.16001999
test_03588,0.04465997
test_03589,0.18619001
test_03590,0.44594002
test_03591,0.06171000
test_03592,0.00001001
test_03593,0.00274998
test_03594,0.11588001
test_03595,0.00010002
test_03596,0.13560998
test_03597,0.36816001
test_03598,0.03118998
test_03599,0.00006998
test_03600,0.07025999
test_03601,0.00033998
test_03602,0.00006002
test_03603,0.00010997
test_03604,0.00038999
test_03605,0.02465999
test_03606,0.10101002
test_03607,0.00098997
test_03608,0.00134999
test_03609,0.00037003
test_03610,0.01550001
test_03611,0.02077001
test_03612,0.00044000
test_03613,0.00023001
test_03614,0.23729002
test_03615,0.01274002
test_03616,0.13687003
test_03617,0.00000000
test_03618,0.00026000
test_03619,0.34263003
test_03620,0.30464000
test_03621,0.17045999
test_03622,0.00011998
test_03623,0.19929999
test_03624,0.19665003
test_03625,0.00023001
test_03626,0.09536999
test_03627,0.01620001
test_03628,0.00803000
test_03629,0.42297000
test_03630,0.09074003
test_03631,0.02285999
test_03632,0.00053000
test_03633,0.24177003
test_03634,0.00190997
test_03635,0.00020999
test_03636,0.35092002
test_03637,0.00259000
test_03638,0.00081003
test_03639,0.25880003
test_03640,0.10802001
test_03641,0.00106001
test_03642,0.44797999
test_03643,0.00001001
test_03644,0.00085002
test_03645,0.00018001
test_03646,0.00246000
test_03647,0.43698001
test_03648,0.94309998
test_03649,0.99750000
test_03650,0.99823999
test_03651,0.87901998
test_03652,1.00000000
test_03653,0.97676003
test_03654,0.99943000
test_03655,0.99550998
test_03656,0.99242002
test_03657,0.84758002
test_03658,0.82391000
test_03659,0.99931997
test_03660,0.99971998
test_03661,0.96609998
test_03662,0.99997997
test_03663,0.98819000
test_03664,0.99985999
test_03665,0.99993998
test_03666,0.78451997
test_03667,0.62506998
test_03668,0.99993002
test_03669,0.99991000
test_03670,0.81983000
test_03671,0.99989003
test_03672,0.99853998
test_03673,0.88009000
test_03674,0.82827997
test_03675,0.99969000
test_03676,0.99769002
test_03677,0.99987000
test_03678,0.88269001
test_03679,0.99975002
test_03680,0.99912000
test_03681,0.86334997
test_03682,0.95785999
test_03683,0.99997002
test_03684,0.99998999
test_03685,0.98824000
test_03686,0.99843001
test_03687,0.97241998
test_03688,0.99146998
test_03689,0.99017000
test_03690,0.64012998
test_03691,0.99997997
test_03692,0.99409002
test_03693,0.99975997
test_03694,0.99974000
test_03695,0.99879003
test_03696,0.99133003
test_03697,0.60191000
test_03698,0.55002999
test_03699,0.99790001
test_03700,0.99927998
test_03701,0.99633002
test_03702,0.99984002
test_03703,0.98532999
test_03704,0.99975002
test_03705,0.99906999
test_03706,0.99994999
test_03707,0.99978000
test_03708,0.66481000
test_03709,0.99998999
test_03710,0.99452001
test_03711,0.64840001
test_03712,0.97043997
test_03713,0.99563998
test_03714,0.97523999
test_03715,0.99989998
test_03716,0.99655002
test_03717,0.99997002
test_03718,0.94650000
test_03719,0.99857998
test_03720,0.99843001
test_03721,0.99194002
test_03722,0.97355998
test_03723,0.93046999
test_03724,0.99651998
test_03725,0.99996001
test_03726,0.99993998
test_03727,0.98938000
test_03728,0.61535001
test_03729,0.85837001
test_03730,0.80743998
test_03731,0.96445000
test_03732,0.60646999
test_03733,0.67184001
test_03734,0.90985000
test_03735,0.95587999
test_03736,0.93155003
test_03737,0.99531001
test_03738,0.65495998
test_03739,1.00000000
test_03740,0.99922001
test_03741,0.58728999
test_03742,0.99150002
test_03743,0.99956000
test_03744,0.69995999
test_03745,0.99997997
test_03746,0.99693000
test_03747,0.79841000
test_03748,0.99789000
test_03749,0.94323999
test_03750,0.99937999
test_03751,0.89024001
test_03752,0.53112000
test_03753,0.85817999
test_03754,0.99992001
test_03755,0.82379001
test_03756,0.99998999
test_03757,0.66377002
test_03758,0.99756998
test_03759,0.99901003
test_03760,0.88878000
test_03761,0.68847001
test_03762,0.99822003
test_03763,0.65821999
test_03764,0.92180002
test_03765,0.99479002
test_03766,0.99996001
test_03767,0.69519001
test_03768,0.98133999
test_03769,0.68212003
test_03770,0.99506998
test_03771,0.56378001
test_03772,0.99880999
test_03773,0.99935001
test_03774,0.99848002
test_03775,0.59860998
test_03776,0.00001001
test_03777,0.03838998
test_03778,0.00417000
test_03779,0.04440999
test_03780,0.00454003
test_03781,0.18857998
test_03782,0.03746003
test_03783,0.00283003
test_03784,0.05300999
test_03785,0.00411999
test_03786,0.27348000
test_03787,0.05464000
test_03788,0.00002003
test_03789,0.06792003
test_03790,0.07009000
test_03791,0.01230001
test_03792,0.00040001
test_03793,0.00239003
test_03794,0.00821000
test_03795,0.00057000
test_03796,0.00566000
test_03797,0.11238003
test_03798,0.04806000
test_03799,0.03422999
test_03800,0.00006002
test_03801,0.00783002
test_03802,0.21899998
test_03803,0.10211003
test_03804,0.00067002
test_03805,0.00769001
test_03806,0.02847999
test_03807,0.00703001
test_03808,0.99922001
test_03809,0.99703002
test_03810,0.99975002
test_03811,0.78205001
test_03812,0.96854001
test_03813,0.99748999
test_03814,0.91426998
test_03815,0.99664998
test_03816,0.61210001
test_03817,0.86246997
test_03818,0.99997002
test_03819,0.95960999
test_03820,0.96919000
test_03821,0.99905998
test_03822,0.99897999
test_03823,0.98355001
test_03824,0.99931002
test_03825,0.90293002
test_03826,0.99996001
test_03827,0.90309000
test_03828,0.99441999
test_03829,0.96701998
test_03830,0.95819998
test_03831,0.99818999
test_03832,0.99550998
test_03833,0.56270999
test_03834,0.99365002
test_03835,0.70217001
test_03836,0.85229999
test_03837,0.99217999
test_03838,0.99998999
test_03839,0.58143002
test_03840,0.99993998
test_03841,0.99972999
test_03842,0.97119999
test_03843,0.64744002
test_03844,0.69850999
test_03845,0.98694998
test_03846,0.99997997
test_03847,0.99918997
test_03848,0.51966000
test_03849,0.99956000
test_03850,0.97961003
test_03851,0.95964003
test_03852,0.79718000
test_03853,0.99950999
test_03854,1.00000000
test_03855,0.99970001
test_03856,0.99743003
test_03857,0.99124002
test_03858,0.99485999
test_03859,0.68081999
test_03860,0.99975997
test_03861,0.99777001
test_03862,0.98087001
test_03863,0.99896002
test_03864,0.99801999
test_03865,0.68098003
test_03866,0.99954998
test_03867,0.99785000
test_03868,0.99988002
test_03869,0.99671000
test_03870,0.99936002
test_03871,0.99971998
test_03872,0.00085002
test_03873,0.05263001
test_03874,0.00397003
test_03875,0.03522003
test_03876,0.00054997
test_03877,0.00704998
test_03878,0.04615003
test_03879,0.00136000
test_03880,0.00103998
test_03881,0.00259000
test_03882,0.04711002
test_03883,0.00108999
test_03884,0.00016999
test_03885,0.01551998
test_03886,0.00015002
test_03887,0.01828998
test_03888,0.00055999
test_03889,0.00054997
test_03890,0.38530999
test_03891,0.24836999
test_03892,0.44325000
test_03893,0.00079000
test_03894,0.01225001
test_03895,0.01931000
test_03896,0.00015002
test_03897,0.00037998
test_03898,0.09815001
test_03899,0.05347002
test_03900,0.11198997
test_03901,0.00581002
test_03902,0.00165999
test_03903,0.00046998
test_03904,0.00115001
test_03905,0.01467001
test_03906,0.02293998
test_03907,0.00002998
test_03908,0.00256997
test_03909,0.01375997
test_03910,0.19865000
test_03911,0.14105999
test_03912,0.00212002
test_03913,0.21443999
test_03914,0.15723997
test_03915,0.00327998
test_03916,0.10837001
test_03917,0.00006998
test_03918,0.00406998
test_03919,0.00053000
test_03920,0.00290000
test_03921,0.23075002
test_03922,0.03206998
test_03923,0.00010997
test_03924,0.39861000
test_03925,0.00028998
test_03926,0.00212002
test_03927,0.16913998
test_03928,0.17764997
test_03929,0.11166000
test_03930,0.20586997
test_03931,0.00202000
test_03932,0.00023001
test_03933,0.02893001
test_03934,0.00196999
test_03935,0.06898999
test_03936,0.93564999
test_03937,0.99247003
test_03938,0.59819001
test_03939,0.88883001
test_03940,0.99548000
test_03941,0.78148001
test_03942,0.98312998
test_03943,0.64579999
test_03944,0.99939001
test_03945,0.99773997
test_03946,0.99036998
test_03947,0.99238002
test_03948,0.98444003
test_03949,0.98506999
test_03950,0.99905998
test_03951,0.65257001
test_03952,0.82940000
test_03953,0.91272998
test_03954,0.99769998
test_03955,0.96502000
test_03956,0.99559999
test_03957,0.69975001
test_03958,1.00000000
test_03959,0.93519002
test_03960,0.89292997
test_03961,0.99936998
test_03962,0.99948001
test_03963,0.72645003
test_03964,0.83345997
test_03965,0.99998999
test_03966,0.69713002
test_03967,0.99996001
test_03968,0.99961001
test_03969,0.98910999
test_03970,0.99971002
test_03971,0.98786998
test_03972,0.99550998
test_03973,0.99491000
test_03974,0.88440001
test_03975,0.99238002
test_03976,0.99997997
test_03977,0.99996001
test_03978,0.86014003
test_03979,0.99290001
test_03980,0.99045002
test_03981,0.97235000
test_03982,0.99563003
test_03983,0.99699998
test_03984,0.97912002
test_03985,0.62423003
test_03986,0.99848998
test_03987,0.93545997
test_03988,0.99998999
test_03989,0.92646003
test_03990,0.99980003
test_03991,0.98787999
test_03992,0.99899000
test_03993,0.59029001
test_03994,0.99559999
test_03995,0.99050999
test_03996,0.99997997
test_03997,0.98360002
test_03998,0.89162999
test_03999,0.99996001
test_04000,0.99993002
test_04001,0.64402002
test_04002,0.99996001
test_04003,0.77082002
test_04004,0.67883998
test_04005,0.98302001
test_04006,0.90618002
test_04007,0.97727001
test_04008,0.60297000
test_04009,0.99734998
test_04010,0.62641001
test_04011,0.99948001
test_04012,0.99845999
test_04013,0.83170998
test_04014,0.99286002
test_04015,0.99950999
test_04016,0.99050999
test_04017,0.90548998
test_04018,0.99980998
test_04019,0.98497999
test_04020,0.99983001
test_04021,0.95459002
test_04022,0.71991998
test_04023,0.58007997
test_04024,0.93254000
test_04025,0.99377000
test_04026,0.99997997
test_04027,0.97307003
test_04028,0.94607002
test_04029,0.72180998
test_04030,0.93864000
test_04031,0.99817997
test_04032,0.29933000
test_04033,0.00195998
test_04034,0.00063998
test_04035,0.03604001
test_04036,0.03931999
test_04037,0.00099999
test_04038,0.04057002
test_04039,0.00458997
test_04040,0.00001001
test_04041,0.00180000
test_04042,0.00032002
test_04043,0.17815000
test_04044,0.15614003
test_04045,0.08652002
test_04046,0.01280999
test_04047,0.00318003
test_04048,0.00014001
test_04049,0.00168002
test_04050,0.00889999
test_04051,0.00000000
test_04052,0.10211003
test_04053,0.00116998
test_04054,0.01265001
test_04055,0.00171000
test_04056,0.00006998
test_04057,0.00604999
test_04058,0.00006002
test_04059,0.02604997
test_04060,0.00060999
test_04061,0.24492002
test_04062,0.00010997
test_04063,0.02282000
test_04064,0.62480998
test_04065,0.97714001
test_04066,0.99827999
test_04067,0.93972999
test_04068,0.92877001
test_04069,0.99956000
test_04070,0.99700999
test_04071,0.98566002
test_04072,0.90903997
test_04073,0.99040997
test_04074,0.99768001
test_04075,0.98559999
test_04076,0.97702003
test_04077,0.96530998
test_04078,0.99866003
test_04079,0.99690002
test_04080,0.64748001
test_04081,0.98922002
test_04082,0.99685001
test_04083,0.88485003
test_04084,0.94138002
test_04085,0.99997997
test_04086,0.99602002
test_04087,0.97965002
test_04088,0.99962002
test_04089,0.55493999
test_04090,0.99918997
test_04091,0.97714001
test_04092,0.97517002
test_04093,0.99996001
test_04094,0.55040002
test_04095,0.72327000
test_04096,0.00235999
test_04097,0.05443001
test_04098,0.00115001
test_04099,0.00006998
test_04100,0.00001001
test_04101,0.00094998
test_04102,0.00000000
test_04103,0.01754999
test_04104,0.00014001
test_04105,0.00494999
test_04106,0.00005001
test_04107,0.08798999
test_04108,0.00124002
test_04109,0.00019997
test_04110,0.25603002
test_04111,0.00121999
test_04112,0.18501002
test_04113,0.00265002
test_04114,0.46219999
test_04115,0.01687998
test_04116,0.00000000
test_04117,0.00024003
test_04118,0.24733001
test_04119,0.00388002
test_04120,0.00022000
test_04121,0.11523002
test_04122,0.21155000
test_04123,0.00013000
test_04124,0.46077001
test_04125,0.00292999
test_04126,0.00607002
test_04127,0.00613999
test_04128,0.26971000
test_04129,0.06404001
test_04130,0.00041997
test_04131,0.00000000
test_04132,0.30719000
test_04133,0.00082999
test_04134,0.00563997
test_04135,0.00929999
test_04136,0.17838001
test_04137,0.07602000
test_04138,0.00026000
test_04139,0.34323001
test_04140,0.00000000
test_04141,0.10531998
test_04142,0.01890999
test_04143,0.05211002
test_04144,0.03289998
test_04145,0.00850999
test_04146,0.08020002
test_04147,0.01282001
test_04148,0.00005001
test_04149,0.46841002
test_04150,0.05465001
test_04151,0.00520998
test_04152,0.00019997
test_04153,0.38644999
test_04154,0.00637001
test_04155,0.03701001
test_04156,0.03043002
test_04157,0.00016999
test_04158,0.00761002
test_04159,0.00070000
test_04160,0.99522001
test_04161,0.99273998
test_04162,0.98813999
test_04163,0.97161001
test_04164,0.92640001
test_04165,0.99984002
test_04166,0.99225003
test_04167,0.96349001
test_04168,0.99190998
test_04169,0.99985999
test_04170,0.99989003
test_04171,0.99918997
test_04172,0.63293999
test_04173,0.99954998
test_04174,0.97143000
test_04175,0.99637997
test_04176,0.88353997
test_04177,0.99895000
test_04178,0.99804002
test_04179,0.87908000
test_04180,0.99409002
test_04181,0.96030003
test_04182,0.78332001
test_04183,0.97039998
test_04184,0.99800003
test_04185,0.99956000
test_04186,0.95805001
test_04187,0.94563001
test_04188,0.98373997
test_04189,0.99975002
test_04190,0.99752003
test_04191,0.99931997
test_04192,0.00335002
test_04193,0.01796001
test_04194,0.10465002
test_04195,0.20319003
test_04196,0.47569001
test_04197,0.00863999
test_04198,0.00018001
test_04199,0.44410998
test_04200,0.27256000
test_04201,0.35753000
test_04202,0.00941002
test_04203,0.03511000
test_04204,0.25247002
test_04205,0.00009000
test_04206,0.04579002
test_04207,0.00060999
test_04208,0.16753000
test_04209,0.02450001
test_04210,0.01989001
test_04211,0.23566997
test_04212,0.09902000
test_04213,0.00127000
test_04214,0.00031000
test_04215,0.02065003
test_04216,0.00016999
test_04217,0.00024003
test_04218,0.01555997
test_04219,0.00505000
test_04220,0.12834001
test_04221,0.01874000
test_04222,0.00000000
test_04223,0.00001001
test_04224,0.99981999
test_04225,0.98881000
test_04226,0.98986000
test_04227,0.99981999
test_04228,0.99994999
test_04229,0.78450000
test_04230,0.94134998
test_04231,0.92808998
test_04232,0.99997997
test_04233,0.99980003
test_04234,0.99923998
test_04235,0.99514002
test_04236,0.89362001
test_04237,0.98755997
test_04238,0.99813998
test_04239,0.93655002
test_04240,0.96054000
test_04241,1.00000000
test_04242,0.97332001
test_04243,0.99998999
test_04244,0.87928998
test_04245,0.99887002
test_04246,0.99989003
test_04247,0.99830002
test_04248,0.99989003
test_04249,0.99944001
test_04250,0.99741000
test_04251,0.99877000
test_04252,0.99997997
test_04253,0.94296002
test_04254,0.99857002
test_04255,0.99988002
test_04256,0.99991000
test_04257,0.99940002
test_04258,0.98474002
test_04259,0.99950999
test_04260,0.92171001
test_04261,0.99993002
test_04262,0.99944001
test_04263,0.99752003
test_04264,0.99997997
test_04265,0.99804997
test_04266,0.84350002
test_04267,0.94278002
test_04268,0.99782002
test_04269,0.99997997
test_04270,0.65702999
test_04271,0.97744000
test_04272,0.96253997
test_04273,0.99985999
test_04274,0.99098003
test_04275,0.93965000
test_04276,0.56430000
test_04277,0.88824999
test_04278,0.86635000
test_04279,0.95977002
test_04280,0.92941999
test_04281,0.96810001
test_04282,0.52471000
test_04283,0.99888998
test_04284,0.53450000
test_04285,0.99940997
test_04286,0.99172997
test_04287,0.99997997
test_04288,0.19211000
test_04289,0.00000000
test_04290,0.21496999
test_04291,0.37391001
test_04292,0.12580001
test_04293,0.17067999
test_04294,0.13261998
test_04295,0.00010002
test_04296,0.03220999
test_04297,0.00006002
test_04298,0.01692998
test_04299,0.00000000
test_04300,0.00204003
test_04301,0.00752002
test_04302,0.36161000
test_04303,0.35920000
test_04304,0.01435000
test_04305,0.22167999
test_04306,0.00079000
test_04307,0.00041997
test_04308,0.11208999
test_04309,0.29535002
test_04310,0.00000000
test_04311,0.00015998
test_04312,0.04809999
test_04313,0.02007002
test_04314,0.02766001
test_04315,0.00257999
test_04316,0.00070000
test_04317,0.00361001
test_04318,0.11106002
test_04319,0.16931999
test_04320,0.17868000
test_04321,0.01599002
test_04322,0.07378000
test_04323,0.01609999
test_04324,0.01059002
test_04325,0.00264001
test_04326,0.10301000
test_04327,0.02263999
test_04328,0.15724999
test_04329,0.00000000
test_04330,0.00000000
test_04331,0.00161999
test_04332,0.03362000
test_04333,0.00266999
test_04334,0.00024003
test_04335,0.05167001
test_04336,0.01001000
test_04337,0.35227001
test_04338,0.00120002
test_04339,0.00923997
test_04340,0.41517001
test_04341,0.00287002
test_04342,0.35541999
test_04343,0.10764998
test_04344,0.39776999
test_04345,0.24787998
test_04346,0.00691003
test_04347,0.11932999
test_04348,0.00259000
test_04349,0.08266002
test_04350,0.00014001
test_04351,0.41082001
test_04352,0.80298001
test_04353,0.66896999
test_04354,0.99842000
test_04355,0.99891001
test_04356,0.93507999
test_04357,0.71195000
test_04358,0.99857002
test_04359,0.73053002
test_04360,0.99697000
test_04361,0.98676002
test_04362,0.98777002
test_04363,0.78939998
test_04364,0.97073001
test_04365,0.98821998
test_04366,0.85701001
test_04367,0.84803998
test_04368,0.91409999
test_04369,0.94739997
test_04370,0.99991000
test_04371,0.99918002
test_04372,0.68853003
test_04373,0.96223998
test_04374,0.98501003
test_04375,0.99909002
test_04376,0.85521001
test_04377,0.63609999
test_04378,0.99978000
test_04379,0.99912000
test_04380,0.81133997
test_04381,0.99992001
test_04382,0.95617002
test_04383,0.79448998
test_04384,0.99717999
test_04385,0.98152000
test_04386,0.86729002
test_04387,0.99655002
test_04388,0.99778003
test_04389,0.99337000
test_04390,0.97605002
test_04391,0.99194998
test_04392,0.99798000
test_04393,0.96521002
test_04394,0.99996001
test_04395,0.99909002
test_04396,0.87935001
test_04397,0.71991998
test_04398,0.79667002
test_04399,0.99975002
test_04400,0.82630002
test_04401,0.92822999
test_04402,0.98811001
test_04403,0.56940001
test_04404,0.76551002
test_04405,0.99991000
test_04406,0.99962997
test_04407,0.86142999
test_04408,0.99888003
test_04409,0.99941999
test_04410,0.98224002
test_04411,0.99998999
test_04412,0.92596000
test_04413,0.99971002
test_04414,0.99980998
test_04415,0.99527001
test_04416,0.12739998
test_04417,0.32253999
test_04418,0.00009000
test_04419,0.00670999
test_04420,0.23282999
test_04421,0.00005001
test_04422,0.05706000
test_04423,0.13854998
test_04424,0.48263001
test_04425,0.00182998
test_04426,0.00022000
test_04427,0.00172001
test_04428,0.12535000
test_04429,0.00005001
test_04430,0.01424003
test_04431,0.00002998
test_04432,0.00419003
test_04433,0.00533003
test_04434,0.00028002
test_04435,0.09851998
test_04436,0.19239002
test_04437,0.00001001
test_04438,0.40464997
test_04439,0.00186998
test_04440,0.00045002
test_04441,0.00196999
test_04442,0.26256001
test_04443,0.05640000
test_04444,0.00554001
test_04445,0.00002003
test_04446,0.42945999
test_04447,0.02714002
test_04448,0.01411003
test_04449,0.38012999
test_04450,0.01485002
test_04451,0.00054002
test_04452,0.00041997
test_04453,0.00063002
test_04454,0.02205002
test_04455,0.00476003
test_04456,0.02243000
test_04457,0.05062002
test_04458,0.00002998
test_04459,0.05915999
test_04460,0.27772999
test_04461,0.01144999
test_04462,0.11006999
test_04463,0.00003999
test_04464,0.00001001
test_04465,0.04329002
test_04466,0.00116998
test_04467,0.00002003
test_04468,0.00133002
test_04469,0.19038999
test_04470,0.18827999
test_04471,0.12450999
test_04472,0.00016999
test_04473,0.01108998
test_04474,0.12623000
test_04475,0.00076997
test_04476,0.00998002
test_04477,0.22745001
test_04478,0.07690001
test_04479,0.26415002
test_04480,0.97762001
test_04481,0.99550003
test_04482,0.56808001
test_04483,1.00000000
test_04484,0.99833000
test_04485,0.99777001
test_04486,0.99884999
test_04487,0.71574998
test_04488,0.61932999
test_04489,0.99465001
test_04490,0.94375998
test_04491,0.63633001
test_04492,0.95244002
test_04493,0.97473001
test_04494,0.55741000
test_04495,0.98181999
test_04496,0.96158999
test_04497,0.57139999
test_04498,0.99883002
test_04499,0.73360997
test_04500,0.99991000
test_04501,0.99436003
test_04502,0.99668002
test_04503,0.97174001
test_04504,0.98031998
test_04505,0.98979998
test_04506,0.99950999
test_04507,0.99987000
test_04508,0.99958998
test_04509,0.87696999
test_04510,0.95475000
test_04511,0.98119998
test_04512,1.00000000
test_04513,0.98728001
test_04514,0.99989998
test_04515,0.97336000
test_04516,0.98626000
test_04517,0.99852002
test_04518,0.99638999
test_04519,0.67764002
test_04520,0.50112998
test_04521,0.99308997
test_04522,0.82735002
test_04523,0.89007998
test_04524,0.99191999
test_04525,0.89319998
test_04526,1.00000000
test_04527,0.98021001
test_04528,0.94134998
test_04529,0.99261999
test_04530,0.53478003
test_04531,0.92297000
test_04532,0.91312999
test_04533,0.93229997
test_04534,0.97224998
test_04535,0.99931002
test_04536,0.83704001
test_04537,0.99098003
test_04538,0.88033003
test_04539,0.99682999
test_04540,0.72779000
test_04541,0.99997002
test_04542,0.92149001
test_04543,0.99994999
test_04544,0.87474000
test_04545,0.99987000
test_04546,0.99324000
test_04547,0.99962002
test_04548,1.00000000
test_04549,0.99443001
test_04550,0.90992999
test_04551,0.99638999
test_04552,0.95937997
test_04553,0.79290003
test_04554,0.97426999
test_04555,0.96833003
test_04556,0.99993998
test_04557,0.80777001
test_04558,0.99896002
test_04559,0.99939001
test_04560,0.81348002
test_04561,0.99949998
test_04562,0.61282998
test_04563,0.99935001
test_04564,0.99580002
test_04565,0.99061000
test_04566,0.81143999
test_04567,0.99690002
test_04568,0.93471998
test_04569,0.99374998
test_04570,0.77837998
test_04571,0.99049997
test_04572,0.99963999
test_04573,0.92993999
test_04574,0.95602000
test_04575,0.83923000
test_04576,0.97698998
test_04577,0.98392999
test_04578,0.99498999
test_04579,0.99676001
test_04580,0.98057002
test_04581,0.82608998
test_04582,0.78917998
test_04583,0.95797002
test_04584,0.99425000
test_04585,0.96112001
test_04586,0.96231002
test_04587,0.65096003
test_04588,0.99681002
test_04589,0.99730003
test_04590,0.99967998
test_04591,0.99636000
test_04592,0.89447999
test_04593,0.63880002
test_04594,0.90411001
test_04595,0.99979001
test_04596,0.97738999
test_04597,0.98794001
test_04598,0.95358998
test_04599,0.98032999
test_04600,0.53276998
test_04601,0.90714997
test_04602,0.51047999
test_04603,0.99954998
test_04604,0.82363999
test_04605,0.99958003
test_04606,0.95718002
test_04607,0.64134997
test_04608,0.05091000
test_04609,0.00406998
test_04610,0.00654000
test_04611,0.00000000
test_04612,0.00044000
test_04613,0.00001001
test_04614,0.00010002
test_04615,0.00031000
test_04616,0.00098002
test_04617,0.03448999
test_04618,0.00002003
test_04619,0.00037003
test_04620,0.35324001
test_04621,0.00493002
test_04622,0.04917997
test_04623,0.00748003
test_04624,0.43467999
test_04625,0.01201999
test_04626,0.36756998
test_04627,0.02829999
test_04628,0.00036001
test_04629,0.00252002
test_04630,0.00949001
test_04631,0.00186002
test_04632,0.25610000
test_04633,0.17315000
test_04634,0.00876999
test_04635,0.01287001
test_04636,0.09973001
test_04637,0.00063002
test_04638,0.00005001
test_04639,0.00001001
test_04640,0.99993998
test_04641,0.99729002
test_04642,0.95962000
test_04643,0.98676002
test_04644,0.99515003
test_04645,0.96173000
test_04646,0.98677999
test_04647,0.99993002
test_04648,0.99413002
test_04649,0.94962001
test_04650,0.98132998
test_04651,0.99998999
test_04652,0.98196000
test_04653,0.99927002
test_04654,0.87667000
test_04655,0.86129999
test_04656,0.99839997
test_04657,0.96258998
test_04658,0.99993002
test_04659,0.94529998
test_04660,0.94726998
test_04661,0.50560999
test_04662,0.92773998
test_04663,0.52309000
test_04664,0.93299001
test_04665,0.99997002
test_04666,0.99634999
test_04667,0.99994999
test_04668,0.99998999
test_04669,0.93791002
test_04670,0.93958998
test_04671,0.98091000
test_04672,0.01639998
test_04673,0.00643998
test_04674,0.00481999
test_04675,0.11361003
test_04676,0.23435998
test_04677,0.00238001
test_04678,0.01172000
test_04679,0.00178999
test_04680,0.00097001
test_04681,0.00068998
test_04682,0.00082999
test_04683,0.18875998
test_04684,0.12884003
test_04685,0.02415001
test_04686,0.04189998
test_04687,0.00040001
test_04688,0.49598002
test_04689,0.09059000
test_04690,0.08614999
test_04691,0.00182998
test_04692,0.00051999
test_04693,0.00001001
test_04694,0.03320998
test_04695,0.04000002
test_04696,0.00000000
test_04697,0.45595002
test_04698,0.00283003
test_04699,0.21761000
test_04700,0.00002998
test_04701,0.09832001
test_04702,0.15041000
test_04703,0.00000000
test_04704,0.02361000
test_04705,0.02225000
test_04706,0.00005001
test_04707,0.10146999
test_04708,0.47881001
test_04709,0.04632002
test_04710,0.00150001
test_04711,0.00023001
test_04712,0.00001001
test_04713,0.07717001
test_04714,0.00199997
test_04715,0.00002003
test_04716,0.00181001
test_04717,0.17901999
test_04718,0.22615999
test_04719,0.01389998
test_04720,0.00000000
test_04721,0.29437000
test_04722,0.02411002
test_04723,0.00260001
test_04724,0.00000000
test_04725,0.00629997
test_04726,0.31750000
test_04727,0.00013000
test_04728,0.21654999
test_04729,0.00097001
test_04730,0.10448003
test_04731,0.04026002
test_04732,0.13704002
test_04733,0.38044000
test_04734,0.00001001
test_04735,0.00476003
test_04736,0.52604002
test_04737,0.67354000
test_04738,0.87169999
test_04739,0.64794999
test_04740,0.99813998
test_04741,0.63621998
test_04742,0.99890000
test_04743,0.55589998
test_04744,0.99972999
test_04745,0.75295001
test_04746,0.98401999
test_04747,0.90685999
test_04748,0.92188001
test_04749,0.74634999
test_04750,0.95774001
test_04751,0.99997002
test_04752,0.99923998
test_04753,0.93008000
test_04754,0.99011999
test_04755,0.89157999
test_04756,0.93611002
test_04757,0.99976999
test_04758,0.99882001
test_04759,0.98607999
test_04760,0.78021002
test_04761,0.99861002
test_04762,0.97766000
test_04763,0.67794001
test_04764,0.96087003
test_04765,0.99919999
test_04766,0.68827999
test_04767,1.00000000
test_04768,0.00884002
test_04769,0.01510000
test_04770,0.00345999
test_04771,0.04364997
test_04772,0.40583003
test_04773,0.00018001
test_04774,0.00559002
test_04775,0.04584002
test_04776,0.00125003
test_04777,0.00013000
test_04778,0.01212001
test_04779,0.43351001
test_04780,0.01445001
test_04781,0.46873999
test_04782,0.01991999
test_04783,0.06471002
test_04784,0.02761000
test_04785,0.00932002
test_04786,0.02841002
test_04787,0.00901997
test_04788,0.16680998
test_04789,0.02513999
test_04790,0.00054997
test_04791,0.02942002
test_04792,0.00005001
test_04793,0.00002003
test_04794,0.32730001
test_04795,0.05840999
test_04796,0.09758002
test_04797,0.00014001
test_04798,0.00013000
test_04799,0.00911999
test_04800,0.99996001
test_04801,0.71961999
test_04802,0.98271000
test_04803,1.00000000
test_04804,0.98408997
test_04805,0.99375999
test_04806,0.81515998
test_04807,0.53530997
test_04808,0.58772999
test_04809,0.75357997
test_04810,0.64805001
test_04811,0.99570000
test_04812,0.96915001
test_04813,1.00000000
test_04814,0.99653000
test_04815,0.92250001
test_04816,0.93686998
test_04817,0.99483001
test_04818,0.99833000
test_04819,0.58029997
test_04820,0.99662000
test_04821,0.99996001
test_04822,0.99545997
test_04823,0.99959999
test_04824,0.99948001
test_04825,0.94973999
test_04826,0.99931997
test_04827,0.98391998
test_04828,0.99435002
test_04829,0.99843001
test_04830,0.97527999
test_04831,0.93488002
test_04832,0.99958003
test_04833,0.97777998
test_04834,0.99607998
test_04835,0.99997997
test_04836,0.95163000
test_04837,0.58809000
test_04838,0.98207998
test_04839,0.99966002
test_04840,0.52603000
test_04841,0.82306999
test_04842,0.99316001
test_04843,0.57691002
test_04844,1.00000000
test_04845,0.99994999
test_04846,0.97236001
test_04847,0.91776001
test_04848,0.99994999
test_04849,0.54356998
test_04850,0.99997002
test_04851,0.99436998
test_04852,0.99659002
test_04853,0.54000002
test_04854,0.61829001
test_04855,0.99646997
test_04856,0.64565998
test_04857,0.98578000
test_04858,0.99500000
test_04859,0.99549001
test_04860,0.75809002
test_04861,1.00000000
test_04862,0.98806000
test_04863,0.63242000
test_04864,0.65358001
test_04865,0.90891999
test_04866,0.99655998
test_04867,0.99383003
test_04868,0.99812001
test_04869,0.73785001
test_04870,0.99769998
test_04871,0.99564999
test_04872,0.99866003
test_04873,0.99763000
test_04874,0.95612001
test_04875,0.89061999
test_04876,0.99860001
test_04877,0.93866998
test_04878,0.99870002
test_04879,0.98997003
test_04880,0.97855002
test_04881,0.77956003
test_04882,0.63542998
test_04883,0.99952000
test_04884,0.99463999
test_04885,0.98404998
test_04886,1.00000000
test_04887,0.86897999
test_04888,0.99892998
test_04889,0.92772001
test_04890,0.99175000
test_04891,0.79231000
test_04892,0.84425002
test_04893,0.69111001
test_04894,0.98747998
test_04895,0.99997002
test_04896,0.03074002
test_04897,0.00165999
test_04898,0.43844002
test_04899,0.02240998
test_04900,0.00147998
test_04901,0.03154999
test_04902,0.01889002
test_04903,0.00906003
test_04904,0.00831002
test_04905,0.44294000
test_04906,0.00129998
test_04907,0.19875002
test_04908,0.04390001
test_04909,0.00133002
test_04910,0.00013000
test_04911,0.00432003
test_04912,0.00000000
test_04913,0.34841001
test_04914,0.00152999
test_04915,0.00891000
test_04916,0.00283998
test_04917,0.00002003
test_04918,0.08429003
test_04919,0.01709998
test_04920,0.10912001
test_04921,0.00009000
test_04922,0.00053000
test_04923,0.01526999
test_04924,0.00168997
test_04925,0.05925000
test_04926,0.00037998
test_04927,0.00704002
test_04928,0.00002998
test_04929,0.00041997
test_04930,0.45264000
test_04931,0.10035998
test_04932,0.34619999
test_04933,0.00026000
test_04934,0.13705999
test_04935,0.01902997
test_04936,0.00067002
test_04937,0.01670998
test_04938,0.01795000
test_04939,0.00116998
test_04940,0.05049002
test_04941,0.00542998
test_04942,0.05185002
test_04943,0.00304002
test_04944,0.00269002
test_04945,0.00599998
test_04946,0.00072002
test_04947,0.07323998
test_04948,0.00032002
test_04949,0.00927001
test_04950,0.00506002
test_04951,0.00518000
test_04952,0.00080001
test_04953,0.00151998
test_04954,0.00040001
test_04955,0.00006002
test_04956,0.00002998
test_04957,0.02231997
test_04958,0.25484997
test_04959,0.08611000
test_04960,0.54026002
test_04961,0.93564999
test_04962,0.99830002
test_04963,0.99996001
test_04964,0.99801999
test_04965,0.99962997
test_04966,1.00000000
test_04967,0.99359000
test_04968,0.71095997
test_04969,0.97487003
test_04970,0.99993998
test_04971,0.99985999
test_04972,0.99945998
test_04973,0.99194002
test_04974,0.98118001
test_04975,0.92815000
test_04976,0.98347998
test_04977,0.99847001
test_04978,0.64416999
test_04979,0.99629998
test_04980,0.99834001
test_04981,0.99996001
test_04982,0.99994999
test_04983,0.97907001
test_04984,0.97184002
test_04985,0.84889001
test_04986,0.68532997
test_04987,0.97276998
test_04988,0.99976999
test_04989,0.98159999
test_04990,0.99934000
test_04991,0.69872999
test_04992,0.01244998
test_04993,0.00002998
test_04994,0.00181001
test_04995,0.00084001
test_04996,0.06230003
test_04997,0.31949002
test_04998,0.39249003
test_04999,0.00838000
test_05000,0.00572997
test_05001,0.00001001
test_05002,0.08631998
test_05003,0.00024003
test_05004,0.00340003
test_05005,0.00264001
test_05006,0.04671001
test_05007,0.08171999
test_05008,0.00081003
test_05009,0.14581001
test_05010,0.27359998
test_05011,0.18278003
test_05012,0.00001001
test_05013,0.00011998
test_05014,0.00089002
test_05015,0.29451001
test_05016,0.19712001
test_05017,0.00099999
test_05018,0.07485002
test_05019,0.00639999
test_05020,0.00007999
test_05021,0.34377003
test_05022,0.00046998
test_05023,0.06638002
test_05024,0.99978000
test_05025,0.99627000
test_05026,0.98996001
test_05027,0.88422000
test_05028,0.99976999
test_05029,0.97016001
test_05030,0.99914002
test_05031,0.90899003
test_05032,0.99803001
test_05033,0.99765998
test_05034,0.76749998
test_05035,0.90709001
test_05036,0.99956000
test_05037,0.99975997
test_05038,0.99478000
test_05039,0.97851002
test_05040,0.98461998
test_05041,0.99746001
test_05042,0.99738002
test_05043,1.00000000
test_05044,0.98966998
test_05045,0.97776002
test_05046,0.98999000
test_05047,0.99945003
test_05048,0.84898001
test_05049,0.99997997
test_05050,0.76707000
test_05051,0.99811000
test_05052,0.59200001
test_05053,1.00000000
test_05054,0.99833000
test_05055,0.99115998
test_05056,0.38262999
test_05057,0.00142002
test_05058,0.07199001
test_05059,0.00797999
test_05060,0.07239997
test_05061,0.00001001
test_05062,0.12294000
test_05063,0.00001001
test_05064,0.43786001
test_05065,0.26191002
test_05066,0.00103998
test_05067,0.00006998
test_05068,0.00005001
test_05069,0.03210002
test_05070,0.31045997
test_05071,0.02982002
test_05072,0.27375001
test_05073,0.08763999
test_05074,0.22349000
test_05075,0.00863999
test_05076,0.00243998
test_05077,0.00171000
test_05078,0.00005001
test_05079,0.02055001
test_05080,0.00026000
test_05081,0.03047001
test_05082,0.00097001
test_05083,0.19540000
test_05084,0.02024001
test_05085,0.00015998
test_05086,0.00040001
test_05087,0.01552999
test_05088,0.98387003
test_05089,0.88609999
test_05090,0.69670999
test_05091,0.99998999
test_05092,0.99498999
test_05093,0.99434000
test_05094,0.99378002
test_05095,0.99856001
test_05096,0.62058997
test_05097,0.99961001
test_05098,0.99996001
test_05099,0.99274999
test_05100,0.99359000
test_05101,0.99848998
test_05102,0.83140999
test_05103,0.98593998
test_05104,0.99879003
test_05105,0.98611999
test_05106,0.99875998
test_05107,0.65166003
test_05108,0.91026998
test_05109,0.99673998
test_05110,0.99848002
test_05111,0.99201000
test_05112,0.76269001
test_05113,0.95512003
test_05114,0.96851999
test_05115,0.99381000
test_05116,0.97675002
test_05117,0.56766999
test_05118,0.95683998
test_05119,0.99902999
test_05120,0.98904002
test_05121,0.99961001
test_05122,0.62510002
test_05123,0.98193997
test_05124,0.95889997
test_05125,0.98979002
test_05126,0.63387001
test_05127,0.99975997
test_05128,0.73541999
test_05129,0.96548998
test_05130,0.99515003
test_05131,0.96670997
test_05132,0.97209001
test_05133,0.74234003
test_05134,0.77902001
test_05135,0.98111999
test_05136,0.52104002
test_05137,0.99994999
test_05138,0.98619002
test_05139,0.97996002
test_05140,1.00000000
test_05141,0.94753999
test_05142,0.99918002
test_05143,0.94503999
test_05144,0.52258998
test_05145,0.99605000
test_05146,0.99979001
test_05147,0.71432000
test_05148,0.68102998
test_05149,0.99908000
test_05150,0.63256001
test_05151,0.98995000
test_05152,0.99997002
test_05153,0.93023002
test_05154,0.80655003
test_05155,0.90091002
test_05156,0.99992001
test_05157,0.58322001
test_05158,0.97165000
test_05159,0.92996001
test_05160,0.92278999
test_05161,0.96460998
test_05162,0.97275001
test_05163,0.97220999
test_05164,0.69464999
test_05165,0.99087000
test_05166,0.99993998
test_05167,0.84723997
test_05168,0.58258998
test_05169,0.96809000
test_05170,0.99988002
test_05171,0.99997002
test_05172,0.97635001
test_05173,0.88369000
test_05174,0.78375000
test_05175,0.99664003
test_05176,0.76414001
test_05177,0.99658000
test_05178,0.65148002
test_05179,0.99586999
test_05180,0.74965000
test_05181,0.67237997
test_05182,0.78657001
test_05183,0.80160999
test_05184,0.99181998
test_05185,0.99996001
test_05186,1.00000000
test_05187,0.99994999
test_05188,0.99998999
test_05189,0.99953002
test_05190,0.99355000
test_05191,0.98688000
test_05192,0.99953002
test_05193,0.95621997
test_05194,0.75410998
test_05195,0.90758997
test_05196,0.90039003
test_05197,0.85596001
test_05198,0.99891001
test_05199,0.99997002
test_05200,0.99910003
test_05201,0.99994999
test_05202,0.89510000
test_05203,0.99954998
test_05204,0.99374998
test_05205,0.55364001
test_05206,0.96051002
test_05207,0.82940000
test_05208,0.98062998
test_05209,0.99773997
test_05210,0.99972999
test_05211,0.90311998
test_05212,0.99981999
test_05213,0.87203002
test_05214,0.99068999
test_05215,0.99703997
test_05216,0.95199001
test_05217,0.99529999
test_05218,0.99794000
test_05219,0.93826002
test_05220,0.99987000
test_05221,0.99763000
test_05222,0.88110000
test_05223,0.99466997
test_05224,0.65423000
test_05225,0.99998999
test_05226,0.99975997
test_05227,0.99392003
test_05228,0.99713999
test_05229,0.64563000
test_05230,0.76371998
test_05231,0.67569000
test_05232,0.82246000
test_05233,0.99971002
test_05234,0.96913999
test_05235,0.98411000
test_05236,0.90915000
test_05237,0.90438998
test_05238,0.98772001
test_05239,0.98901999
test_05240,0.97382998
test_05241,0.98334002
test_05242,0.81466001
test_05243,0.89232999
test_05244,0.61804998
test_05245,0.99970001
test_05246,0.94369000
test_05247,0.87970001
test_05248,0.27152002
test_05249,0.00516999
test_05250,0.20533001
test_05251,0.00000000
test_05252,0.00340003
test_05253,0.47974998
test_05254,0.18954003
test_05255,0.00857002
test_05256,0.05404001
test_05257,0.03236002
test_05258,0.35860997
test_05259,0.00038999
test_05260,0.02977997
test_05261,0.00014001
test_05262,0.08153999
test_05263,0.00015998
test_05264,0.17172998
test_05265,0.01331002
test_05266,0.00181001
test_05267,0.00221997
test_05268,0.06866002
test_05269,0.14664000
test_05270,0.05229998
test_05271,0.00488001
test_05272,0.00304002
test_05273,0.07176000
test_05274,0.11960000
test_05275,0.08012003
test_05276,0.00063002
test_05277,0.17869002
test_05278,0.00072998
test_05279,0.01435000
test_05280,0.90640998
test_05281,0.99852997
test_05282,0.51574999
test_05283,0.99972999
test_05284,0.99957001
test_05285,0.87857997
test_05286,0.99997002
test_05287,0.99352998
test_05288,0.99396998
test_05289,0.99684000
test_05290,0.99010003
test_05291,1.00000000
test_05292,0.99988002
test_05293,0.95093000
test_05294,0.95093000
test_05295,0.99998999
test_05296,0.86912000
test_05297,0.53644001
test_05298,0.99851000
test_05299,0.60904002
test_05300,0.98903000
test_05301,0.99989003
test_05302,0.99071997
test_05303,0.99994999
test_05304,0.97665000
test_05305,0.99448001
test_05306,0.63835001
test_05307,0.90122998
test_05308,1.00000000
test_05309,0.99817997
test_05310,0.72049999
test_05311,0.86304998
test_05312,0.99757999
test_05313,0.99997997
test_05314,0.94809997
test_05315,0.90438002
test_05316,0.99725997
test_05317,0.99965000
test_05318,0.99549001
test_05319,0.99996001
test_05320,0.99469000
test_05321,1.00000000
test_05322,0.91917998
test_05323,0.97476000
test_05324,0.99970001
test_05325,0.99870998
test_05326,0.99983001
test_05327,0.98123002
test_05328,0.71065998
test_05329,0.99637997
test_05330,0.99221998
test_05331,0.98128003
test_05332,0.98926002
test_05333,0.97408003
test_05334,0.99831998
test_05335,0.83871001
test_05336,0.98650002
test_05337,1.00000000
test_05338,0.99992001
test_05339,0.98948002
test_05340,0.88278002
test_05341,0.67811000
test_05342,0.98229003
test_05343,0.87304997
test_05344,0.00156999
test_05345,0.49298000
test_05346,0.00002998
test_05347,0.02873999
test_05348,0.00332999
test_05349,0.01840001
test_05350,0.07409000
test_05351,0.00066000
test_05352,0.00145000
test_05353,0.00220001
test_05354,0.00562000
test_05355,0.01418000
test_05356,0.23460001
test_05357,0.12514001
test_05358,0.25405002
test_05359,0.00000000
test_05360,0.00041002
test_05361,0.01506001
test_05362,0.00142998
test_05363,0.00129002
test_05364,0.00002998
test_05365,0.44571000
test_05366,0.35250002
test_05367,0.00164002
test_05368,0.35723001
test_05369,0.01459002
test_05370,0.00037998
test_05371,0.02113998
test_05372,0.01231998
test_05373,0.00002003
test_05374,0.02787000
test_05375,0.00165999
test_05376,0.00238001
test_05377,0.00001001
test_05378,0.00076002
test_05379,0.00020999
test_05380,0.23874003
test_05381,0.00098002
test_05382,0.01222998
test_05383,0.02144003
test_05384,0.40587997
test_05385,0.08740997
test_05386,0.00294000
test_05387,0.00000000
test_05388,0.00001001
test_05389,0.00102001
test_05390,0.00064999
test_05391,0.00046003
test_05392,0.00261998
test_05393,0.46232998
test_05394,0.00015002
test_05395,0.02860999
test_05396,0.06862998
test_05397,0.00013000
test_05398,0.02596003
test_05399,0.36896002
test_05400,0.40425998
test_05401,0.09697998
test_05402,0.02371001
test_05403,0.01393998
test_05404,0.03144002
test_05405,0.00480002
test_05406,0.00029999
test_05407,0.08871001
test_05408,0.91056001
test_05409,0.99969000
test_05410,0.99988002
test_05411,0.99993002
test_05412,0.99716002
test_05413,0.98381001
test_05414,0.99716997
test_05415,0.91833001
test_05416,0.97904998
test_05417,0.59249002
test_05418,0.98541999
test_05419,0.98638999
test_05420,0.85802001
test_05421,0.99976999
test_05422,0.60566998
test_05423,0.98917001
test_05424,0.98473001
test_05425,0.93475002
test_05426,0.99268001
test_05427,0.99965000
test_05428,0.99998999
test_05429,0.99983001
test_05430,0.99913001
test_05431,0.93526000
test_05432,0.99873000
test_05433,0.99852997
test_05434,0.99989998
test_05435,0.99190003
test_05436,0.76129001
test_05437,0.98111999
test_05438,0.97283000
test_05439,0.91970998
test_05440,0.00384003
test_05441,0.00026000
test_05442,0.00458002
test_05443,0.16305000
test_05444,0.03086001
test_05445,0.02863997
test_05446,0.30013001
test_05447,0.00804001
test_05448,0.00923002
test_05449,0.00463003
test_05450,0.00190997
test_05451,0.09635001
test_05452,0.00000000
test_05453,0.00007999
test_05454,0.27489001
test_05455,0.08089000
test_05456,0.00826001
test_05457,0.00089997
test_05458,0.04290998
test_05459,0.02042001
test_05460,0.00000000
test_05461,0.44095999
test_05462,0.00174999
test_05463,0.00036001
test_05464,0.00059003
test_05465,0.07528001
test_05466,0.00003999
test_05467,0.36008000
test_05468,0.18340999
test_05469,0.09644002
test_05470,0.14130998
test_05471,0.03970999
test_05472,0.99996001
test_05473,0.89989001
test_05474,0.98869997
test_05475,0.99959999
test_05476,0.97337002
test_05477,0.95261002
test_05478,0.99959999
test_05479,0.99778998
test_05480,0.98229998
test_05481,0.98320001
test_05482,0.83161998
test_05483,0.99633998
test_05484,0.81377000
test_05485,0.98958999
test_05486,0.68936002
test_05487,0.66029000
test_05488,0.99773997
test_05489,0.84055001
test_05490,0.99975002
test_05491,0.99653000
test_05492,0.99453998
test_05493,0.87921000
test_05494,0.89230001
test_05495,0.99992001
test_05496,0.99984002
test_05497,0.73294002
test_05498,0.95437998
test_05499,0.85181999
test_05500,0.99958998
test_05501,0.99448001
test_05502,0.99993998
test_05503,0.99750000
test_05504,0.99989998
test_05505,0.83495998
test_05506,0.83319998
test_05507,0.98812997
test_05508,0.99997997
test_05509,0.99967003
test_05510,0.99710000
test_05511,0.99180001
test_05512,0.90272999
test_05513,0.85712999
test_05514,0.98277998
test_05515,0.98269999
test_05516,0.58323002
test_05517,0.99245000
test_05518,0.56367999
test_05519,0.73118001
test_05520,0.62531000
test_05521,0.99839002
test_05522,0.99580002
test_05523,0.99554002
test_05524,0.98869002
test_05525,0.98773998
test_05526,0.98209000
test_05527,0.93997997
test_05528,0.99851000
test_05529,0.99984998
test_05530,0.54522997
test_05531,0.71117997
test_05532,0.99936002
test_05533,0.82986999
test_05534,0.99980998
test_05535,0.99910003
test_05536,0.99638999
test_05537,0.99976999
test_05538,0.99844998
test_05539,0.99800998
test_05540,0.76033002
test_05541,0.85637999
test_05542,0.82827002
test_05543,0.99287999
test_05544,1.00000000
test_05545,0.98806000
test_05546,0.99795002
test_05547,0.99993998
test_05548,0.99998999
test_05549,0.76670003
test_05550,0.98768997
test_05551,0.94643003
test_05552,0.87840003
test_05553,0.99993998
test_05554,0.99945003
test_05555,0.99962002
test_05556,0.99919999
test_05557,0.84859002
test_05558,0.68299001
test_05559,0.99875998
test_05560,0.99983001
test_05561,0.87519997
test_05562,0.99989998
test_05563,0.95397002
test_05564,0.96605998
test_05565,0.99831003
test_05566,0.53053999
test_05567,0.99967003
test_05568,0.97794002
test_05569,0.94462001
test_05570,0.99835998
test_05571,1.00000000
test_05572,1.00000000
test_05573,0.99997002
test_05574,0.62699002
test_05575,0.94406003
test_05576,0.85620999
test_05577,0.99798000
test_05578,0.99799001
test_05579,0.99330997
test_05580,0.74186999
test_05581,0.90906000
test_05582,0.99996001
test_05583,0.98951000
test_05584,0.99931997
test_05585,0.99945998
test_05586,0.76381999
test_05587,0.99308002
test_05588,0.99787003
test_05589,1.00000000
test_05590,0.78803003
test_05591,0.99523002
test_05592,0.99676001
test_05593,0.99993002
test_05594,0.96796000
test_05595,0.99997002
test_05596,0.97385001
test_05597,0.98716998
test_05598,0.94242001
test_05599,0.84367001
test_05600,0.99891001
test_05601,0.99940002
test_05602,0.59783000
test_05603,0.71288002
test_05604,0.99994999
test_05605,0.98916000
test_05606,0.99552000
test_05607,0.66426003
test_05608,0.99953997
test_05609,0.99629998
test_05610,1.00000000
test_05611,0.60711002
test_05612,0.76691997
test_05613,0.76144999
test_05614,0.83041000
test_05615,0.98303002
test_05616,0.67287999
test_05617,0.62981999
test_05618,0.99998999
test_05619,0.85061997
test_05620,0.66298997
test_05621,0.88542998
test_05622,0.99996001
test_05623,0.99961001
test_05624,0.99901003
test_05625,0.99940997
test_05626,0.85262001
test_05627,0.99935001
test_05628,0.90346998
test_05629,0.80466002
test_05630,0.99625999
test_05631,0.93559998
test_05632,0.99989998
test_05633,0.97548997
test_05634,0.99861002
test_05635,0.69650000
test_05636,0.74338001
test_05637,0.99971998
test_05638,0.95339000
test_05639,0.99716997
test_05640,0.99966002
test_05641,0.96565002
test_05642,0.99923998
test_05643,0.52648002
test_05644,0.97275001
test_05645,0.98622000
test_05646,0.93279999
test_05647,0.50665998
test_05648,0.99699998
test_05649,0.99901998
test_05650,0.99811000
test_05651,0.75559998
test_05652,0.99752998
test_05653,0.76766002
test_05654,0.99691999
test_05655,0.99991000
test_05656,0.74694002
test_05657,0.99730998
test_05658,0.98420000
test_05659,0.99972999
test_05660,0.99985999
test_05661,0.88567001
test_05662,0.99561000
test_05663,0.99959999
test_05664,0.98659998
test_05665,0.74168998
test_05666,0.99598002
test_05667,0.99778003
test_05668,0.85382003
test_05669,0.99480999
test_05670,0.99743003
test_05671,0.76852000
test_05672,0.79443997
test_05673,0.98522002
test_05674,0.99339998
test_05675,0.96423000
test_05676,0.99804997
test_05677,0.58974999
test_05678,0.99949998
test_05679,0.95221001
test_05680,0.99994999
test_05681,0.93006998
test_05682,0.54942000
test_05683,0.99246001
test_05684,0.91075999
test_05685,0.63451999
test_05686,0.81206000
test_05687,0.99949002
test_05688,0.89282000
test_05689,0.99997997
test_05690,0.99776000
test_05691,1.00000000
test_05692,0.92905003
test_05693,0.99991000
test_05694,0.99966002
test_05695,0.99989003
test_05696,0.99891001
test_05697,0.79995000
test_05698,0.98567998
test_05699,0.99901003
test_05700,0.99983001
test_05701,0.99922001
test_05702,0.96869999
test_05703,1.00000000
test_05704,0.99948001
test_05705,0.51691997
test_05706,0.79913998
test_05707,0.77070999
test_05708,0.63322002
test_05709,0.96974999
test_05710,0.99989003
test_05711,0.97599000
test_05712,0.99880999
test_05713,0.67089999
test_05714,0.99953997
test_05715,0.97575003
test_05716,0.99994999
test_05717,0.99980003
test_05718,0.99931997
test_05719,0.91946000
test_05720,0.99809998
test_05721,0.99962002
test_05722,0.94344002
test_05723,0.89201999
test_05724,0.99998999
test_05725,0.99348003
test_05726,0.99974000
test_05727,0.99983001
test_05728,0.99603999
test_05729,0.99268001
test_05730,0.99984998
test_05731,0.99970001
test_05732,0.99506003
test_05733,0.99984998
test_05734,0.99041998
test_05735,0.99585003
test_05736,0.85417998
test_05737,0.98571002
test_05738,0.76304001
test_05739,0.78968000
test_05740,0.97017998
test_05741,0.97987998
test_05742,0.94929999
test_05743,0.82375997
test_05744,0.62546998
test_05745,0.97908998
test_05746,0.99550003
test_05747,0.98088998
test_05748,0.95608997
test_05749,0.99901003
test_05750,0.94357002
test_05751,0.99403000
test_05752,0.84916002
test_05753,0.99239999
test_05754,0.99997997
test_05755,0.98973000
test_05756,0.95788002
test_05757,0.99724001
test_05758,0.99067003
test_05759,0.99944001
test_05760,0.32416999
test_05761,0.20898002
test_05762,0.00229001
test_05763,0.00002998
test_05764,0.00098997
test_05765,0.00325000
test_05766,0.19237000
test_05767,0.02779001
test_05768,0.00062001
test_05769,0.00424999
test_05770,0.00005001
test_05771,0.02710003
test_05772,0.36567003
test_05773,0.00002003
test_05774,0.02451998
test_05775,0.09539002
test_05776,0.00498998
test_05777,0.00003999
test_05778,0.00116003
test_05779,0.48008001
test_05780,0.00594002
test_05781,0.22795999
test_05782,0.00116998
test_05783,0.05124998
test_05784,0.00226003
test_05785,0.14644998
test_05786,0.01173002
test_05787,0.48509002
test_05788,0.27719003
test_05789,0.00275999
test_05790,0.05023003
test_05791,0.00616002
test_05792,0.94353002
test_05793,0.99989003
test_05794,0.87659001
test_05795,0.99403000
test_05796,0.99734998
test_05797,0.99992001
test_05798,0.94483000
test_05799,0.99998999
test_05800,0.99586999
test_05801,0.89081001
test_05802,0.97210002
test_05803,0.99577999
test_05804,0.99902999
test_05805,0.98759001
test_05806,0.98606998
test_05807,0.99291003
test_05808,0.73684001
test_05809,0.99110001
test_05810,1.00000000
test_05811,0.97839999
test_05812,0.99965000
test_05813,0.99997997
test_05814,0.99949002
test_05815,0.65028000
test_05816,0.98891002
test_05817,0.92540997
test_05818,0.97504997
test_05819,0.99838001
test_05820,0.88576001
test_05821,0.56217998
test_05822,0.53996998
test_05823,0.97152001
test_05824,0.06573999
test_05825,0.03070003
test_05826,0.09368998
test_05827,0.00275999
test_05828,0.27025998
test_05829,0.00221997
test_05830,0.13169998
test_05831,0.00362998
test_05832,0.40358001
test_05833,0.40728003
test_05834,0.00116998
test_05835,0.00000000
test_05836,0.00577998
test_05837,0.31599998
test_05838,0.08138001
test_05839,0.00073999
test_05840,0.00001001
test_05841,0.33023000
test_05842,0.00001001
test_05843,0.07413000
test_05844,0.04210001
test_05845,0.00880998
test_05846,0.44002002
test_05847,0.00049001
test_05848,0.12357998
test_05849,0.00177002
test_05850,0.31704003
test_05851,0.12140000
test_05852,0.00040001
test_05853,0.04771000
test_05854,0.46853000
test_05855,0.00005001
test_05856,0.99989998
test_05857,0.82387000
test_05858,0.81733000
test_05859,0.59789997
test_05860,0.99663001
test_05861,0.99974000
test_05862,0.66613001
test_05863,0.94220001
test_05864,0.68396002
test_05865,0.99690998
test_05866,0.96719998
test_05867,1.00000000
test_05868,0.86594999
test_05869,0.99975997
test_05870,0.99390000
test_05871,0.99971002
test_05872,0.99993998
test_05873,0.97263998
test_05874,0.99721003
test_05875,0.99965000
test_05876,0.99945998
test_05877,0.98369002
test_05878,0.99992001
test_05879,0.99276000
test_05880,0.99168003
test_05881,0.99962997
test_05882,0.99997997
test_05883,0.99921000
test_05884,0.99997997
test_05885,0.86578000
test_05886,0.98773998
test_05887,0.94433999
test_05888,0.00005001
test_05889,0.38251001
test_05890,0.00001001
test_05891,0.36606002
test_05892,0.00299001
test_05893,0.00440001
test_05894,0.06740999
test_05895,0.02414000
test_05896,0.00537002
test_05897,0.17851001
test_05898,0.00019002
test_05899,0.00001001
test_05900,0.01418000
test_05901,0.20583999
test_05902,0.00000000
test_05903,0.16689998
test_05904,0.00992000
test_05905,0.20081002
test_05906,0.01147002
test_05907,0.11211997
test_05908,0.00422001
test_05909,0.35405999
test_05910,0.00006998
test_05911,0.00770003
test_05912,0.12808001
test_05913,0.01779997
test_05914,0.00566000
test_05915,0.00178999
test_05916,0.20551997
test_05917,0.28421998
test_05918,0.36852002
test_05919,0.00058001
test_05920,0.52380002
test_05921,0.99537998
test_05922,0.99991000
test_05923,1.00000000
test_05924,0.89687997
test_05925,0.99994999
test_05926,0.95907003
test_05927,0.96162999
test_05928,0.99985999
test_05929,0.99734998
test_05930,0.94872999
test_05931,0.99997997
test_05932,0.99142998
test_05933,0.97927999
test_05934,0.96671999
test_05935,0.62563002
test_05936,0.99315000
test_05937,0.55181003
test_05938,1.00000000
test_05939,0.99748999
test_05940,0.98926997
test_05941,0.99997997
test_05942,0.99680001
test_05943,0.99795997
test_05944,0.99901998
test_05945,0.92439997
test_05946,0.88402998
test_05947,0.99996001
test_05948,0.99447000
test_05949,0.96249002
test_05950,0.99857998
test_05951,0.86896998
test_05952,0.00085998
test_05953,0.00002003
test_05954,0.08173001
test_05955,0.06762999
test_05956,0.02104002
test_05957,0.00586998
test_05958,0.00000000
test_05959,0.00045002
test_05960,0.01831001
test_05961,0.00155997
test_05962,0.00283003
test_05963,0.00048000
test_05964,0.08029997
test_05965,0.01657999
test_05966,0.09323001
test_05967,0.25929999
test_05968,0.00001001
test_05969,0.00015002
test_05970,0.03328001
test_05971,0.00015002
test_05972,0.00007999
test_05973,0.01051003
test_05974,0.00169998
test_05975,0.03461999
test_05976,0.30829000
test_05977,0.01861000
test_05978,0.20818001
test_05979,0.01863003
test_05980,0.00239003
test_05981,0.04319000
test_05982,0.00063998
test_05983,0.00133997
test_05984,0.29447001
test_05985,0.00151002
test_05986,0.15816998
test_05987,0.00085998
test_05988,0.00475001
test_05989,0.00019997
test_05990,0.00042999
test_05991,0.03496999
test_05992,0.14421999
test_05993,0.00523001
test_05994,0.30495000
test_05995,0.02855998
test_05996,0.42060000
test_05997,0.00059998
test_05998,0.11886001
test_05999,0.05312997
test_06000,0.00281000
test_06001,0.00752002
test_06002,0.02785999
test_06003,0.00024998
test_06004,0.00015002
test_06005,0.00002003
test_06006,0.00055999
test_06007,0.00331002
test_06008,0.01169002
test_06009,0.00484002
test_06010,0.15706998
test_06011,0.12551999
test_06012,0.00199002
test_06013,0.19458997
test_06014,0.07265002
test_06015,0.00216001
test_06016,0.03941000
test_06017,0.07170999
test_06018,0.28706998
test_06019,0.03961003
test_06020,0.04751003
test_06021,0.21237999
test_06022,0.19871998
test_06023,0.12927997
test_06024,0.00340003
test_06025,0.00005001
test_06026,0.19502997
test_06027,0.00020999
test_06028,0.04571003
test_06029,0.36401999
test_06030,0.00001001
test_06031,0.01279998
test_06032,0.00300002
test_06033,0.00651997
test_06034,0.20436001
test_06035,0.00018001
test_06036,0.03943998
test_06037,0.00779003
test_06038,0.00002998
test_06039,0.00071001
test_06040,0.28277999
test_06041,0.22022003
test_06042,0.00063002
test_06043,0.00567001
test_06044,0.00001001
test_06045,0.09575999
test_06046,0.03030998
test_06047,0.08214998
test_06048,0.74324000
test_06049,0.97387999
test_06050,0.64792001
test_06051,0.99831003
test_06052,0.99665999
test_06053,0.99572003
test_06054,0.96372998
test_06055,0.99975997
test_06056,1.00000000
test_06057,0.98951000
test_06058,0.99629003
test_06059,0.99943000
test_06060,0.99994999
test_06061,0.99993998
test_06062,0.95469999
test_06063,0.99989998
test_06064,0.97876000
test_06065,0.95937002
test_06066,0.73111999
test_06067,0.97140002
test_06068,0.99976999
test_06069,0.91908002
test_06070,0.99261999
test_06071,0.98523003
test_06072,0.99773997
test_06073,0.99962997
test_06074,0.76384002
test_06075,0.97026002
test_06076,0.99668998
test_06077,0.99882001
test_06078,0.90684003
test_06079,1.00000000
test_06080,0.95829999
test_06081,0.99972999
test_06082,0.71610999
test_06083,0.53468001
test_06084,0.99949998
test_06085,0.99989998
test_06086,0.78911000
test_06087,0.96723998
test_06088,0.77847999
test_06089,0.90654999
test_06090,0.99993002
test_06091,0.98641002
test_06092,0.99943000
test_06093,0.87327999
test_06094,0.99994999
test_06095,0.92145997
test_06096,0.99979001
test_06097,0.85026002
test_06098,0.60505998
test_06099,0.98329002
test_06100,0.99033999
test_06101,0.99364001
test_06102,1.00000000
test_06103,0.99996001
test_06104,0.99978000
test_06105,0.99179000
test_06106,0.99993998
test_06107,0.79763001
test_06108,0.60956001
test_06109,0.99364001
test_06110,0.97830999
test_06111,0.98320001
test_06112,0.98345000
test_06113,0.95388001
test_06114,0.80537999
test_06115,0.99984998
test_06116,0.99782002
test_06117,0.99826998
test_06118,0.98253000
test_06119,0.99993998
test_06120,0.95854002
test_06121,0.66964000
test_06122,0.50476998
test_06123,0.55571002
test_06124,0.97249001
test_06125,0.99991000
test_06126,0.77171999
test_06127,0.87270999
test_06128,0.98395002
test_06129,0.67979997
test_06130,0.96881998
test_06131,0.88015997
test_06132,1.00000000
test_06133,0.87643999
test_06134,0.91235000
test_06135,0.99972999
test_06136,1.00000000
test_06137,0.99987000
test_06138,0.94164002
test_06139,1.00000000
test_06140,0.81417000
test_06141,0.84890997
test_06142,0.99981999
test_06143,0.91668999
test_06144,0.99719000
test_06145,0.91544002
test_06146,0.95934999
test_06147,0.74441999
test_06148,0.99892002
test_06149,0.93019003
test_06150,0.96529001
test_06151,0.99620003
test_06152,0.99879003
test_06153,0.99953997
test_06154,0.89599001
test_06155,0.95550001
test_06156,0.99816000
test_06157,0.98286003
test_06158,0.99265999
test_06159,0.88681000
test_06160,0.81197000
test_06161,0.92865002
test_06162,0.77702999
test_06163,0.69147003
test_06164,0.61726999
test_06165,0.79158002
test_06166,0.73192000
test_06167,0.56765997
test_06168,0.82255000
test_06169,0.99926001
test_06170,0.99689001
test_06171,0.99735999
test_06172,0.99965000
test_06173,0.97779000
test_06174,0.78801000
test_06175,0.99866003
test_06176,0.96015000
test_06177,0.99730003
test_06178,0.99807000
test_06179,0.99491000
test_06180,0.99853998
test_06181,0.51674002
test_06182,0.74364001
test_06183,0.99997002
test_06184,0.63857001
test_06185,0.76990998
test_06186,0.99789000
test_06187,0.99899000
test_06188,0.71465999
test_06189,0.99818999
test_06190,0.56839001
test_06191,0.89481002
test_06192,0.99536997
test_06193,0.96550000
test_06194,0.80699003
test_06195,0.92334998
test_06196,0.99953002
test_06197,0.99649000
test_06198,0.79030001
test_06199,0.90675998
test_06200,0.99994999
test_06201,1.00000000
test_06202,0.69296002
test_06203,0.74680001
test_06204,0.71591002
test_06205,0.99703002
test_06206,0.93243003
test_06207,0.89507002
test_06208,0.00172001
test_06209,0.00041997
test_06210,0.00001001
test_06211,0.05737001
test_06212,0.00110000
test_06213,0.10246998
test_06214,0.44305998
test_06215,0.00114000
test_06216,0.01362997
test_06217,0.00019002
test_06218,0.02221000
test_06219,0.46156001
test_06220,0.00505000
test_06221,0.01561999
test_06222,0.00114000
test_06223,0.48870999
test_06224,0.02214003
test_06225,0.09803998
test_06226,0.00822997
test_06227,0.00006998
test_06228,0.00257999
test_06229,0.00006002
test_06230,0.15913999
test_06231,0.00050998
test_06232,0.06361002
test_06233,0.00976002
test_06234,0.05554998
test_06235,0.04439998
test_06236,0.26422000
test_06237,0.13072002
test_06238,0.17258000
test_06239,0.00072002
test_06240,0.84741998
test_06241,0.99101001
test_06242,0.99813002
test_06243,0.99601001
test_06244,0.53786999
test_06245,0.99422997
test_06246,0.99901998
test_06247,0.99254000
test_06248,1.00000000
test_06249,0.99211001
test_06250,0.99989003
test_06251,0.55638999
test_06252,0.74532002
test_06253,0.98559999
test_06254,0.99900001
test_06255,0.98513001
test_06256,0.99919999
test_06257,0.99993998
test_06258,0.99893999
test_06259,0.54424000
test_06260,0.99935001
test_06261,0.96785003
test_06262,0.99764001
test_06263,0.99956000
test_06264,0.99098998
test_06265,0.86575001
test_06266,0.99967998
test_06267,0.98834002
test_06268,0.99997997
test_06269,0.73697001
test_06270,0.70589000
test_06271,0.99944001
test_06272,0.99998999
test_06273,0.95773000
test_06274,0.97079998
test_06275,0.98951000
test_06276,0.99636000
test_06277,0.99962997
test_06278,0.64449000
test_06279,0.99150997
test_06280,0.76595002
test_06281,0.98997003
test_06282,0.99926001
test_06283,0.94523001
test_06284,0.78153998
test_06285,0.52007002
test_06286,0.86572999
test_06287,0.99949002
test_06288,0.67342001
test_06289,0.58875000
test_06290,0.97223002
test_06291,0.77032000
test_06292,0.97988999
test_06293,0.99937999
test_06294,0.89112997
test_06295,0.99984998
test_06296,0.91260999
test_06297,0.99397999
test_06298,1.00000000
test_06299,0.99144000
test_06300,0.99956000
test_06301,0.50601000
test_06302,0.99900001
test_06303,0.99994999
test_06304,0.99997997
test_06305,0.78922999
test_06306,0.98771000
test_06307,0.97921002
test_06308,0.97319001
test_06309,0.98168999
test_06310,0.99848002
test_06311,0.96640003
test_06312,0.59382999
test_06313,0.57691002
test_06314,0.97437000
test_06315,0.84605002
test_06316,0.80685002
test_06317,0.99984998
test_06318,0.99962997
test_06319,0.99905002
test_06320,0.99926001
test_06321,0.99887002
test_06322,0.99972999
test_06323,0.98800999
test_06324,0.99798000
test_06325,0.99124998
test_06326,0.83986002
test_06327,0.99979001
test_06328,0.99994999
test_06329,0.72272998
test_06330,0.99967003
test_06331,0.82020003
test_06332,0.88862997
test_06333,0.99998999
test_06334,0.99891001
test_06335,0.91539001
test_06336,0.21785998
test_06337,0.36519003
test_06338,0.00445002
test_06339,0.00000000
test_06340,0.00000000
test_06341,0.00022000
test_06342,0.00186002
test_06343,0.39213997
test_06344,0.13071001
test_06345,0.03986001
test_06346,0.00001001
test_06347,0.38316000
test_06348,0.00182998
test_06349,0.01713002
test_06350,0.01672000
test_06351,0.00103003
test_06352,0.17361999
test_06353,0.00321001
test_06354,0.22068000
test_06355,0.47048002
test_06356,0.00006002
test_06357,0.00006002
test_06358,0.00032002
test_06359,0.00002003
test_06360,0.00116003
test_06361,0.05028999
test_06362,0.02495003
test_06363,0.30901998
test_06364,0.49502999
test_06365,0.27301002
test_06366,0.02737999
test_06367,0.02441001
test_06368,0.98584002
test_06369,0.99852997
test_06370,0.97807002
test_06371,0.62796998
test_06372,0.62159002
test_06373,1.00000000
test_06374,0.95595998
test_06375,0.92619997
test_06376,0.86719000
test_06377,0.71259999
test_06378,0.96499997
test_06379,0.99843001
test_06380,0.72372001
test_06381,0.99972999
test_06382,0.99730003
test_06383,0.84535003
test_06384,0.99335003
test_06385,0.99827999
test_06386,0.99979001
test_06387,0.99998999
test_06388,0.99335003
test_06389,0.62497997
test_06390,0.99791002
test_06391,0.99811000
test_06392,0.78154999
test_06393,0.98531002
test_06394,0.99997002
test_06395,0.98082000
test_06396,0.91720998
test_06397,0.99852002
test_06398,0.99502999
test_06399,0.74720001
test_06400,0.17154002
test_06401,0.31869000
test_06402,0.05307001
test_06403,0.29743999
test_06404,0.12731999
test_06405,0.00005001
test_06406,0.00029999
test_06407,0.00105000
test_06408,0.00511998
test_06409,0.00002003
test_06410,0.00500000
test_06411,0.19713998
test_06412,0.22039998
test_06413,0.03968000
test_06414,0.02406001
test_06415,0.03157997
test_06416,0.01126999
test_06417,0.02346998
test_06418,0.04496998
test_06419,0.00068003
test_06420,0.00081003
test_06421,0.14848000
test_06422,0.00123000
test_06423,0.10237002
test_06424,0.03184003
test_06425,0.04685998
test_06426,0.19279999
test_06427,0.00765002
test_06428,0.01038003
test_06429,0.00016999
test_06430,0.10702002
test_06431,0.00746000
test_06432,0.00060999
test_06433,0.27985001
test_06434,0.02524000
test_06435,0.25782001
test_06436,0.04707998
test_06437,0.22671002
test_06438,0.00907999
test_06439,0.00007999
test_06440,0.07615000
test_06441,0.07099003
test_06442,0.21802998
test_06443,0.18295002
test_06444,0.16176999
test_06445,0.00108999
test_06446,0.03878999
test_06447,0.00843000
test_06448,0.00006002
test_06449,0.00045002
test_06450,0.00199997
test_06451,0.00410998
test_06452,0.00080001
test_06453,0.00915998
test_06454,0.00556999
test_06455,0.00013000
test_06456,0.05707997
test_06457,0.00022000
test_06458,0.08797997
test_06459,0.00070000
test_06460,0.00221997
test_06461,0.00608999
test_06462,0.00002998
test_06463,0.00045002
test_06464,0.02130997
test_06465,0.47438002
test_06466,0.11908001
test_06467,0.01157999
test_06468,0.00173998
test_06469,0.00014001
test_06470,0.00432998
test_06471,0.00768000
test_06472,0.44243002
test_06473,0.00024998
test_06474,0.00427002
test_06475,0.03495002
test_06476,0.00426000
test_06477,0.35696000
test_06478,0.00305998
test_06479,0.00049001
test_06480,0.01080000
test_06481,0.09311998
test_06482,0.00120002
test_06483,0.36584997
test_06484,0.00119001
test_06485,0.00577003
test_06486,0.26929998
test_06487,0.48365998
test_06488,0.00222999
test_06489,0.00013000
test_06490,0.00019997
test_06491,0.04632998
test_06492,0.00013000
test_06493,0.01170999
test_06494,0.09083998
test_06495,0.00000000
test_06496,0.10065001
test_06497,0.00014001
test_06498,0.00006998
test_06499,0.04483998
test_06500,0.31028998
test_06501,0.00095999
test_06502,0.00590998
test_06503,0.41734999
test_06504,0.00186002
test_06505,0.00415999
test_06506,0.28267998
test_06507,0.00002003
test_06508,0.00620002
test_06509,0.19643998
test_06510,0.13274997
test_06511,0.01835001
test_06512,0.19981998
test_06513,0.12542999
test_06514,0.13097000
test_06515,0.00007999
test_06516,0.00045002
test_06517,0.01160002
test_06518,0.01124001
test_06519,0.00208998
test_06520,0.16882998
test_06521,0.00221002
test_06522,0.01261997
test_06523,0.00000000
test_06524,0.14903998
test_06525,0.05656999
test_06526,0.00046998
test_06527,0.00458002
test_06528,0.98016000
test_06529,0.98635000
test_06530,0.57268000
test_06531,0.94784999
test_06532,0.98786002
test_06533,0.99998999
test_06534,0.99453998
test_06535,0.99969000
test_06536,0.69628000
test_06537,0.82112998
test_06538,0.99989003
test_06539,0.75869000
test_06540,0.81634003
test_06541,0.99564999
test_06542,0.99276000
test_06543,0.72705001
test_06544,0.75230998
test_06545,0.99980998
test_06546,0.93726999
test_06547,0.88458002
test_06548,0.99847001
test_06549,0.97868001
test_06550,0.99994999
test_06551,0.92014998
test_06552,0.96767002
test_06553,0.99453998
test_06554,0.75883001
test_06555,0.67610002
test_06556,0.99991000
test_06557,0.89695001
test_06558,0.75619000
test_06559,0.84231001
test_06560,0.79931003
test_06561,0.67249000
test_06562,0.99998999
test_06563,0.87924999
test_06564,0.82648998
test_06565,0.99844998
test_06566,0.99743998
test_06567,0.74246001
test_06568,0.99985999
test_06569,0.87813997
test_06570,0.88769001
test_06571,0.99937999
test_06572,0.93866998
test_06573,0.96995002
test_06574,0.99274999
test_06575,0.93374997
test_06576,0.99954998
test_06577,0.99994999
test_06578,0.99991000
test_06579,0.91737998
test_06580,0.93133003
test_06581,0.76260000
test_06582,0.99299002
test_06583,0.85482001
test_06584,0.99514002
test_06585,0.91013998
test_06586,0.65439999
test_06587,0.99978000
test_06588,0.80407000
test_06589,0.87921000
test_06590,0.99984998
test_06591,0.99901003
test_06592,0.99813998
test_06593,0.95003998
test_06594,0.91885000
test_06595,0.98172998
test_06596,0.73940998
test_06597,0.83456999
test_06598,0.99980998
test_06599,0.99449003
test_06600,0.99833000
test_06601,0.96445000
test_06602,0.83394003
test_06603,0.91639000
test_06604,0.72872001
test_06605,0.99918002
test_06606,0.95249999
test_06607,0.97702003
test_06608,0.99559999
test_06609,0.99949002
test_06610,0.99989998
test_06611,0.98284000
test_06612,0.99675000
test_06613,0.99988002
test_06614,0.99511999
test_06615,0.73448998
test_06616,0.99597001
test_06617,0.99984998
test_06618,0.97804999
test_06619,0.84992999
test_06620,0.93948001
test_06621,0.99998999
test_06622,0.99763000
test_06623,0.99671000
test_06624,1.00000000
test_06625,0.95779002
test_06626,0.98053002
test_06627,0.99712998
test_06628,0.99756002
test_06629,0.99963999
test_06630,0.99757999
test_06631,0.87813002
test_06632,0.97452003
test_06633,0.96849000
test_06634,0.72994000
test_06635,0.57270998
test_06636,0.53223002
test_06637,0.96074998
test_06638,0.94108999
test_06639,0.99991000
test_06640,0.99862999
test_06641,0.98736000
test_06642,0.99895000
test_06643,0.92690998
test_06644,0.99985999
test_06645,1.00000000
test_06646,0.98303002
test_06647,0.99994999
test_06648,0.98853999
test_06649,0.53842998
test_06650,0.99720001
test_06651,0.99704999
test_06652,0.99935001
test_06653,0.99998999
test_06654,0.58328998
test_06655,0.99975997
test_06656,0.99111998
test_06657,0.99844003
test_06658,0.75057000
test_06659,0.95630002
test_06660,0.52489001
test_06661,0.86798000
test_06662,0.97637999
test_06663,0.99333000
test_06664,0.98909998
test_06665,0.99238998
test_06666,0.72728997
test_06667,0.99989003
test_06668,0.90116000
test_06669,0.62756002
test_06670,0.64660001
test_06671,0.99954998
test_06672,0.94305003
test_06673,0.99888003
test_06674,0.99871999
test_06675,0.74651998
test_06676,0.84868002
test_06677,0.99794000
test_06678,0.99997997
test_06679,0.96499997
test_06680,0.99997997
test_06681,0.99958998
test_06682,0.95283002
test_06683,0.99886000
test_06684,0.99416000
test_06685,0.99656999
test_06686,0.99958998
test_06687,0.91114002
test_06688,0.98644000
test_06689,0.63011003
test_06690,0.99597001
test_06691,0.99660999
test_06692,0.93572998
test_06693,0.96732002
test_06694,0.99963999
test_06695,0.74813002
test_06696,0.82060999
test_06697,1.00000000
test_06698,1.00000000
test_06699,0.99699003
test_06700,0.99992001
test_06701,0.99997002
test_06702,0.99949998
test_06703,0.98500001
test_06704,0.99998999
test_06705,0.99952000
test_06706,0.52412999
test_06707,0.68939000
test_06708,0.99882001
test_06709,0.94112003
test_06710,0.92325002
test_06711,1.00000000
test_06712,0.80535001
test_06713,0.99857998
test_06714,0.97450000
test_06715,0.99962997
test_06716,0.99997002
test_06717,0.99839002
test_06718,0.95697999
test_06719,0.96750998
test_06720,0.99991000
test_06721,0.98821002
test_06722,0.98988998
test_06723,0.99998999
test_06724,0.92518997
test_06725,0.84108001
test_06726,0.97387999
test_06727,0.77925003
test_06728,0.79422998
test_06729,0.99737000
test_06730,0.90619999
test_06731,0.99467999
test_06732,0.98171002
test_06733,0.99987000
test_06734,0.88213998
test_06735,0.99601001
test_06736,0.99998999
test_06737,0.99991000
test_06738,0.99375999
test_06739,0.76134998
test_06740,0.99989998
test_06741,0.99839997
test_06742,0.99978000
test_06743,0.99993002
test_06744,0.95081002
test_06745,0.99996001
test_06746,0.88266999
test_06747,0.99861002
test_06748,0.80491000
test_06749,0.95436001
test_06750,0.99768001
test_06751,0.89602000
test_06752,0.00101000
test_06753,0.00010002
test_06754,0.02372003
test_06755,0.11159998
test_06756,0.00275999
test_06757,0.00016999
test_06758,0.00519001
test_06759,0.17908001
test_06760,0.00116998
test_06761,0.00239998
test_06762,0.02078998
test_06763,0.00546998
test_06764,0.00001001
test_06765,0.26884001
test_06766,0.00124002
test_06767,0.00037003
test_06768,0.00018001
test_06769,0.00208998
test_06770,0.14982003
test_06771,0.00278997
test_06772,0.00041997
test_06773,0.00040001
test_06774,0.18133998
test_06775,0.02579999
test_06776,0.00001001
test_06777,0.00358999
test_06778,0.00032997
test_06779,0.01433998
test_06780,0.00007999
test_06781,0.00003999
test_06782,0.40731001
test_06783,0.42282999
test_06784,0.02270001
test_06785,0.00046003
test_06786,0.00020999
test_06787,0.00522000
test_06788,0.00015002
test_06789,0.12923998
test_06790,0.02232999
test_06791,0.27867001
test_06792,0.00642997
test_06793,0.00050998
test_06794,0.00015002
test_06795,0.00006002
test_06796,0.00014001
test_06797,0.00116003
test_06798,0.00290000
test_06799,0.00103003
test_06800,0.00674999
test_06801,0.07042998
test_06802,0.02976000
test_06803,0.03165001
test_06804,0.07770997
test_06805,0.15943003
test_06806,0.00309998
test_06807,0.00278002
test_06808,0.00063002
test_06809,0.01853001
test_06810,0.00567001
test_06811,0.00037998
test_06812,0.01871002
test_06813,0.11843997
test_06814,0.00026000
test_06815,0.01258999
test_06816,0.99945003
test_06817,0.96855003
test_06818,0.99732000
test_06819,0.99988002
test_06820,0.83252001
test_06821,0.99668002
test_06822,0.57771999
test_06823,0.96840000
test_06824,0.96768999
test_06825,0.97982001
test_06826,0.92058003
test_06827,0.87856001
test_06828,0.99989998
test_06829,0.65807998
test_06830,0.92984998
test_06831,0.83297998
test_06832,0.99989998
test_06833,0.98967999
test_06834,0.85412002
test_06835,0.99965000
test_06836,0.65644002
test_06837,0.95286000
test_06838,0.99800998
test_06839,0.79781002
test_06840,0.99996001
test_06841,0.83981001
test_06842,0.99950999
test_06843,0.97447997
test_06844,0.99463999
test_06845,0.99992001
test_06846,0.99997997
test_06847,0.99691999
test_06848,0.69509000
test_06849,0.90063000
test_06850,0.89252001
test_06851,0.99725002
test_06852,0.67431998
test_06853,0.99093002
test_06854,0.99988002
test_06855,0.99976999
test_06856,0.99807000
test_06857,0.98514003
test_06858,0.63792002
test_06859,0.64617997
test_06860,0.99962002
test_06861,0.99880999
test_06862,0.99663001
test_06863,0.77691001
test_06864,0.91553003
test_06865,0.99733001
test_06866,0.89863002
test_06867,0.99673003
test_06868,0.99563998
test_06869,0.96822000
test_06870,0.99858999
test_06871,0.99945998
test_06872,0.65091997
test_06873,0.97188002
test_06874,0.99997997
test_06875,0.97501999
test_06876,0.95381999
test_06877,0.99700999
test_06878,0.83547997
test_06879,0.73727000
test_06880,0.01267999
test_06881,0.14559001
test_06882,0.01200002
test_06883,0.22012001
test_06884,0.00000000
test_06885,0.01591003
test_06886,0.00998998
test_06887,0.00225002
test_06888,0.02897000
test_06889,0.00090998
test_06890,0.15033001
test_06891,0.00242001
test_06892,0.00326002
test_06893,0.12936997
test_06894,0.00362003
test_06895,0.00072002
test_06896,0.00000000
test_06897,0.00177997
test_06898,0.37669998
test_06899,0.03556001
test_06900,0.03604001
test_06901,0.00129998
test_06902,0.29001999
test_06903,0.00194001
test_06904,0.00001001
test_06905,0.00199997
test_06906,0.27423000
test_06907,0.00604999
test_06908,0.00199997
test_06909,0.00002003
test_06910,0.00317001
test_06911,0.00002003
test_06912,0.00664002
test_06913,0.40824002
test_06914,0.35920000
test_06915,0.23795003
test_06916,0.00002998
test_06917,0.08743000
test_06918,0.29799998
test_06919,0.00165999
test_06920,0.00229001
test_06921,0.04193997
test_06922,0.00003999
test_06923,0.13020998
test_06924,0.25138003
test_06925,0.00105000
test_06926,0.38972998
test_06927,0.00498003
test_06928,0.00691998
test_06929,0.00534999
test_06930,0.04245001
test_06931,0.33331001
test_06932,0.00182998
test_06933,0.01602000
test_06934,0.00563997
test_06935,0.00331002
test_06936,0.00400001
test_06937,0.18866998
test_06938,0.06904000
test_06939,0.02208000
test_06940,0.00040001
test_06941,0.27482003
test_06942,0.01582003
test_06943,0.11544001
test_06944,0.99133998
test_06945,0.99883997
test_06946,0.88290000
test_06947,0.92610002
test_06948,0.99980003
test_06949,1.00000000
test_06950,0.98746997
test_06951,0.99726999
test_06952,0.57621002
test_06953,0.97135001
test_06954,0.83433002
test_06955,0.98826998
test_06956,0.94560999
test_06957,0.83731002
test_06958,0.99861002
test_06959,0.88799000
test_06960,0.99812001
test_06961,0.81006002
test_06962,0.99958003
test_06963,0.88138998
test_06964,0.99905998
test_06965,0.93137002
test_06966,0.97376001
test_06967,0.99917001
test_06968,0.98171997
test_06969,0.99975002
test_06970,0.99777001
test_06971,0.99768001
test_06972,0.95328999
test_06973,0.90253001
test_06974,0.98364002
test_06975,0.99969000
test_06976,0.76350999
test_06977,0.95336002
test_06978,0.99996001
test_06979,0.99856001
test_06980,0.99471003
test_06981,0.99811000
test_06982,0.96788001
test_06983,0.62889999
test_06984,0.73725998
test_06985,0.72517002
test_06986,0.93870002
test_06987,0.96689999
test_06988,0.98635000
test_06989,0.86796999
test_06990,0.99981999
test_06991,0.98271000
test_06992,0.56941998
test_06993,0.99109000
test_06994,0.99729002
test_06995,0.99997997
test_06996,0.54846001
test_06997,0.71332002
test_06998,0.97889000
test_06999,0.86453998
test_07000,0.98324001
test_07001,0.96052003
test_07002,0.99953002
test_07003,0.77604002
test_07004,0.90336001
test_07005,0.69432002
test_07006,0.98446000
test_07007,0.94075000
test_07008,0.42372000
test_07009,0.00199002
test_07010,0.00374001
test_07011,0.00033998
test_07012,0.05012000
test_07013,0.28741002
test_07014,0.00139999
test_07015,0.00304002
test_07016,0.00059003
test_07017,0.30062997
test_07018,0.00090998
test_07019,0.15359002
test_07020,0.34127998
test_07021,0.00228000
test_07022,0.01227999
test_07023,0.00035000
test_07024,0.25608999
test_07025,0.00015002
test_07026,0.00005001
test_07027,0.00006002
test_07028,0.00330001
test_07029,0.00997001
test_07030,0.26894999
test_07031,0.00002998
test_07032,0.00022000
test_07033,0.00033998
test_07034,0.00187999
test_07035,0.38775998
test_07036,0.17262000
test_07037,0.43895000
test_07038,0.00305003
test_07039,0.02629000
test_07040,0.14090002
test_07041,0.19687998
test_07042,0.00049001
test_07043,0.21684003
test_07044,0.00151998
test_07045,0.00551999
test_07046,0.00235999
test_07047,0.00011998
test_07048,0.00142998
test_07049,0.08749998
test_07050,0.21438998
test_07051,0.01036000
test_07052,0.12116998
test_07053,0.00326002
test_07054,0.28289998
test_07055,0.00708002
test_07056,0.00240999
test_07057,0.06857997
test_07058,0.48503000
test_07059,0.01080000
test_07060,0.00001001
test_07061,0.07165998
test_07062,0.01011002
test_07063,0.02686000
test_07064,0.00993001
test_07065,0.01507998
test_07066,0.39139003
test_07067,0.00006002
test_07068,0.17874998
test_07069,0.00036001
test_07070,0.00410002
test_07071,0.00024998
test_07072,0.99978000
test_07073,0.69764000
test_07074,1.00000000
test_07075,0.73281002
test_07076,0.99851000
test_07077,0.91513002
test_07078,1.00000000
test_07079,0.99910003
test_07080,0.99440998
test_07081,0.99409997
test_07082,0.99852002
test_07083,0.97750998
test_07084,0.99585998
test_07085,0.83450001
test_07086,0.99362999
test_07087,0.52622998
test_07088,0.99693000
test_07089,0.95659000
test_07090,0.52102000
test_07091,0.98786998
test_07092,0.99909002
test_07093,0.74365997
test_07094,0.97855997
test_07095,0.99957001
test_07096,0.98461002
test_07097,0.98930001
test_07098,0.97296000
test_07099,0.98799998
test_07100,0.98988998
test_07101,0.99930000
test_07102,0.98830998
test_07103,0.92677999
test_07104,0.99880999
test_07105,0.99998999
test_07106,0.52631998
test_07107,0.99927998
test_07108,0.93813002
test_07109,0.63959998
test_07110,0.51156002
test_07111,0.97299999
test_07112,0.98781002
test_07113,0.99150002
test_07114,0.99910003
test_07115,0.99953997
test_07116,0.67027998
test_07117,0.71704000
test_07118,0.93401998
test_07119,0.95265001
test_07120,0.99917001
test_07121,0.90775001
test_07122,0.82576001
test_07123,0.73519999
test_07124,0.99101001
test_07125,0.99984998
test_07126,0.82690001
test_07127,0.99528003
test_07128,0.97424001
test_07129,0.99970001
test_07130,0.99063998
test_07131,0.99387002
test_07132,0.92496997
test_07133,0.98058999
test_07134,0.98892999
test_07135,0.99997002
test_07136,0.99765998
test_07137,0.99772000
test_07138,0.99966002
test_07139,0.89908999
test_07140,0.91758001
test_07141,0.94884998
test_07142,0.87414002
test_07143,0.95745999
test_07144,0.99900001
test_07145,0.68250000
test_07146,1.00000000
test_07147,0.97843999
test_07148,0.99856001
test_07149,0.86391997
test_07150,0.99014002
test_07151,0.88619000
test_07152,0.92008001
test_07153,0.99909002
test_07154,0.99000001
test_07155,0.90657997
test_07156,0.99752003
test_07157,0.96934998
test_07158,0.99987000
test_07159,0.90859997
test_07160,0.85727000
test_07161,0.87094003
test_07162,0.99713999
test_07163,0.99831003
test_07164,0.63195997
test_07165,0.88669997
test_07166,0.99998999
test_07167,0.98180997
test_07168,0.90814000
test_07169,0.99965000
test_07170,0.99820000
test_07171,0.88848001
test_07172,0.99993002
test_07173,0.99954998
test_07174,0.99251997
test_07175,0.99967998
test_07176,0.99624997
test_07177,0.99878001
test_07178,0.71419001
test_07179,0.63293999
test_07180,0.83424997
test_07181,0.65428001
test_07182,0.74216002
test_07183,0.50428998
test_07184,0.77648002
test_07185,0.99997002
test_07186,0.97198999
test_07187,0.83938998
test_07188,0.99971998
test_07189,0.99659997
test_07190,0.79837000
test_07191,0.99871999
test_07192,0.99993002
test_07193,0.94362003
test_07194,0.99157000
test_07195,0.98620999
test_07196,0.99842000
test_07197,0.68917000
test_07198,0.99765998
test_07199,0.98558998
test_07200,0.99987000
test_07201,0.52447999
test_07202,0.99836999
test_07203,0.99844003
test_07204,0.97558999
test_07205,0.96572000
test_07206,0.87185001
test_07207,0.84322000
test_07208,0.99978000
test_07209,0.97115999
test_07210,0.92365998
test_07211,0.74908000
test_07212,0.99280000
test_07213,0.84206003
test_07214,0.99737000
test_07215,0.97942001
test_07216,0.81932002
test_07217,0.99989998
test_07218,0.65666997
test_07219,0.99852997
test_07220,0.99079001
test_07221,0.98922998
test_07222,0.50374001
test_07223,0.78240001
test_07224,0.99979001
test_07225,0.82200003
test_07226,0.77171999
test_07227,0.98790997
test_07228,0.98425001
test_07229,0.99861002
test_07230,0.67189997
test_07231,0.98957998
test_07232,0.99242997
test_07233,0.93744999
test_07234,0.96425003
test_07235,0.97340000
test_07236,0.99265999
test_07237,0.99983001
test_07238,0.71166003
test_07239,0.98554999
test_07240,0.67510998
test_07241,0.98436999
test_07242,0.80956000
test_07243,0.99096000
test_07244,0.99998999
test_07245,0.99155003
test_07246,0.86769003
test_07247,0.99629003
test_07248,0.99967003
test_07249,0.97789001
test_07250,0.67689002
test_07251,0.99840999
test_07252,0.96907002
test_07253,0.99786001
test_07254,0.96166003
test_07255,0.99729002
test_07256,0.99181998
test_07257,0.95384997
test_07258,0.67211998
test_07259,0.80835003
test_07260,0.99996001
test_07261,0.99355000
test_07262,0.99923998
test_07263,0.99997997
test_07264,0.39467001
test_07265,0.00005001
test_07266,0.00115001
test_07267,0.00708997
test_07268,0.00189000
test_07269,0.04471999
test_07270,0.00571001
test_07271,0.03314000
test_07272,0.06430000
test_07273,0.00116998
test_07274,0.00847000
test_07275,0.11795998
test_07276,0.03248000
test_07277,0.00019002
test_07278,0.00093001
test_07279,0.11931998
test_07280,0.00006998
test_07281,0.13846999
test_07282,0.00847000
test_07283,0.02635002
test_07284,0.07043999
test_07285,0.00186002
test_07286,0.38369000
test_07287,0.13059002
test_07288,0.00330001
test_07289,0.04010999
test_07290,0.00247997
test_07291,0.00032997
test_07292,0.02493000
test_07293,0.16882998
test_07294,0.00019002
test_07295,0.04092002
test_07296,0.99102002
test_07297,0.99993002
test_07298,0.98629999
test_07299,0.54696000
test_07300,0.97245997
test_07301,1.00000000
test_07302,0.99962997
test_07303,0.95989001
test_07304,0.92171001
test_07305,0.77437001
test_07306,0.95998001
test_07307,0.97996998
test_07308,0.84846997
test_07309,0.99886000
test_07310,0.78832000
test_07311,0.97333997
test_07312,0.97921997
test_07313,0.95572001
test_07314,0.99773997
test_07315,0.87316000
test_07316,0.94682002
test_07317,0.99993002
test_07318,0.99033999
test_07319,0.93756002
test_07320,0.99874002
test_07321,0.58498001
test_07322,0.78438002
test_07323,0.99155003
test_07324,0.99912000
test_07325,0.64296001
test_07326,0.99936998
test_07327,0.94919997
test_07328,0.99989998
test_07329,0.99553001
test_07330,0.85904002
test_07331,0.96069998
test_07332,0.87712997
test_07333,0.83041000
test_07334,0.69849002
test_07335,0.91343999
test_07336,0.68773001
test_07337,0.65573001
test_07338,0.73821998
test_07339,0.91303998
test_07340,1.00000000
test_07341,0.79571003
test_07342,0.56987000
test_07343,0.99842000
test_07344,0.84044999
test_07345,0.89322001
test_07346,0.82607001
test_07347,0.99883997
test_07348,0.93954998
test_07349,0.95507997
test_07350,0.99971998
test_07351,0.99993002
test_07352,0.93594998
test_07353,0.93197000
test_07354,0.99177998
test_07355,0.99993998
test_07356,0.98475999
test_07357,0.99891001
test_07358,0.98398000
test_07359,0.83554000
test_07360,0.97895002
test_07361,0.98931998
test_07362,0.98083001
test_07363,0.97697002
test_07364,0.67211998
test_07365,0.79108000
test_07366,0.97548997
test_07367,0.67262000
test_07368,0.51160997
test_07369,0.85907000
test_07370,0.95424002
test_07371,0.99654001
test_07372,0.90617001
test_07373,0.99991000
test_07374,0.89655000
test_07375,0.60513997
test_07376,0.78302997
test_07377,0.99245000
test_07378,0.99545002
test_07379,0.94475001
test_07380,0.94992000
test_07381,0.92036003
test_07382,0.98894000
test_07383,0.98714000
test_07384,0.98773003
test_07385,0.77937001
test_07386,0.97263998
test_07387,0.99939001
test_07388,0.60452002
test_07389,0.97279000
test_07390,0.99040997
test_07391,0.99971998
test_07392,0.99993002
test_07393,0.92256999
test_07394,0.79109001
test_07395,0.99958998
test_07396,0.99878001
test_07397,0.99989003
test_07398,0.96166998
test_07399,0.98916000
test_07400,0.99831998
test_07401,0.56024998
test_07402,1.00000000
test_07403,0.99958998
test_07404,0.91135001
test_07405,0.99159002
test_07406,0.99993998
test_07407,0.62440997
test_07408,0.72482002
test_07409,0.97340000
test_07410,0.99931997
test_07411,0.99207997
test_07412,0.99514002
test_07413,0.99980998
test_07414,0.99958003
test_07415,0.77674001
test_07416,0.99685001
test_07417,0.97345001
test_07418,0.99998999
test_07419,0.98947001
test_07420,1.00000000
test_07421,0.73554999
test_07422,0.99998999
test_07423,0.99974000
test_07424,0.54475999
test_07425,0.99590999
test_07426,0.91030002
test_07427,0.91235000
test_07428,0.99849999
test_07429,0.91329998
test_07430,0.99980998
test_07431,0.96995997
test_07432,0.99997997
test_07433,0.89903998
test_07434,0.54832000
test_07435,0.99998999
test_07436,0.82565999
test_07437,0.98575997
test_07438,0.98171002
test_07439,0.84050000
test_07440,0.99549001
test_07441,0.99561000
test_07442,0.96214998
test_07443,0.98060000
test_07444,0.95828003
test_07445,0.99466002
test_07446,1.00000000
test_07447,1.00000000
test_07448,0.95390999
test_07449,0.99997997
test_07450,0.99412000
test_07451,0.99813998
test_07452,0.82576001
test_07453,0.99772000
test_07454,0.99906999
test_07455,0.65060002
test_07456,0.99994999
test_07457,0.99866003
test_07458,1.00000000
test_07459,0.99658000
test_07460,0.96924001
test_07461,0.99989003
test_07462,0.51538998
test_07463,0.99476999
test_07464,0.72219998
test_07465,0.98473001
test_07466,0.85460001
test_07467,0.99997997
test_07468,0.99971002
test_07469,0.53788000
test_07470,0.99163002
test_07471,0.91610998
test_07472,0.98048002
test_07473,0.98109001
test_07474,0.98097003
test_07475,0.67280000
test_07476,0.99866003
test_07477,0.99937999
test_07478,0.99991000
test_07479,0.98430997
test_07480,0.95883000
test_07481,0.89184999
test_07482,0.99997997
test_07483,0.90623999
test_07484,0.91570002
test_07485,0.99921000
test_07486,0.99996001
test_07487,0.68914998
test_07488,0.06278998
test_07489,0.00006998
test_07490,0.02798003
test_07491,0.02860999
test_07492,0.03185999
test_07493,0.39599001
test_07494,0.02736002
test_07495,0.00015998
test_07496,0.05211002
test_07497,0.07827002
test_07498,0.10900998
test_07499,0.00013000
test_07500,0.00511003
test_07501,0.00321001
test_07502,0.01358002
test_07503,0.02438998
test_07504,0.00452000
test_07505,0.00057000
test_07506,0.00190997
test_07507,0.06024998
test_07508,0.32431000
test_07509,0.00010997
test_07510,0.08541000
test_07511,0.00013000
test_07512,0.00013000
test_07513,0.00081003
test_07514,0.01528001
test_07515,0.05476999
test_07516,0.00019002
test_07517,0.00002003
test_07518,0.00171000
test_07519,0.35079002
test_07520,0.01858997
test_07521,0.27991998
test_07522,0.00322998
test_07523,0.00300002
test_07524,0.22040999
test_07525,0.05206001
test_07526,0.09463000
test_07527,0.17940003
test_07528,0.00080001
test_07529,0.00138998
test_07530,0.00000000
test_07531,0.07458001
test_07532,0.00125003
test_07533,0.08954000
test_07534,0.00059003
test_07535,0.17513001
test_07536,0.12431997
test_07537,0.02201003
test_07538,0.12186998
test_07539,0.00138003
test_07540,0.17526001
test_07541,0.01195002
test_07542,0.05276000
test_07543,0.02333999
test_07544,0.00002003
test_07545,0.00533003
test_07546,0.02995998
test_07547,0.00019002
test_07548,0.40885001
test_07549,0.06155998
test_07550,0.11360002
test_07551,0.15947998
test_07552,0.00439000
test_07553,0.00441003
test_07554,0.00015002
test_07555,0.00000000
test_07556,0.03043002
test_07557,0.00045002
test_07558,0.13924998
test_07559,0.00018001
test_07560,0.05035001
test_07561,0.00272000
test_07562,0.04206997
test_07563,0.00000000
test_07564,0.00000000
test_07565,0.34266001
test_07566,0.21605998
test_07567,0.43386000
test_07568,0.00120002
test_07569,0.34442002
test_07570,0.00509000
test_07571,0.00891000
test_07572,0.00000000
test_07573,0.00000000
test_07574,0.00579000
test_07575,0.16351998
test_07576,0.02960998
test_07577,0.25233001
test_07578,0.03178000
test_07579,0.00036001
test_07580,0.00117999
test_07581,0.04123998
test_07582,0.00808001
test_07583,0.00524002
test_07584,0.99857998
test_07585,0.78732002
test_07586,0.99993998
test_07587,0.64423001
test_07588,0.99918002
test_07589,0.94466001
test_07590,0.94748002
test_07591,0.99555999
test_07592,0.99136001
test_07593,0.99416000
test_07594,0.79842001
test_07595,0.99684000
test_07596,0.98719001
test_07597,0.99653000
test_07598,0.90281999
test_07599,0.99971002
test_07600,0.99948001
test_07601,0.91395998
test_07602,0.88255000
test_07603,0.99993002
test_07604,0.55361003
test_07605,0.98886001
test_07606,0.91049999
test_07607,0.97672999
test_07608,0.65381002
test_07609,0.99905002
test_07610,0.98563999
test_07611,0.91306001
test_07612,0.99966002
test_07613,0.76485002
test_07614,0.99773002
test_07615,0.99921000
test_07616,0.90375000
test_07617,0.72461998
test_07618,0.99983001
test_07619,0.99871999
test_07620,0.84030002
test_07621,0.99996001
test_07622,0.97398001
test_07623,0.99974000
test_07624,0.99998999
test_07625,0.99842000
test_07626,0.99997997
test_07627,0.99993002
test_07628,0.97865999
test_07629,0.76775998
test_07630,0.99998999
test_07631,0.88771999
test_07632,0.55998999
test_07633,0.86768001
test_07634,0.98918003
test_07635,0.99653000
test_07636,0.81083000
test_07637,0.98552001
test_07638,0.99998999
test_07639,0.71300000
test_07640,0.99287999
test_07641,0.99997997
test_07642,0.92554998
test_07643,0.99382001
test_07644,0.99932998
test_07645,0.99241000
test_07646,0.91706002
test_07647,0.99997997
test_07648,0.07081997
test_07649,0.42488003
test_07650,0.00000000
test_07651,0.06321001
test_07652,0.00840002
test_07653,0.00003999
test_07654,0.00182003
test_07655,0.35939997
test_07656,0.36654001
test_07657,0.00484997
test_07658,0.00009000
test_07659,0.00001001
test_07660,0.01415998
test_07661,0.00880003
test_07662,0.00448000
test_07663,0.47983003
test_07664,0.07604998
test_07665,0.00191998
test_07666,0.00006998
test_07667,0.08451998
test_07668,0.09131998
test_07669,0.00024998
test_07670,0.20402002
test_07671,0.00015002
test_07672,0.12316000
test_07673,0.00250000
test_07674,0.39688998
test_07675,0.00151002
test_07676,0.28209001
test_07677,0.01507998
test_07678,0.00217003
test_07679,0.03157997
test_07680,0.85038000
test_07681,0.99905002
test_07682,0.99883002
test_07683,0.99852002
test_07684,0.52193999
test_07685,0.99129999
test_07686,0.85841000
test_07687,0.83533001
test_07688,0.99493003
test_07689,0.99944001
test_07690,1.00000000
test_07691,0.99980003
test_07692,1.00000000
test_07693,0.99948001
test_07694,0.97702003
test_07695,0.91553998
test_07696,0.98361999
test_07697,0.96692997
test_07698,0.99794000
test_07699,0.97211999
test_07700,0.98553997
test_07701,0.96253002
test_07702,0.59331000
test_07703,0.97305000
test_07704,0.99953997
test_07705,0.78074002
test_07706,0.99743998
test_07707,0.72517997
test_07708,1.00000000
test_07709,0.77877998
test_07710,0.99998999
test_07711,0.99822998
test_07712,0.22691000
test_07713,0.00001001
test_07714,0.00046998
test_07715,0.00182998
test_07716,0.01476997
test_07717,0.01516002
test_07718,0.00208998
test_07719,0.00076997
test_07720,0.24533999
test_07721,0.00878000
test_07722,0.01854998
test_07723,0.19142997
test_07724,0.00000000
test_07725,0.00085998
test_07726,0.00055999
test_07727,0.16834998
test_07728,0.01411998
test_07729,0.00151998
test_07730,0.00783002
test_07731,0.02507001
test_07732,0.00191998
test_07733,0.00037998
test_07734,0.02499002
test_07735,0.18485999
test_07736,0.29425001
test_07737,0.00230998
test_07738,0.48670000
test_07739,0.18129998
test_07740,0.00551999
test_07741,0.00040001
test_07742,0.40671998
test_07743,0.05135000
test_07744,0.00992000
test_07745,0.00247997
test_07746,0.00386000
test_07747,0.01109999
test_07748,0.10325998
test_07749,0.01826000
test_07750,0.00001001
test_07751,0.18137002
test_07752,0.01466000
test_07753,0.07775998
test_07754,0.36825001
test_07755,0.01630998
test_07756,0.00066000
test_07757,0.26299000
test_07758,0.07155001
test_07759,0.00496000
test_07760,0.00854999
test_07761,0.37851000
test_07762,0.00752002
test_07763,0.00001001
test_07764,0.00108999
test_07765,0.26073003
test_07766,0.00000000
test_07767,0.00054997
test_07768,0.39937001
test_07769,0.00218999
test_07770,0.32379001
test_07771,0.02658999
test_07772,0.00724000
test_07773,0.00000000
test_07774,0.00861001
test_07775,0.05211997
test_07776,0.86969000
test_07777,0.99989998
test_07778,0.99564999
test_07779,0.95789999
test_07780,0.99984002
test_07781,0.89287001
test_07782,0.75862002
test_07783,0.96010000
test_07784,0.68599999
test_07785,0.94830000
test_07786,0.99210000
test_07787,0.99958998
test_07788,0.99913001
test_07789,0.96924001
test_07790,0.99559999
test_07791,0.95306998
test_07792,0.95278001
test_07793,0.99087000
test_07794,0.86307001
test_07795,0.88854998
test_07796,0.99662000
test_07797,0.99812001
test_07798,0.99791998
test_07799,0.99207002
test_07800,0.87379998
test_07801,0.89929003
test_07802,0.95174003
test_07803,0.84719998
test_07804,0.99998999
test_07805,0.81352001
test_07806,0.86843002
test_07807,0.98044002
test_07808,0.27437001
test_07809,0.00253999
test_07810,0.02313000
test_07811,0.00059003
test_07812,0.10404003
test_07813,0.00001001
test_07814,0.02673000
test_07815,0.07839000
test_07816,0.11618000
test_07817,0.00238001
test_07818,0.37414002
test_07819,0.00010002
test_07820,0.39478999
test_07821,0.00149000
test_07822,0.09430999
test_07823,0.01305002
test_07824,0.00003999
test_07825,0.00022000
test_07826,0.38155001
test_07827,0.13062000
test_07828,0.00066000
test_07829,0.00386000
test_07830,0.25708002
test_07831,0.00028998
test_07832,0.00234997
test_07833,0.03890002
test_07834,0.00713998
test_07835,0.45036000
test_07836,0.02015001
test_07837,0.08644003
test_07838,0.00011998
test_07839,0.00001001
test_07840,0.99836999
test_07841,0.89358002
test_07842,0.77710003
test_07843,0.99912000
test_07844,0.99799001
test_07845,0.99998999
test_07846,0.86847001
test_07847,0.99673003
test_07848,0.96353000
test_07849,0.99980998
test_07850,0.99980003
test_07851,0.99287999
test_07852,0.91202003
test_07853,0.59671003
test_07854,0.99996001
test_07855,0.99870002
test_07856,0.81487000
test_07857,0.86324000
test_07858,0.56039000
test_07859,0.99980003
test_07860,0.99902999
test_07861,0.99184000
test_07862,0.99965000
test_07863,0.98430002
test_07864,0.89727998
test_07865,0.99976999
test_07866,0.90973002
test_07867,0.97829998
test_07868,1.00000000
test_07869,0.97227001
test_07870,0.98422003
test_07871,0.99357003
test_07872,0.75506997
test_07873,0.99715000
test_07874,0.88088000
test_07875,0.99962997
test_07876,0.76050001
test_07877,0.84191000
test_07878,0.95898998
test_07879,0.99972999
test_07880,0.92589003
test_07881,0.91816002
test_07882,0.68482000
test_07883,0.68335003
test_07884,0.94551998
test_07885,0.99944001
test_07886,0.99958998
test_07887,0.99747002
test_07888,0.83604997
test_07889,0.99983001
test_07890,0.97978997
test_07891,0.99966002
test_07892,0.71196002
test_07893,0.99488997
test_07894,0.97262001
test_07895,0.72713000
test_07896,0.78671002
test_07897,0.99987000
test_07898,0.99926001
test_07899,0.99997997
test_07900,0.99529999
test_07901,0.95147997
test_07902,0.95270002
test_07903,0.55412000
test_07904,0.01929998
test_07905,0.01508999
test_07906,0.03983003
test_07907,0.11302000
test_07908,0.04689002
test_07909,0.10929000
test_07910,0.04833001
test_07911,0.00054997
test_07912,0.00060999
test_07913,0.03176999
test_07914,0.00001001
test_07915,0.00204998
test_07916,0.03588998
test_07917,0.01217997
test_07918,0.00000000
test_07919,0.03294998
test_07920,0.04658002
test_07921,0.00568002
test_07922,0.12712002
test_07923,0.00839001
test_07924,0.41167003
test_07925,0.00024998
test_07926,0.31059003
test_07927,0.04052001
test_07928,0.22934997
test_07929,0.01055998
test_07930,0.02025998
test_07931,0.29464000
test_07932,0.00014001
test_07933,0.00035000
test_07934,0.17036003
test_07935,0.26515001
test_07936,0.01244003
test_07937,0.19479001
test_07938,0.00042999
test_07939,0.07156998
test_07940,0.00344998
test_07941,0.06708002
test_07942,0.03183001
test_07943,0.00006002
test_07944,0.37190998
test_07945,0.00015002
test_07946,0.00465000
test_07947,0.00112998
test_07948,0.14884001
test_07949,0.16439998
test_07950,0.00001001
test_07951,0.00528002
test_07952,0.00180000
test_07953,0.14908999
test_07954,0.04681998
test_07955,0.00044000
test_07956,0.05422002
test_07957,0.48746997
test_07958,0.04457003
test_07959,0.00006002
test_07960,0.00896001
test_07961,0.00158000
test_07962,0.02196002
test_07963,0.42575997
test_07964,0.01236999
test_07965,0.06417000
test_07966,0.00783998
test_07967,0.01029998
test_07968,0.14287001
test_07969,0.03149003
test_07970,0.00020999
test_07971,0.16061002
test_07972,0.00114000
test_07973,0.01327002
test_07974,0.00937998
test_07975,0.06923997
test_07976,0.40412998
test_07977,0.00000000
test_07978,0.00124002
test_07979,0.02732003
test_07980,0.00154001
test_07981,0.35472000
test_07982,0.22404999
test_07983,0.09763002
test_07984,0.01164001
test_07985,0.00019997
test_07986,0.00037003
test_07987,0.00107002
test_07988,0.01407999
test_07989,0.00295001
test_07990,0.17951000
test_07991,0.00239003
test_07992,0.00080001
test_07993,0.00005001
test_07994,0.44985998
test_07995,0.04505002
test_07996,0.00006002
test_07997,0.00009000
test_07998,0.00071001
test_07999,0.00379997
test_08000,0.00265002
test_08001,0.02401000
test_08002,0.35642999
test_08003,0.11618000
test_08004,0.12510997
test_08005,0.00160998
test_08006,0.07023001
test_08007,0.00053000
test_08008,0.02639002
test_08009,0.01810002
test_08010,0.00032997
test_08011,0.09459001
test_08012,0.00586998
test_08013,0.00336999
test_08014,0.22908998
test_08015,0.01245999
test_08016,0.01266003
test_08017,0.07258999
test_08018,0.00003999
test_08019,0.01113999
test_08020,0.00038999
test_08021,0.45880997
test_08022,0.16720998
test_08023,0.00003999
test_08024,0.00001001
test_08025,0.16096997
test_08026,0.00001001
test_08027,0.28372002
test_08028,0.17729002
test_08029,0.00891000
test_08030,0.49440002
test_08031,0.00007999
test_08032,0.99386001
test_08033,0.81066000
test_08034,0.99967003
test_08035,0.94178998
test_08036,0.98684001
test_08037,0.95889997
test_08038,0.54732001
test_08039,0.99800003
test_08040,0.94458002
test_08041,0.92480999
test_08042,0.99993002
test_08043,0.99715000
test_08044,0.95753998
test_08045,0.99094999
test_08046,0.90882999
test_08047,0.63183999
test_08048,0.72007000
test_08049,0.99988002
test_08050,0.99869001
test_08051,0.99935001
test_08052,0.80703998
test_08053,0.99923003
test_08054,0.93704998
test_08055,0.99945003
test_08056,0.99991000
test_08057,0.95987999
test_08058,0.78842002
test_08059,0.98429000
test_08060,0.99992001
test_08061,0.94837999
test_08062,0.96302998
test_08063,0.98417997
test_08064,0.96214002
test_08065,0.99950999
test_08066,0.62941003
test_08067,0.99993002
test_08068,0.83697999
test_08069,0.99467999
test_08070,0.98707998
test_08071,0.99691999
test_08072,0.97500998
test_08073,0.99972999
test_08074,0.96350998
test_08075,0.99998999
test_08076,0.99996001
test_08077,0.99702001
test_08078,0.89911002
test_08079,0.99101001
test_08080,0.96714997
test_08081,0.99993002
test_08082,0.89648998
test_08083,0.99985999
test_08084,0.98403001
test_08085,0.99677998
test_08086,0.81558001
test_08087,0.99908000
test_08088,0.99348003
test_08089,0.70152998
test_08090,0.78135002
test_08091,0.99840999
test_08092,0.86386001
test_08093,0.60197002
test_08094,0.94586998
test_08095,0.90456998
test_08096,0.00388002
test_08097,0.00590003
test_08098,0.46868002
test_08099,0.11304998
test_08100,0.00379997
test_08101,0.01305997
test_08102,0.38486999
test_08103,0.00199002
test_08104,0.00094998
test_08105,0.00001001
test_08106,0.00176001
test_08107,0.34314001
test_08108,0.03461999
test_08109,0.23259002
test_08110,0.00314999
test_08111,0.12875998
test_08112,0.00111997
test_08113,0.00388998
test_08114,0.00480002
test_08115,0.02020001
test_08116,0.00326997
test_08117,0.18292999
test_08118,0.31519002
test_08119,0.47961998
test_08120,0.47162002
test_08121,0.29079002
test_08122,0.00002003
test_08123,0.14190000
test_08124,0.05952001
test_08125,0.00001001
test_08126,0.17934000
test_08127,0.00064999
test_08128,0.77265000
test_08129,0.74558002
test_08130,0.96385002
test_08131,0.99634999
test_08132,0.99900001
test_08133,0.87589997
test_08134,0.83076000
test_08135,0.68466002
test_08136,0.99953002
test_08137,0.99943000
test_08138,0.99972999
test_08139,0.99992001
test_08140,0.96202999
test_08141,0.99972999
test_08142,0.99966002
test_08143,0.79275000
test_08144,0.99996001
test_08145,0.98883998
test_08146,0.97486001
test_08147,0.52846003
test_08148,0.87524003
test_08149,0.67022002
test_08150,0.93545002
test_08151,0.98575997
test_08152,0.87703001
test_08153,0.99237001
test_08154,0.94191003
test_08155,0.54830998
test_08156,0.98894000
test_08157,0.97390002
test_08158,0.99743003
test_08159,0.99989003
test_08160,0.99998999
test_08161,0.51718998
test_08162,0.83511001
test_08163,0.96395999
test_08164,0.70829999
test_08165,0.51578999
test_08166,0.99558002
test_08167,0.93702000
test_08168,0.99998999
test_08169,0.99901998
test_08170,0.99937999
test_08171,0.94541001
test_08172,0.52688998
test_08173,0.98193002
test_08174,0.99286997
test_08175,0.99954998
test_08176,0.99065000
test_08177,0.99980998
test_08178,0.99856001
test_08179,0.99813998
test_08180,0.99921000
test_08181,0.91830999
test_08182,0.90438002
test_08183,0.98724002
test_08184,0.99983001
test_08185,0.86391997
test_08186,0.83319998
test_08187,0.97349000
test_08188,0.98645997
test_08189,0.72744000
test_08190,0.99980998
test_08191,0.99853998
test_08192,0.98768002
test_08193,0.99997997
test_08194,0.89810997
test_08195,0.99842000
test_08196,0.99557000
test_08197,1.00000000
test_08198,0.99886000
test_08199,0.99984002
test_08200,0.93282002
test_08201,0.88546997
test_08202,0.97960001
test_08203,0.99408001
test_08204,0.99583000
test_08205,0.93313003
test_08206,0.86229998
test_08207,0.99922001
test_08208,0.51225001
test_08209,0.99761999
test_08210,0.95678997
test_08211,0.73833001
test_08212,0.99440998
test_08213,0.83677000
test_08214,0.96676999
test_08215,0.96726000
test_08216,0.99987000
test_08217,0.99961001
test_08218,0.96837002
test_08219,0.81981999
test_08220,0.99991000
test_08221,0.99527001
test_08222,0.85702997
test_08223,0.99716997
test_08224,0.05041999
test_08225,0.01577997
test_08226,0.03745002
test_08227,0.00072998
test_08228,0.05135000
test_08229,0.00621003
test_08230,0.05664003
test_08231,0.01776999
test_08232,0.00800002
test_08233,0.00001001
test_08234,0.01762998
test_08235,0.00620002
test_08236,0.14778000
test_08237,0.00089002
test_08238,0.00005001
test_08239,0.00656998
test_08240,0.13349003
test_08241,0.00405002
test_08242,0.02956998
test_08243,0.00077999
test_08244,0.07591999
test_08245,0.00222999
test_08246,0.00138998
test_08247,0.05409998
test_08248,0.20569003
test_08249,0.02578998
test_08250,0.31399000
test_08251,0.02555001
test_08252,0.00468999
test_08253,0.26273000
test_08254,0.34179997
test_08255,0.00002003
test_08256,0.08042002
test_08257,0.04481000
test_08258,0.04093999
test_08259,0.00248998
test_08260,0.46271002
test_08261,0.00003999
test_08262,0.21158999
test_08263,0.00001001
test_08264,0.07990003
test_08265,0.01036000
test_08266,0.00309002
test_08267,0.00112998
test_08268,0.04071999
test_08269,0.28855997
test_08270,0.01252002
test_08271,0.24450999
test_08272,0.44875002
test_08273,0.01586998
test_08274,0.16451001
test_08275,0.20712000
test_08276,0.00134999
test_08277,0.01321000
test_08278,0.01630998
test_08279,0.03508002
test_08280,0.02059001
test_08281,0.08502001
test_08282,0.00076002
test_08283,0.21713001
test_08284,0.02667999
test_08285,0.00002003
test_08286,0.28211999
test_08287,0.44040000
test_08288,0.00195003
test_08289,0.38635999
test_08290,0.18924999
test_08291,0.19476998
test_08292,0.03606999
test_08293,0.00160998
test_08294,0.10883999
test_08295,0.01950002
test_08296,0.02731001
test_08297,0.00185001
test_08298,0.00317001
test_08299,0.00003999
test_08300,0.01840001
test_08301,0.06884998
test_08302,0.01082999
test_08303,0.00190997
test_08304,0.03188002
test_08305,0.47609001
test_08306,0.00010002
test_08307,0.05225998
test_08308,0.00704998
test_08309,0.21759999
test_08310,0.04925001
test_08311,0.10821003
test_08312,0.00603002
test_08313,0.00449002
test_08314,0.16188997
test_08315,0.02727997
test_08316,0.01336998
test_08317,0.01445001
test_08318,0.23400003
test_08319,0.02525002
test_08320,0.87215000
test_08321,0.98386002
test_08322,0.92575997
test_08323,0.99940997
test_08324,0.92739999
test_08325,0.99974000
test_08326,0.91641003
test_08327,0.91170001
test_08328,0.99368000
test_08329,0.99940002
test_08330,0.95807999
test_08331,0.82937002
test_08332,0.96869999
test_08333,0.95397002
test_08334,0.95682001
test_08335,0.99559999
test_08336,0.92616999
test_08337,0.98277003
test_08338,0.99998999
test_08339,0.99399000
test_08340,0.99286997
test_08341,0.99734998
test_08342,0.97487998
test_08343,0.69880003
test_08344,0.96812999
test_08345,0.99996001
test_08346,0.71118999
test_08347,0.99800003
test_08348,0.99994999
test_08349,0.78805000
test_08350,0.99928999
test_08351,0.99992001
test_08352,0.72030002
test_08353,0.99993998
test_08354,0.99983001
test_08355,0.96754998
test_08356,0.80844003
test_08357,0.98640001
test_08358,0.95760000
test_08359,0.95095003
test_08360,0.93606001
test_08361,0.88243997
test_08362,0.99423999
test_08363,0.99343997
test_08364,0.95166999
test_08365,0.98825002
test_08366,0.61794001
test_08367,0.93918997
test_08368,0.99857002
test_08369,0.96728998
test_08370,0.99996001
test_08371,0.99966002
test_08372,0.58766001
test_08373,0.99945998
test_08374,0.99976999
test_08375,0.99953997
test_08376,0.99787003
test_08377,0.91235000
test_08378,0.96253997
test_08379,0.99949998
test_08380,0.99984998
test_08381,0.98896003
test_08382,0.96929002
test_08383,0.97412997
test_08384,0.01068997
test_08385,0.13555002
test_08386,0.00026000
test_08387,0.41926003
test_08388,0.00000000
test_08389,0.00793999
test_08390,0.01516002
test_08391,0.34502000
test_08392,0.13953000
test_08393,0.00708997
test_08394,0.00167000
test_08395,0.02331001
test_08396,0.00502998
test_08397,0.00976998
test_08398,0.08362001
test_08399,0.03979999
test_08400,0.00028998
test_08401,0.12089002
test_08402,0.10421997
test_08403,0.00502002
test_08404,0.00006998
test_08405,0.12371999
test_08406,0.03204000
test_08407,0.00007999
test_08408,0.02780002
test_08409,0.00702000
test_08410,0.06964999
test_08411,0.00145000
test_08412,0.00195998
test_08413,0.00106001
test_08414,0.09548002
test_08415,0.00116003
test_08416,1.00000000
test_08417,0.99853998
test_08418,0.89503002
test_08419,0.95809001
test_08420,0.86344999
test_08421,0.76490998
test_08422,0.97051001
test_08423,0.99972999
test_08424,0.96122998
test_08425,0.57787001
test_08426,0.98905998
test_08427,0.99981999
test_08428,0.99989998
test_08429,0.93475002
test_08430,0.54690999
test_08431,0.63818997
test_08432,0.68238002
test_08433,0.98152000
test_08434,0.70918000
test_08435,0.99164999
test_08436,0.99835998
test_08437,0.96697003
test_08438,0.99945998
test_08439,0.59570003
test_08440,0.96353000
test_08441,0.98315001
test_08442,0.99400997
test_08443,0.71533000
test_08444,0.99734998
test_08445,0.94484001
test_08446,0.97934997
test_08447,0.70406997
test_08448,0.97863001
test_08449,0.86932999
test_08450,0.72180003
test_08451,0.87980998
test_08452,0.51328999
test_08453,0.95652002
test_08454,0.95697999
test_08455,0.75040001
test_08456,0.99902999
test_08457,0.99743998
test_08458,0.99677998
test_08459,0.99998999
test_08460,0.99998999
test_08461,0.90604001
test_08462,0.94812000
test_08463,0.99586999
test_08464,0.97867000
test_08465,0.99923998
test_08466,0.97986001
test_08467,0.99998999
test_08468,0.94476998
test_08469,0.71982002
test_08470,0.90657997
test_08471,0.55912000
test_08472,0.99984998
test_08473,0.96485001
test_08474,0.99958003
test_08475,0.99054003
test_08476,0.98913002
test_08477,0.99813998
test_08478,0.59821999
test_08479,0.87453997
test_08480,0.69190001
test_08481,0.78495002
test_08482,0.99932998
test_08483,0.55260003
test_08484,0.99989998
test_08485,0.58225000
test_08486,0.92312002
test_08487,0.99927002
test_08488,0.53968000
test_08489,0.75424999
test_08490,0.60033000
test_08491,0.99860001
test_08492,0.92032999
test_08493,0.97368002
test_08494,0.62917000
test_08495,0.51007998
test_08496,0.99616998
test_08497,0.87124997
test_08498,0.75920999
test_08499,0.98408997
test_08500,0.99919999
test_08501,0.73983997
test_08502,0.99827999
test_08503,0.89736998
test_08504,0.99967998
test_08505,0.92642999
test_08506,0.90573001
test_08507,1.00000000
test_08508,0.91421998
test_08509,0.96714002
test_08510,0.99037999
test_08511,0.82181001
test_08512,0.89744002
test_08513,1.00000000
test_08514,0.99971002
test_08515,0.99928999
test_08516,0.99945003
test_08517,0.99998999
test_08518,0.99935001
test_08519,0.99987000
test_08520,0.62316000
test_08521,0.99947000
test_08522,0.99747998
test_08523,0.99715000
test_08524,0.99928999
test_08525,0.73835999
test_08526,0.99979001
test_08527,0.99972999
test_08528,0.99835998
test_08529,0.97811002
test_08530,0.99954998
test_08531,0.73597002
test_08532,0.99997002
test_08533,0.82293999
test_08534,0.99870002
test_08535,0.99998999
test_08536,0.99208999
test_08537,0.99997002
test_08538,0.96197999
test_08539,0.83837998
test_08540,0.99849999
test_08541,0.99997997
test_08542,0.99910998
test_08543,0.99732000
test_08544,0.99993002
test_08545,0.75445002
test_08546,0.99080998
test_08547,0.98953003
test_08548,0.98839003
test_08549,0.99883002
test_08550,0.99962002
test_08551,0.96732002
test_08552,0.68558002
test_08553,0.99145001
test_08554,0.99720001
test_08555,0.99849999
test_08556,1.00000000
test_08557,0.99937999
test_08558,0.92162001
test_08559,0.99997002
test_08560,0.84399003
test_08561,0.99998999
test_08562,0.88371003
test_08563,0.99993998
test_08564,0.99985999
test_08565,0.99947000
test_08566,0.99998999
test_08567,0.82077003
test_08568,0.88191003
test_08569,0.72534001
test_08570,0.61576003
test_08571,0.89850003
test_08572,0.65302002
test_08573,0.99944001
test_08574,0.88152999
test_08575,0.93390000
test_08576,0.97226000
test_08577,0.99954998
test_08578,0.99732000
test_08579,0.50168997
test_08580,0.97812998
test_08581,0.99967003
test_08582,0.62440997
test_08583,0.68443000
test_08584,0.99346000
test_08585,0.98029000
test_08586,0.51775002
test_08587,0.93487000
test_08588,0.96842003
test_08589,0.81977999
test_08590,0.99026000
test_08591,0.99928999
test_08592,0.97826999
test_08593,0.75734001
test_08594,0.84117001
test_08595,0.72306001
test_08596,0.88375002
test_08597,0.50384998
test_08598,0.93513000
test_08599,0.63683999
test_08600,0.98631001
test_08601,0.99975002
test_08602,0.99418998
test_08603,0.95068997
test_08604,0.93985999
test_08605,0.59780002
test_08606,0.99998999
test_08607,0.99979001
test_08608,0.76931000
test_08609,0.84713000
test_08610,0.54060000
test_08611,0.99273002
test_08612,0.99988002
test_08613,0.60444999
test_08614,0.98205000
test_08615,0.61839002
test_08616,0.99988002
test_08617,0.58077002
test_08618,0.99979001
test_08619,0.96776998
test_08620,0.99997997
test_08621,0.99959999
test_08622,0.99870002
test_08623,0.55574000
test_08624,0.67584002
test_08625,0.99965000
test_08626,0.91777998
test_08627,0.97145998
test_08628,0.99584001
test_08629,0.99153000
test_08630,0.99924999
test_08631,0.66204000
test_08632,0.99997997
test_08633,1.00000000
test_08634,0.99997997
test_08635,1.00000000
test_08636,0.73571998
test_08637,0.99910998
test_08638,0.99861997
test_08639,0.99992001
test_08640,0.00301999
test_08641,0.01203001
test_08642,0.00003999
test_08643,0.03736001
test_08644,0.00001001
test_08645,0.01280999
test_08646,0.32625002
test_08647,0.00001001
test_08648,0.00001001
test_08649,0.00335002
test_08650,0.00006998
test_08651,0.00536001
test_08652,0.00090998
test_08653,0.00002998
test_08654,0.00007999
test_08655,0.24456000
test_08656,0.40696001
test_08657,0.00279999
test_08658,0.07757998
test_08659,0.00150001
test_08660,0.46455997
test_08661,0.43662000
test_08662,0.06538999
test_08663,0.00050002
test_08664,0.01086998
test_08665,0.03698999
test_08666,0.02072001
test_08667,0.00085002
test_08668,0.00400001
test_08669,0.00325000
test_08670,0.22338003
test_08671,0.36849999
test_08672,0.99970001
test_08673,0.99796999
test_08674,0.99959999
test_08675,0.99137002
test_08676,0.99945998
test_08677,0.90768999
test_08678,0.99751002
test_08679,0.85613000
test_08680,0.99997002
test_08681,0.96995997
test_08682,0.90385997
test_08683,0.98141003
test_08684,0.93611997
test_08685,0.86869001
test_08686,0.99694997
test_08687,0.98157001
test_08688,0.97140998
test_08689,0.99993998
test_08690,0.68268001
test_08691,0.99860001
test_08692,0.99975997
test_08693,0.91522002
test_08694,0.83103001
test_08695,0.99787998
test_08696,0.98164999
test_08697,0.93067002
test_08698,0.99902999
test_08699,0.62589997
test_08700,0.99919999
test_08701,0.99997997
test_08702,0.99847001
test_08703,0.72109002
test_08704,0.00002003
test_08705,0.16420001
test_08706,0.01564002
test_08707,0.01573998
test_08708,0.01014000
test_08709,0.00159001
test_08710,0.00568002
test_08711,0.45652997
test_08712,0.00019002
test_08713,0.00373000
test_08714,0.01309001
test_08715,0.29057997
test_08716,0.00002998
test_08717,0.05923003
test_08718,0.12204999
test_08719,0.14740998
test_08720,0.00269002
test_08721,0.00002998
test_08722,0.00019997
test_08723,0.01328999
test_08724,0.16159999
test_08725,0.00006998
test_08726,0.00006998
test_08727,0.28017998
test_08728,0.03596997
test_08729,0.12472999
test_08730,0.09044999
test_08731,0.09771001
test_08732,0.38352001
test_08733,0.05672002
test_08734,0.36625999
test_08735,0.10465002
test_08736,0.99998999
test_08737,0.88796002
test_08738,0.95800000
test_08739,0.94999999
test_08740,0.92504001
test_08741,0.99605000
test_08742,0.72697002
test_08743,0.98651999
test_08744,0.99888998
test_08745,0.99939001
test_08746,0.99811000
test_08747,0.99983001
test_08748,0.66791999
test_08749,0.97131002
test_08750,0.90307999
test_08751,0.99289000
test_08752,0.93428999
test_08753,0.99905998
test_08754,0.99927002
test_08755,0.99886000
test_08756,0.99287999
test_08757,0.99992001
test_08758,0.95916998
test_08759,0.94331002
test_08760,0.98082000
test_08761,0.97448999
test_08762,0.98624998
test_08763,0.92903000
test_08764,0.88964999
test_08765,0.97182000
test_08766,0.90056002
test_08767,0.98223001
test_08768,1.00000000
test_08769,0.89974999
test_08770,0.99636000
test_08771,0.79821002
test_08772,0.99818999
test_08773,0.98978001
test_08774,0.99313003
test_08775,0.99814999
test_08776,0.99981999
test_08777,0.99997997
test_08778,0.99620998
test_08779,0.83684999
test_08780,0.97794998
test_08781,0.99804997
test_08782,0.97285002
test_08783,0.99993998
test_08784,0.97292000
test_08785,0.87895000
test_08786,0.87054998
test_08787,0.54027998
test_08788,0.62827998
test_08789,0.64462000
test_08790,0.96709001
test_08791,0.67747003
test_08792,0.97303998
test_08793,0.57388002
test_08794,0.98519999
test_08795,0.99997002
test_08796,0.99883002
test_08797,0.84785002
test_08798,0.99273998
test_08799,0.99959999
test_08800,0.97157001
test_08801,0.99949002
test_08802,0.72472000
test_08803,0.99993998
test_08804,0.52867001
test_08805,0.99998999
test_08806,0.57760000
test_08807,0.99383998
test_08808,0.96315002
test_08809,0.99834001
test_08810,0.99465001
test_08811,0.99927002
test_08812,0.98486000
test_08813,0.99833000
test_08814,0.82302999
test_08815,0.96594000
test_08816,0.98184001
test_08817,0.99965000
test_08818,0.99378997
test_08819,0.99998999
test_08820,0.99962002
test_08821,0.97421998
test_08822,0.99984998
test_08823,0.76920003
test_08824,0.97043002
test_08825,0.55115998
test_08826,0.97714001
test_08827,0.99915999
test_08828,0.99225003
test_08829,0.68997997
test_08830,0.99998999
test_08831,0.60409999
test_08832,0.39974999
test_08833,0.00055999
test_08834,0.45113999
test_08835,0.00066000
test_08836,0.11223000
test_08837,0.30009001
test_08838,0.11078000
test_08839,0.00000000
test_08840,0.06702000
test_08841,0.37933999
test_08842,0.00123000
test_08843,0.44801003
test_08844,0.04674000
test_08845,0.00700998
test_08846,0.01280999
test_08847,0.13839000
test_08848,0.10632998
test_08849,0.41973001
test_08850,0.00040001
test_08851,0.02929002
test_08852,0.16046000
test_08853,0.00022000
test_08854,0.39256001
test_08855,0.00077999
test_08856,0.02331001
test_08857,0.01867998
test_08858,0.00534999
test_08859,0.00044000
test_08860,0.00006998
test_08861,0.00155002
test_08862,0.00512999
test_08863,0.03078997
test_08864,0.00151002
test_08865,0.06130999
test_08866,0.01915002
test_08867,0.30075997
test_08868,0.00594997
test_08869,0.36026001
test_08870,0.07503998
test_08871,0.00026000
test_08872,0.48855001
test_08873,0.00019997
test_08874,0.00009000
test_08875,0.00875002
test_08876,0.00041997
test_08877,0.32907999
test_08878,0.19783998
test_08879,0.05502999
test_08880,0.09998000
test_08881,0.00009000
test_08882,0.26331002
test_08883,0.09377998
test_08884,0.04825002
test_08885,0.08455998
test_08886,0.00080001
test_08887,0.02327001
test_08888,0.18080997
test_08889,0.00015002
test_08890,0.40460002
test_08891,0.15170997
test_08892,0.07501000
test_08893,0.37377000
test_08894,0.02827001
test_08895,0.19371003
test_08896,0.99996001
test_08897,0.99998999
test_08898,0.97873002
test_08899,0.97707999
test_08900,0.99693000
test_08901,0.99930000
test_08902,0.56957000
test_08903,0.99868000
test_08904,0.99785000
test_08905,0.99716002
test_08906,0.99742001
test_08907,0.99778003
test_08908,0.99957001
test_08909,0.81248999
test_08910,0.99989998
test_08911,0.99852002
test_08912,0.80751997
test_08913,0.93408000
test_08914,0.99991000
test_08915,0.75669998
test_08916,0.99914998
test_08917,0.93178999
test_08918,0.99967998
test_08919,0.53758001
test_08920,0.99500000
test_08921,0.86808002
test_08922,0.93023998
test_08923,0.92053002
test_08924,0.99974000
test_08925,0.99952000
test_08926,0.79222000
test_08927,0.93458998
test_08928,0.16860002
test_08929,0.00003999
test_08930,0.00015002
test_08931,0.01946998
test_08932,0.29026997
test_08933,0.07077003
test_08934,0.17782003
test_08935,0.00000000
test_08936,0.00048000
test_08937,0.01541001
test_08938,0.00531000
test_08939,0.00001001
test_08940,0.22000003
test_08941,0.22033000
test_08942,0.01087999
test_08943,0.07015997
test_08944,0.00001001
test_08945,0.01134002
test_08946,0.00111002
test_08947,0.01639003
test_08948,0.00206000
test_08949,0.01176000
test_08950,0.01264000
test_08951,0.14002001
test_08952,0.00063002
test_08953,0.05905002
test_08954,0.02350998
test_08955,0.00001001
test_08956,0.18006998
test_08957,0.43637002
test_08958,0.00316000
test_08959,0.46935999
test_08960,0.99756998
test_08961,0.99689001
test_08962,0.98041999
test_08963,0.94303000
test_08964,0.99883002
test_08965,0.99992001
test_08966,0.99994999
test_08967,0.99265999
test_08968,0.86426002
test_08969,0.99923998
test_08970,0.99826998
test_08971,0.99932998
test_08972,0.99835998
test_08973,0.99873000
test_08974,0.53623003
test_08975,0.93320000
test_08976,0.88094997
test_08977,0.99843001
test_08978,0.93739003
test_08979,0.75226998
test_08980,0.99878001
test_08981,0.99976999
test_08982,0.97007000
test_08983,0.71060002
test_08984,0.87447000
test_08985,0.99860001
test_08986,0.98496002
test_08987,0.99895000
test_08988,0.82880998
test_08989,0.99993002
test_08990,0.99141002
test_08991,0.99777001
test_08992,0.52788001
test_08993,0.72165000
test_08994,0.99738002
test_08995,0.99966002
test_08996,0.99979001
test_08997,0.99603999
test_08998,0.99769998
test_08999,0.70450997
test_09000,0.99998999
test_09001,0.75248998
test_09002,0.78820997
test_09003,0.99708998
test_09004,0.99991000
test_09005,1.00000000
test_09006,0.99997997
test_09007,0.90912002
test_09008,0.64108002
test_09009,0.92830002
test_09010,0.99694002
test_09011,0.99557000
test_09012,0.86821997
test_09013,0.94578999
test_09014,0.98949999
test_09015,0.77117997
test_09016,0.77319002
test_09017,0.64498001
test_09018,1.00000000
test_09019,0.99743003
test_09020,0.88382000
test_09021,0.96126002
test_09022,0.99491000
test_09023,0.98676997
test_09024,0.99937999
test_09025,0.97297001
test_09026,1.00000000
test_09027,0.58644998
test_09028,0.87594002
test_09029,0.99716997
test_09030,0.99983001
test_09031,0.99682999
test_09032,0.99921000
test_09033,0.99678999
test_09034,0.97773999
test_09035,0.86356997
test_09036,0.99997002
test_09037,0.99743998
test_09038,0.99913001
test_09039,0.99893999
test_09040,0.99949998
test_09041,0.65126002
test_09042,0.99998999
test_09043,0.99772000
test_09044,0.97896999
test_09045,0.82488000
test_09046,0.99501997
test_09047,0.96425003
test_09048,0.99379998
test_09049,0.99991000
test_09050,0.98219001
test_09051,0.98255998
test_09052,0.99879003
test_09053,0.99994999
test_09054,0.99014997
test_09055,0.78412002
test_09056,0.62909001
test_09057,0.99857002
test_09058,0.95188999
test_09059,0.99760997
test_09060,0.50905001
test_09061,0.96898001
test_09062,0.93778002
test_09063,0.99662000
test_09064,0.57980001
test_09065,0.99615997
test_09066,0.98492998
test_09067,0.72496003
test_09068,0.99777001
test_09069,0.99883997
test_09070,0.99553001
test_09071,0.73429000
test_09072,0.99619001
test_09073,1.00000000
test_09074,0.99781001
test_09075,0.99949002
test_09076,0.88988000
test_09077,0.99980003
test_09078,0.99924999
test_09079,0.99997002
test_09080,0.99983001
test_09081,0.98030001
test_09082,0.97390002
test_09083,0.95538002
test_09084,0.99706000
test_09085,0.99997002
test_09086,0.99669999
test_09087,0.99962997
test_09088,0.00332999
test_09089,0.16685998
test_09090,0.15329999
test_09091,0.03763998
test_09092,0.00002003
test_09093,0.49198997
test_09094,0.00231999
test_09095,0.00006998
test_09096,0.00022000
test_09097,0.45552999
test_09098,0.00132000
test_09099,0.41626000
test_09100,0.27427000
test_09101,0.18413001
test_09102,0.01488000
test_09103,0.01999998
test_09104,0.00019997
test_09105,0.11830002
test_09106,0.39626002
test_09107,0.00449002
test_09108,0.04339999
test_09109,0.00064999
test_09110,0.00224000
test_09111,0.00003999
test_09112,0.00063002
test_09113,0.03430003
test_09114,0.02675998
test_09115,0.00424999
test_09116,0.00007999
test_09117,0.33120000
test_09118,0.00062001
test_09119,0.01806998
test_09120,0.99944001
test_09121,0.79369003
test_09122,0.99988002
test_09123,0.99997002
test_09124,0.95223999
test_09125,0.89276999
test_09126,0.99858999
test_09127,0.99667001
test_09128,0.78205001
test_09129,0.59926999
test_09130,0.99993002
test_09131,0.99825001
test_09132,0.86341000
test_09133,0.86286002
test_09134,0.66237003
test_09135,0.99998999
test_09136,0.99989003
test_09137,0.99989998
test_09138,0.97270000
test_09139,0.85496002
test_09140,0.99979001
test_09141,0.98857999
test_09142,0.99171001
test_09143,0.80365002
test_09144,0.99387997
test_09145,0.97847003
test_09146,0.99944001
test_09147,0.66540998
test_09148,0.99997002
test_09149,0.72650999
test_09150,0.99340999
test_09151,0.98874998
test_09152,0.02200001
test_09153,0.28332001
test_09154,0.01538998
test_09155,0.00092000
test_09156,0.02383000
test_09157,0.00133002
test_09158,0.10789001
test_09159,0.23624998
test_09160,0.02601999
test_09161,0.00071001
test_09162,0.08447999
test_09163,0.00032002
test_09164,0.16232002
test_09165,0.00013000
test_09166,0.00194001
test_09167,0.17975003
test_09168,0.00003999
test_09169,0.02096999
test_09170,0.42342001
test_09171,0.00882000
test_09172,0.06149000
test_09173,0.00255001
test_09174,0.13414001
test_09175,0.00243998
test_09176,0.06138998
test_09177,0.15871000
test_09178,0.00099999
test_09179,0.05562001
test_09180,0.31606001
test_09181,0.17934000
test_09182,0.00028998
test_09183,0.01686001
test_09184,0.00003999
test_09185,0.01190001
test_09186,0.22997999
test_09187,0.00067002
test_09188,0.00869000
test_09189,0.01754999
test_09190,0.00006998
test_09191,0.00558001
test_09192,0.00244999
test_09193,0.00002003
test_09194,0.06661999
test_09195,0.00001001
test_09196,0.00116998
test_09197,0.00475001
test_09198,0.00784999
test_09199,0.00959998
test_09200,0.00465000
test_09201,0.00765997
test_09202,0.03416002
test_09203,0.00070000
test_09204,0.00142998
test_09205,0.24567997
test_09206,0.04449999
test_09207,0.00182003
test_09208,0.25173002
test_09209,0.00002998
test_09210,0.03038001
test_09211,0.13366002
test_09212,0.00164998
test_09213,0.00001001
test_09214,0.04631001
test_09215,0.00159001
test_09216,0.05080003
test_09217,0.20998001
test_09218,0.00712001
test_09219,0.00556999
test_09220,0.02792001
test_09221,0.00125003
test_09222,0.32116997
test_09223,0.01161999
test_09224,0.00291997
test_09225,0.00186002
test_09226,0.01488000
test_09227,0.00010002
test_09228,0.01270998
test_09229,0.02654999
test_09230,0.16539001
test_09231,0.01210999
test_09232,0.00323999
test_09233,0.00962001
test_09234,0.00386000
test_09235,0.00234002
test_09236,0.00329000
test_09237,0.02157998
test_09238,0.00016999
test_09239,0.27525002
test_09240,0.00218999
test_09241,0.16798002
test_09242,0.01771998
test_09243,0.00063002
test_09244,0.40658998
test_09245,0.00002003
test_09246,0.05049998
test_09247,0.02960998
test_09248,0.04527998
test_09249,0.00019997
test_09250,0.01122999
test_09251,0.12137002
test_09252,0.00252998
test_09253,0.00076997
test_09254,0.20367998
test_09255,0.21345001
test_09256,0.00006002
test_09257,0.17732000
test_09258,0.07172000
test_09259,0.12260002
test_09260,0.00009000
test_09261,0.10711002
test_09262,0.00300997
test_09263,0.06901997
test_09264,0.17989999
test_09265,0.00079000
test_09266,0.00045002
test_09267,0.12558001
test_09268,0.00217998
test_09269,0.04816997
test_09270,0.01801997
test_09271,0.00414002
test_09272,0.00072002
test_09273,0.00001001
test_09274,0.26608002
test_09275,0.00024003
test_09276,0.05549002
test_09277,0.03947997
test_09278,0.01894999
test_09279,0.02370000
test_09280,0.05637997
test_09281,0.10469002
test_09282,0.03039998
test_09283,0.01015002
test_09284,0.00142002
test_09285,0.12967002
test_09286,0.01723999
test_09287,0.00079000
test_09288,0.06650001
test_09289,0.05474001
test_09290,0.00124002
test_09291,0.00007999
test_09292,0.01156998
test_09293,0.00045002
test_09294,0.00005001
test_09295,0.01270002
test_09296,0.07473999
test_09297,0.38318998
test_09298,0.37143999
test_09299,0.00202000
test_09300,0.00259000
test_09301,0.00020999
test_09302,0.00154001
test_09303,0.00001001
test_09304,0.22092998
test_09305,0.01060998
test_09306,0.01024002
test_09307,0.00239003
test_09308,0.00344998
test_09309,0.00002003
test_09310,0.00024003
test_09311,0.10093999
test_09312,0.99757999
test_09313,0.94915003
test_09314,0.99993998
test_09315,0.98834997
test_09316,0.80306000
test_09317,0.99940002
test_09318,0.99269998
test_09319,0.50255001
test_09320,0.99866003
test_09321,0.96978998
test_09322,0.99773002
test_09323,0.99997002
test_09324,0.99394000
test_09325,0.99981999
test_09326,0.94444001
test_09327,0.98218000
test_09328,0.86466002
test_09329,0.61001998
test_09330,0.70881999
test_09331,1.00000000
test_09332,0.99722999
test_09333,0.93663001
test_09334,0.99979001
test_09335,0.96095002
test_09336,0.96912003
test_09337,0.77029997
test_09338,0.60778999
test_09339,0.97882998
test_09340,0.97551000
test_09341,0.99844003
test_09342,0.83315003
test_09343,0.99953997
test_09344,0.86207002
test_09345,0.52956998
test_09346,0.90420002
test_09347,0.99997002
test_09348,0.88634998
test_09349,0.90341997
test_09350,0.99997997
test_09351,0.99707001
test_09352,0.65907001
test_09353,0.99162000
test_09354,0.99524999
test_09355,1.00000000
test_09356,0.98918003
test_09357,0.93216002
test_09358,0.95384002
test_09359,0.99905998
test_09360,0.87216997
test_09361,0.63137001
test_09362,0.85192001
test_09363,0.91582000
test_09364,0.99862999
test_09365,0.97364998
test_09366,0.97263002
test_09367,0.78988999
test_09368,0.51503003
test_09369,0.69116002
test_09370,0.99136001
test_09371,0.93535000
test_09372,0.99177003
test_09373,0.99405003
test_09374,0.99996001
test_09375,0.92591000
test_09376,0.23483998
test_09377,0.34042001
test_09378,0.00844997
test_09379,0.00001001
test_09380,0.03680998
test_09381,0.07801002
test_09382,0.00000000
test_09383,0.13005000
test_09384,0.04049999
test_09385,0.00002003
test_09386,0.01533997
test_09387,0.00031000
test_09388,0.27324998
test_09389,0.01681000
test_09390,0.02372003
test_09391,0.00076002
test_09392,0.00367999
test_09393,0.02973002
test_09394,0.01327997
test_09395,0.11539000
test_09396,0.06875002
test_09397,0.08709002
test_09398,0.15480000
test_09399,0.05141002
test_09400,0.02186000
test_09401,0.00138998
test_09402,0.00279999
test_09403,0.00255001
test_09404,0.02835000
test_09405,0.36962998
test_09406,0.29582000
test_09407,0.01098001
test_09408,0.07388997
test_09409,0.00304002
test_09410,0.00000000
test_09411,0.00221997
test_09412,0.05846000
test_09413,0.00006002
test_09414,0.00035000
test_09415,0.01033002
test_09416,0.00040001
test_09417,0.01947999
test_09418,0.00007999
test_09419,0.18207002
test_09420,0.00375003
test_09421,0.00321001
test_09422,0.08240998
test_09423,0.00576001
test_09424,0.00060999
test_09425,0.01723999
test_09426,0.00923997
test_09427,0.00211000
test_09428,0.04457003
test_09429,0.00037998
test_09430,0.02910000
test_09431,0.00534999
test_09432,0.17084002
test_09433,0.12761003
test_09434,0.00010997
test_09435,0.04601002
test_09436,0.01203001
test_09437,0.00505000
test_09438,0.05940002
test_09439,0.09344000
test_09440,0.99948001
test_09441,0.51571000
test_09442,0.98057997
test_09443,0.90293002
test_09444,0.96802002
test_09445,0.97236001
test_09446,0.56112999
test_09447,0.85996997
test_09448,0.88722998
test_09449,0.99975002
test_09450,0.99935001
test_09451,0.98640001
test_09452,0.99625999
test_09453,0.99599999
test_09454,0.98229998
test_09455,0.99998999
test_09456,0.99116999
test_09457,0.98756999
test_09458,0.54115999
test_09459,0.99962997
test_09460,0.99984002
test_09461,0.99750000
test_09462,0.68308997
test_09463,0.99675000
test_09464,0.58080000
test_09465,0.99984002
test_09466,0.98457003
test_09467,0.94259000
test_09468,0.96029001
test_09469,0.75985003
test_09470,0.99996001
test_09471,0.57765001
test_09472,0.99914998
test_09473,0.95074999
test_09474,0.99827999
test_09475,0.99735999
test_09476,0.56599998
test_09477,0.98522002
test_09478,0.99422002
test_09479,0.73615998
test_09480,0.65679002
test_09481,0.99381000
test_09482,0.99132001
test_09483,0.50632000
test_09484,0.75819999
test_09485,0.99313003
test_09486,0.95600998
test_09487,0.99992001
test_09488,0.58086997
test_09489,0.84261000
test_09490,0.99188000
test_09491,0.93904001
test_09492,1.00000000
test_09493,0.56930000
test_09494,0.95424998
test_09495,0.91140002
test_09496,0.99845999
test_09497,0.98492998
test_09498,0.97943997
test_09499,0.97926003
test_09500,1.00000000
test_09501,0.99880999
test_09502,0.99141997
test_09503,0.76603001
test_09504,0.58611000
test_09505,0.99981999
test_09506,0.65358001
test_09507,0.99980003
test_09508,0.99981999
test_09509,0.70488000
test_09510,0.98430997
test_09511,0.92032999
test_09512,0.99193001
test_09513,0.81891000
test_09514,0.99989998
test_09515,0.53214997
test_09516,0.92357999
test_09517,0.80983001
test_09518,0.98826998
test_09519,0.99642998
test_09520,0.52507001
test_09521,0.99996001
test_09522,0.97325999
test_09523,0.99987000
test_09524,0.97657001
test_09525,0.99971998
test_09526,0.88401997
test_09527,0.97987002
test_09528,0.88437998
test_09529,0.99588001
test_09530,0.98550999
test_09531,0.91940999
test_09532,0.98527998
test_09533,0.97508001
test_09534,0.74638999
test_09535,0.57042003
test_09536,0.09961998
test_09537,0.00000000
test_09538,0.04877001
test_09539,0.00013000
test_09540,0.00002003
test_09541,0.44979000
test_09542,0.01130003
test_09543,0.00006002
test_09544,0.00154001
test_09545,0.29308999
test_09546,0.03741002
test_09547,0.00006002
test_09548,0.00015998
test_09549,0.04461002
test_09550,0.00059998
test_09551,0.08499998
test_09552,0.00149000
test_09553,0.28930998
test_09554,0.18417001
test_09555,0.00048000
test_09556,0.44793999
test_09557,0.10391998
test_09558,0.03349000
test_09559,0.00555003
test_09560,0.27486998
test_09561,0.00537997
test_09562,0.00059003
test_09563,0.31848001
test_09564,0.24102998
test_09565,0.00041997
test_09566,0.37414002
test_09567,0.00060999
test_09568,0.99596000
test_09569,0.70766997
test_09570,0.91921002
test_09571,0.70291001
test_09572,0.94497001
test_09573,0.98014998
test_09574,0.99993002
test_09575,0.97683001
test_09576,0.94874001
test_09577,0.99910003
test_09578,0.86227000
test_09579,0.90613002
test_09580,0.99906999
test_09581,0.99996001
test_09582,0.98632997
test_09583,0.67616999
test_09584,0.99734002
test_09585,0.86442000
test_09586,0.71438998
test_09587,0.99719000
test_09588,0.99993002
test_09589,0.98784000
test_09590,0.99195999
test_09591,0.99985999
test_09592,0.99177003
test_09593,0.53131002
test_09594,0.99822998
test_09595,0.99752003
test_09596,1.00000000
test_09597,0.99997002
test_09598,0.78767997
test_09599,0.99959999
test_09600,0.76950002
test_09601,0.87226999
test_09602,0.92966002
test_09603,0.99892998
test_09604,0.99861997
test_09605,0.59059000
test_09606,0.72439998
test_09607,0.76719999
test_09608,0.94309998
test_09609,0.99900001
test_09610,0.98851001
test_09611,0.67644000
test_09612,0.99971998
test_09613,0.99469000
test_09614,0.84632999
test_09615,0.98247999
test_09616,0.99487001
test_09617,0.99848002
test_09618,0.96421999
test_09619,0.93184000
test_09620,0.99948001
test_09621,0.99757999
test_09622,0.86764997
test_09623,0.99989998
test_09624,0.77355999
test_09625,0.99998999
test_09626,0.99996001
test_09627,0.59050000
test_09628,0.99730998
test_09629,0.99360001
test_09630,0.97340000
test_09631,0.99893999
test_09632,0.00060999
test_09633,0.00160003
test_09634,0.25584000
test_09635,0.00062001
test_09636,0.00142998
test_09637,0.02776003
test_09638,0.13212001
test_09639,0.00541002
test_09640,0.47886002
test_09641,0.28915000
test_09642,0.00002003
test_09643,0.25053000
test_09644,0.35176998
test_09645,0.00805002
test_09646,0.00278997
test_09647,0.38426000
test_09648,0.45222998
test_09649,0.01283997
test_09650,0.02539003
test_09651,0.30668998
test_09652,0.00918001
test_09653,0.25919002
test_09654,0.00159001
test_09655,0.38990998
test_09656,0.00002998
test_09657,0.00046998
test_09658,0.01774001
test_09659,0.44615000
test_09660,0.00287002
test_09661,0.00433999
test_09662,0.19019002
test_09663,0.00098002
test_09664,0.97084999
test_09665,0.59636003
test_09666,0.99523997
test_09667,0.97593999
test_09668,0.99998999
test_09669,0.99981999
test_09670,0.80019999
test_09671,0.99725997
test_09672,0.80140001
test_09673,0.99975002
test_09674,0.80704999
test_09675,0.94660002
test_09676,0.70643997
test_09677,0.91979003
test_09678,0.99980003
test_09679,0.87061000
test_09680,0.99998999
test_09681,0.98482001
test_09682,0.89841002
test_09683,0.82314003
test_09684,0.54517001
test_09685,0.58521003
test_09686,0.97224998
test_09687,0.99943000
test_09688,0.91162997
test_09689,0.96407998
test_09690,0.79636002
test_09691,0.99800003
test_09692,0.88678002
test_09693,0.91576999
test_09694,0.99971998
test_09695,0.92750001
test_09696,0.12963003
test_09697,0.00010997
test_09698,0.00037998
test_09699,0.34773999
test_09700,0.17686999
test_09701,0.13673002
test_09702,0.00015998
test_09703,0.08386999
test_09704,0.34447998
test_09705,0.00006998
test_09706,0.00410002
test_09707,0.00000000
test_09708,0.05812001
test_09709,0.01820999
test_09710,0.18217999
test_09711,0.02898997
test_09712,0.01011002
test_09713,0.00691998
test_09714,0.00199002
test_09715,0.00414002
test_09716,0.08315998
test_09717,0.13808000
test_09718,0.01384002
test_09719,0.02837002
test_09720,0.18759000
test_09721,0.22333997
test_09722,0.00415999
test_09723,0.01230001
test_09724,0.41189998
test_09725,0.05782998
test_09726,0.06689000
test_09727,0.00474000
test_09728,0.67970002
test_09729,0.65043998
test_09730,0.99908000
test_09731,0.82062000
test_09732,0.91359001
test_09733,0.95181000
test_09734,0.98659998
test_09735,0.75125003
test_09736,0.99489999
test_09737,0.99014997
test_09738,0.99629003
test_09739,0.78931999
test_09740,0.81348002
test_09741,0.52052999
test_09742,0.99996001
test_09743,0.97798002
test_09744,0.99959999
test_09745,0.98777997
test_09746,0.99940002
test_09747,0.82911998
test_09748,0.99659002
test_09749,0.99994999
test_09750,0.99980003
test_09751,0.80032003
test_09752,0.99707001
test_09753,0.99983001
test_09754,0.99981999
test_09755,0.50932997
test_09756,0.99997997
test_09757,0.99646002
test_09758,0.99922001
test_09759,0.99563998
test_09760,0.08766001
test_09761,0.04501998
test_09762,0.00028002
test_09763,0.00336999
test_09764,0.00773001
test_09765,0.00318998
test_09766,0.00006998
test_09767,0.01143003
test_09768,0.05844003
test_09769,0.00178999
test_09770,0.00928998
test_09771,0.13369000
test_09772,0.04294997
test_09773,0.00546998
test_09774,0.01940000
test_09775,0.00983000
test_09776,0.12585002
test_09777,0.22482002
test_09778,0.03622001
test_09779,0.00343001
test_09780,0.00919998
test_09781,0.30625999
test_09782,0.00129002
test_09783,0.00003999
test_09784,0.02914000
test_09785,0.00002998
test_09786,0.09103000
test_09787,0.30225998
test_09788,0.00020999
test_09789,0.30470997
test_09790,0.02339000
test_09791,0.16775000
test_09792,0.78241003
test_09793,0.62466002
test_09794,0.78004998
test_09795,0.70736998
test_09796,0.52117997
test_09797,0.83371001
test_09798,1.00000000
test_09799,0.99708003
test_09800,0.98339999
test_09801,0.80239999
test_09802,0.99998999
test_09803,0.99567997
test_09804,0.95859998
test_09805,0.66492999
test_09806,0.99860001
test_09807,0.99987000
test_09808,0.97658998
test_09809,0.86161000
test_09810,0.99997997
test_09811,0.52190000
test_09812,0.51836002
test_09813,0.99855000
test_09814,0.82918000
test_09815,0.79854000
test_09816,0.64872998
test_09817,0.68629998
test_09818,0.99983001
test_09819,0.82941997
test_09820,0.97741002
test_09821,0.99997002
test_09822,0.99989003
test_09823,1.00000000
test_09824,0.98707002
test_09825,0.99722999
test_09826,0.99985999
test_09827,0.93633002
test_09828,0.98237002
test_09829,0.79775000
test_09830,0.99923998
test_09831,0.99984998
test_09832,0.99765003
test_09833,0.99997002
test_09834,0.99993002
test_09835,0.99975997
test_09836,0.99994999
test_09837,0.99967003
test_09838,0.99994999
test_09839,0.99259001
test_09840,0.78388000
test_09841,0.99900001
test_09842,0.98575997
test_09843,0.99495000
test_09844,0.97714001
test_09845,0.62248999
test_09846,0.98381001
test_09847,0.99526000
test_09848,0.58652002
test_09849,0.99966002
test_09850,0.99865001
test_09851,0.99825001
test_09852,0.99962997
test_09853,0.99997997
test_09854,0.99763000
test_09855,0.98790997
test_09856,0.00253999
test_09857,0.00308001
test_09858,0.01537001
test_09859,0.04403001
test_09860,0.02933002
test_09861,0.00334001
test_09862,0.33724999
test_09863,0.00145000
test_09864,0.00001001
test_09865,0.01583999
test_09866,0.02958000
test_09867,0.00002998
test_09868,0.00048000
test_09869,0.00046998
test_09870,0.14630002
test_09871,0.01366001
test_09872,0.04070002
test_09873,0.00077999
test_09874,0.18677998
test_09875,0.00002003
test_09876,0.16613001
test_09877,0.28868002
test_09878,0.00379997
test_09879,0.00072002
test_09880,0.00015998
test_09881,0.00019997
test_09882,0.00941002
test_09883,0.21315998
test_09884,0.00208998
test_09885,0.00002998
test_09886,0.01411998
test_09887,0.05602002
test_09888,0.11410999
test_09889,0.00149000
test_09890,0.00202000
test_09891,0.03100002
test_09892,0.00001001
test_09893,0.00029999
test_09894,0.00121999
test_09895,0.11067998
test_09896,0.38685000
test_09897,0.00323999
test_09898,0.00010997
test_09899,0.01023000
test_09900,0.00019002
test_09901,0.07980001
test_09902,0.00137001
test_09903,0.42150003
test_09904,0.00068998
test_09905,0.00005001
test_09906,0.37348002
test_09907,0.00001001
test_09908,0.00023001
test_09909,0.00994003
test_09910,0.10114002
test_09911,0.20814002
test_09912,0.03008997
test_09913,0.18778998
test_09914,0.23479998
test_09915,0.05811000
test_09916,0.01203001
test_09917,0.01852000
test_09918,0.01836002
test_09919,0.13164002
test_09920,0.00676000
test_09921,0.00005001
test_09922,0.13467997
test_09923,0.40821999
test_09924,0.09810001
test_09925,0.00002003
test_09926,0.00019997
test_09927,0.09328002
test_09928,0.01312000
test_09929,0.00885999
test_09930,0.00383002
test_09931,0.12753999
test_09932,0.00000000
test_09933,0.18048000
test_09934,0.02423000
test_09935,0.12514001
test_09936,0.00000000
test_09937,0.00884998
test_09938,0.00037998
test_09939,0.18668997
test_09940,0.27507001
test_09941,0.00193000
test_09942,0.08879000
test_09943,0.00000000
test_09944,0.00003999
test_09945,0.00009000
test_09946,0.00149000
test_09947,0.00111002
test_09948,0.12787998
test_09949,0.02006000
test_09950,0.28662002
test_09951,0.00418001
test_09952,0.97158998
test_09953,0.95877999
test_09954,0.66339999
test_09955,0.50533998
test_09956,0.99659997
test_09957,0.98913002
test_09958,0.99664998
test_09959,0.97542000
test_09960,0.99997997
test_09961,0.70490998
test_09962,0.99971998
test_09963,0.96601999
test_09964,0.88836998
test_09965,0.99498999
test_09966,0.99993002
test_09967,0.96877003
test_09968,0.99242997
test_09969,0.96776998
test_09970,0.98996001
test_09971,0.98240000
test_09972,0.66606998
test_09973,0.78713000
test_09974,0.99993002
test_09975,0.99983001
test_09976,0.85165000
test_09977,0.94239998
test_09978,0.74423999
test_09979,0.63221002
test_09980,0.93871999
test_09981,0.99588001
test_09982,0.99879998
test_09983,0.76154000
test_09984,0.00647998
test_09985,0.00194001
test_09986,0.01800001
test_09987,0.00222999
test_09988,0.00294000
test_09989,0.00255001
test_09990,0.04121000
test_09991,0.02096999
test_09992,0.00616002
test_09993,0.00009000
test_09994,0.00009000
test_09995,0.00002998
test_09996,0.00002003
test_09997,0.38129997
test_09998,0.02278000
test_09999,0.00046998
test_10000,0.00305998
test_10001,0.00002998
test_10002,0.00010002
test_10003,0.00001001
test_10004,0.00195003
test_10005,0.00602001
test_10006,0.00680000
test_10007,0.08828998
test_10008,0.01612002
test_10009,0.01008999
test_10010,0.00011998
test_10011,0.48730999
test_10012,0.01463002
test_10013,0.29724002
test_10014,0.00050002
test_10015,0.04624999
test_10016,0.60948002
test_10017,0.98733002
test_10018,0.91504002
test_10019,0.96073997
test_10020,0.97358000
test_10021,0.96322000
test_10022,0.98202997
test_10023,0.99971998
test_10024,0.99969000
test_10025,0.97670001
test_10026,0.97694999
test_10027,0.82599002
test_10028,0.99974000
test_10029,0.99756998
test_10030,0.99945003
test_10031,0.78078002
test_10032,0.51349998
test_10033,0.94573998
test_10034,0.71881002
test_10035,0.75149000
test_10036,0.91588998
test_10037,0.99996001
test_10038,0.99997002
test_10039,0.94094998
test_10040,0.99892002
test_10041,0.82300001
test_10042,0.96574998
test_10043,0.99934000
test_10044,0.99107999
test_10045,0.70523000
test_10046,0.99905002
test_10047,0.98868001
test_10048,0.70143002
test_10049,0.90752000
test_10050,0.99730003
test_10051,0.63235998
test_10052,0.99106002
test_10053,0.60531998
test_10054,0.98465002
test_10055,0.98842001
test_10056,0.99978000
test_10057,0.99460000
test_10058,0.98782003
test_10059,0.99462998
test_10060,0.97016001
test_10061,0.73440999
test_10062,0.99542999
test_10063,0.99989998
test_10064,0.99994999
test_10065,0.94722998
test_10066,0.99969000
test_10067,0.85907000
test_10068,0.57871002
test_10069,0.90306002
test_10070,0.94027001
test_10071,0.99993002
test_10072,0.99397999
test_10073,0.57534999
test_10074,0.99921000
test_10075,0.98808002
test_10076,0.91500002
test_10077,0.55484998
test_10078,0.99899000
test_10079,0.99375999
test_10080,0.00002998
test_10081,0.17277998
test_10082,0.00029999
test_10083,0.02656001
test_10084,0.00602001
test_10085,0.27594000
test_10086,0.13213003
test_10087,0.00040001
test_10088,0.34689999
test_10089,0.14058000
test_10090,0.08951002
test_10091,0.00002003
test_10092,0.00005001
test_10093,0.46487999
test_10094,0.09709001
test_10095,0.00046998
test_10096,0.02073002
test_10097,0.00000000
test_10098,0.00326002
test_10099,0.02406001
test_10100,0.00001001
test_10101,0.00020999
test_10102,0.03732002
test_10103,0.00795001
test_10104,0.00011998
test_10105,0.00000000
test_10106,0.00070000
test_10107,0.00335997
test_10108,0.00029999
test_10109,0.00370997
test_10110,0.00286001
test_10111,0.17030001
test_10112,0.00422001
test_10113,0.20311999
test_10114,0.02528000
test_10115,0.00001001
test_10116,0.00007999
test_10117,0.01134998
test_10118,0.01107001
test_10119,0.00000000
test_10120,0.23044997
test_10121,0.00079000
test_10122,0.43172997
test_10123,0.47560000
test_10124,0.27854002
test_10125,0.05813998
test_10126,0.27302998
test_10127,0.00335002
test_10128,0.09895003
test_10129,0.03065002
test_10130,0.05510998
test_10131,0.00112998
test_10132,0.03417999
test_10133,0.00000000
test_10134,0.26058000
test_10135,0.00045002
test_10136,0.06325001
test_10137,0.01012999
test_10138,0.00621998
test_10139,0.32516998
test_10140,0.05385000
test_10141,0.20321000
test_10142,0.00265002
test_10143,0.00044000
test_10144,0.26226997
test_10145,0.09658998
test_10146,0.00702000
test_10147,0.00003999
test_10148,0.00001001
test_10149,0.01210999
test_10150,0.01488000
test_10151,0.31831998
test_10152,0.00114000
test_10153,0.01529002
test_10154,0.00022000
test_10155,0.01427001
test_10156,0.00230998
test_10157,0.33701998
test_10158,0.00015002
test_10159,0.06001002
test_10160,0.07429999
test_10161,0.21425998
test_10162,0.00000000
test_10163,0.00603002
test_10164,0.00296003
test_10165,0.00164002
test_10166,0.00111997
test_10167,0.00050998
test_10168,0.37535000
test_10169,0.00010997
test_10170,0.00090998
test_10171,0.01348001
test_10172,0.25445998
test_10173,0.01679999
test_10174,0.00060999
test_10175,0.09887999
test_10176,0.00184000
test_10177,0.00023001
test_10178,0.07622999
test_10179,0.16171002
test_10180,0.02907002
test_10181,0.00164998
test_10182,0.00103998
test_10183,0.02635002
test_10184,0.13843000
test_10185,0.33890003
test_10186,0.05309999
test_10187,0.00480998
test_10188,0.00111002
test_10189,0.24146998
test_10190,0.00088000
test_10191,0.36330003
test_10192,0.00159001
test_10193,0.22082001
test_10194,0.04042000
test_10195,0.00051999
test_10196,0.44317001
test_10197,0.00084001
test_10198,0.40631998
test_10199,0.02772999
test_10200,0.36528999
test_10201,0.00105000
test_10202,0.00800002
test_10203,0.00181001
test_10204,0.03306001
test_10205,0.01288998
test_10206,0.04449999
test_10207,0.01300001
test_10208,0.56028003
test_10209,1.00000000
test_10210,0.81974000
test_10211,0.99997002
test_10212,0.99996001
test_10213,0.83679998
test_10214,0.92113000
test_10215,0.99975002
test_10216,0.93419999
test_10217,0.99967003
test_10218,0.99839997
test_10219,0.98896003
test_10220,0.99831003
test_10221,0.97553998
test_10222,0.99602002
test_10223,0.99959999
test_10224,0.72447002
test_10225,0.51441997
test_10226,0.99198002
test_10227,0.97802001
test_10228,0.98198003
test_10229,0.86531001
test_10230,0.99838001
test_10231,0.99786001
test_10232,0.99937999
test_10233,0.99791998
test_10234,0.99940997
test_10235,0.58849001
test_10236,0.81032997
test_10237,0.98931998
test_10238,0.99870998
test_10239,0.99989998
test_10240,0.99422002
test_10241,0.62024999
test_10242,0.99172997
test_10243,0.98461002
test_10244,0.62884998
test_10245,0.51383001
test_10246,0.99962002
test_10247,0.72285998
test_10248,0.53890997
test_10249,0.80937999
test_10250,0.84039998
test_10251,0.99961001
test_10252,0.99994999
test_10253,0.99972999
test_10254,0.99116999
test_10255,0.99887002
test_10256,0.50762999
test_10257,0.84298003
test_10258,0.76094002
test_10259,0.80738997
test_10260,0.94038999
test_10261,0.99930000
test_10262,0.58411002
test_10263,0.99219000
test_10264,0.60861999
test_10265,0.99971002
test_10266,0.89082003
test_10267,0.98290002
test_10268,0.99892002
test_10269,0.91200000
test_10270,0.96109998
test_10271,0.99954998
test_10272,0.35924000
test_10273,0.00221002
test_10274,0.07023001
test_10275,0.09349000
test_10276,0.00000000
test_10277,0.00138998
test_10278,0.03298002
test_10279,0.12788999
test_10280,0.01008999
test_10281,0.00309002
test_10282,0.18937999
test_10283,0.00005001
test_10284,0.48844999
test_10285,0.01352000
test_10286,0.00682998
test_10287,0.31968999
test_10288,0.07225001
test_10289,0.43829000
test_10290,0.00001001
test_10291,0.05514002
test_10292,0.48334002
test_10293,0.00466001
test_10294,0.00156999
test_10295,0.02239001
test_10296,0.13650000
test_10297,0.04272997
test_10298,0.01068002
test_10299,0.00296003
test_10300,0.34794998
test_10301,0.29917997
test_10302,0.00001001
test_10303,0.00114000
test_10304,0.97952998
test_10305,0.83566999
test_10306,0.99895000
test_10307,0.99975997
test_10308,0.89714003
test_10309,0.99568999
test_10310,0.95560998
test_10311,0.78617001
test_10312,0.99406999
test_10313,0.51879001
test_10314,0.99891001
test_10315,0.99776000
test_10316,0.99997997
test_10317,0.79692000
test_10318,0.91341001
test_10319,0.78074998
test_10320,0.96961999
test_10321,0.99988002
test_10322,0.53346997
test_10323,0.93584001
test_10324,0.99794000
test_10325,0.99856001
test_10326,1.00000000
test_10327,0.99914998
test_10328,0.98909998
test_10329,0.99878001
test_10330,0.99581999
test_10331,0.99466002
test_10332,0.99989998
test_10333,1.00000000
test_10334,0.89846998
test_10335,0.99980003
test_10336,0.74093997
test_10337,0.69648999
test_10338,0.80532002
test_10339,1.00000000
test_10340,1.00000000
test_10341,0.99983001
test_10342,0.96569002
test_10343,0.95789999
test_10344,0.96730000
test_10345,0.59548002
test_10346,0.99967003
test_10347,0.97768003
test_10348,0.88393003
test_10349,0.69068003
test_10350,0.97679001
test_10351,0.99163997
test_10352,0.99949998
test_10353,0.99746001
test_10354,1.00000000
test_10355,0.64111000
test_10356,0.90121001
test_10357,0.65417999
test_10358,0.85733002
test_10359,0.99080998
test_10360,0.86843997
test_10361,0.99970001
test_10362,0.81413001
test_10363,0.93357998
test_10364,0.91266000
test_10365,0.59882998
test_10366,0.70633000
test_10367,0.91452003
test_10368,0.05324000
test_10369,0.00064999
test_10370,0.43460000
test_10371,0.00414002
test_10372,0.00352001
test_10373,0.01798999
test_10374,0.00290000
test_10375,0.48345000
test_10376,0.00369000
test_10377,0.00623000
test_10378,0.00180000
test_10379,0.05397999
test_10380,0.00555998
test_10381,0.46131003
test_10382,0.09921998
test_10383,0.12673002
test_10384,0.00024003
test_10385,0.04505002
test_10386,0.29762000
test_10387,0.00023001
test_10388,0.14355999
test_10389,0.00326997
test_10390,0.01808000
test_10391,0.46688998
test_10392,0.04010999
test_10393,0.01543999
test_10394,0.10020000
test_10395,0.01574999
test_10396,0.28908002
test_10397,0.05668002
test_10398,0.14472997
test_10399,0.00980997
test_10400,0.99997997
test_10401,0.74845999
test_10402,0.99607998
test_10403,0.99519002
test_10404,0.63360000
test_10405,0.88891000
test_10406,0.99962997
test_10407,0.99978000
test_10408,0.99579000
test_10409,0.99571002
test_10410,0.99470001
test_10411,0.87760001
test_10412,0.92616999
test_10413,0.79128999
test_10414,0.88770002
test_10415,0.86365998
test_10416,0.99304998
test_10417,0.99965000
test_10418,0.61576998
test_10419,0.99616998
test_10420,0.95472997
test_10421,0.96348000
test_10422,0.96704000
test_10423,0.99966002
test_10424,0.99479002
test_10425,0.71160001
test_10426,0.92831999
test_10427,0.99984002
test_10428,0.72913003
test_10429,0.97693998
test_10430,0.99602997
test_10431,0.97671998
test_10432,0.00095999
test_10433,0.00002998
test_10434,0.00000000
test_10435,0.00193000
test_10436,0.00272000
test_10437,0.02591997
test_10438,0.00010002
test_10439,0.04642999
test_10440,0.00906003
test_10441,0.23449999
test_10442,0.03599000
test_10443,0.00000000
test_10444,0.37112999
test_10445,0.02067000
test_10446,0.00080001
test_10447,0.00051999
test_10448,0.00032997
test_10449,0.01670998
test_10450,0.00878000
test_10451,0.00006998
test_10452,0.00010997
test_10453,0.01441997
test_10454,0.47632998
test_10455,0.33595997
test_10456,0.17597997
test_10457,0.00088000
test_10458,0.18440002
test_10459,0.26675999
test_10460,0.34565997
test_10461,0.07905000
test_10462,0.07195997
test_10463,0.15318000
test_10464,0.61892998
test_10465,0.99878001
test_10466,0.99970001
test_10467,0.98021001
test_10468,0.97196001
test_10469,0.94752002
test_10470,0.99883997
test_10471,0.96684003
test_10472,0.99927998
test_10473,0.99549001
test_10474,0.99981999
test_10475,0.87045002
test_10476,0.97447997
test_10477,0.82854998
test_10478,0.99949002
test_10479,0.99813998
test_10480,1.00000000
test_10481,0.92141002
test_10482,0.99580997
test_10483,0.97856998
test_10484,0.98819000
test_10485,0.99813998
test_10486,0.98299003
test_10487,0.99924999
test_10488,0.99957001
test_10489,0.97083002
test_10490,0.99922001
test_10491,0.88795000
test_10492,0.97916001
test_10493,0.99423999
test_10494,0.50806999
test_10495,0.99957001
test_10496,0.98532999
test_10497,0.99842000
test_10498,0.99818999
test_10499,0.99891001
test_10500,0.99773002
test_10501,0.75234997
test_10502,0.57243001
test_10503,0.94986999
test_10504,0.91311002
test_10505,0.95422000
test_10506,0.99976999
test_10507,0.99730998
test_10508,0.51239997
test_10509,0.99738002
test_10510,0.99254000
test_10511,0.99633002
test_10512,0.83688998
test_10513,0.99997002
test_10514,0.99984002
test_10515,0.96705002
test_10516,0.77613002
test_10517,0.65065002
test_10518,0.87252998
test_10519,0.99956000
test_10520,0.99994999
test_10521,0.99897999
test_10522,0.94827998
test_10523,1.00000000
test_10524,0.85821003
test_10525,0.98995000
test_10526,0.99958998
test_10527,0.97433001
test_10528,0.99931002
test_10529,0.99756002
test_10530,0.77042001
test_10531,0.99976999
test_10532,0.90315002
test_10533,0.78621000
test_10534,0.62449998
test_10535,0.91657001
test_10536,0.99945998
test_10537,0.99175000
test_10538,0.99618000
test_10539,0.74730998
test_10540,0.97021002
test_10541,0.99663001
test_10542,0.99993002
test_10543,0.95688999
test_10544,0.98417002
test_10545,0.51678997
test_10546,0.64639002
test_10547,0.95424002
test_10548,0.98863000
test_10549,0.73382998
test_10550,0.99993998
test_10551,0.99053001
test_10552,0.99969000
test_10553,0.99918002
test_10554,1.00000000
test_10555,0.99984998
test_10556,0.92624998
test_10557,0.55697000
test_10558,0.98580998
test_10559,0.99987000
test_10560,0.99941999
test_10561,0.96720999
test_10562,0.99686998
test_10563,0.99716002
test_10564,0.99989998
test_10565,0.99836999
test_10566,0.99664998
test_10567,0.97548002
test_10568,0.99580002
test_10569,0.96069998
test_10570,0.99123001
test_10571,0.99993002
test_10572,0.99996001
test_10573,0.99327999
test_10574,0.86724001
test_10575,0.97802001
test_10576,0.74036998
test_10577,0.79565001
test_10578,0.99875998
test_10579,0.75985998
test_10580,0.72092998
test_10581,0.99368000
test_10582,0.99980003
test_10583,0.87303001
test_10584,0.97338003
test_10585,0.99918002
test_10586,0.99760002
test_10587,0.99476999
test_10588,0.99672002
test_10589,0.92553002
test_10590,0.95292002
test_10591,0.99778998
test_10592,0.06250000
test_10593,0.00164998
test_10594,0.00050002
test_10595,0.18360001
test_10596,0.00050998
test_10597,0.00079000
test_10598,0.00009000
test_10599,0.00006998
test_10600,0.00195998
test_10601,0.35431999
test_10602,0.02113998
test_10603,0.00976002
test_10604,0.00906998
test_10605,0.00498003
test_10606,0.00002998
test_10607,0.01454997
test_10608,0.46807998
test_10609,0.00093001
test_10610,0.49184000
test_10611,0.02563000
test_10612,0.01257002
test_10613,0.03613001
test_10614,0.15723002
test_10615,0.00127000
test_10616,0.00001001
test_10617,0.00103998
test_10618,0.00006998
test_10619,0.00002003
test_10620,0.00040001
test_10621,0.00018001
test_10622,0.09957999
test_10623,0.00097001
test_10624,0.00463003
test_10625,0.03678000
test_10626,0.00092000
test_10627,0.21695000
test_10628,0.00031000
test_10629,0.01804000
test_10630,0.00035000
test_10631,0.08218998
test_10632,0.11118001
test_10633,0.00064999
test_10634,0.00001001
test_10635,0.00009000
test_10636,0.42236000
test_10637,0.02456999
test_10638,0.02037001
test_10639,0.01038003
test_10640,0.03785998
test_10641,0.00000000
test_10642,0.02740002
test_10643,0.00013000
test_10644,0.00092000
test_10645,0.10762000
test_10646,0.01687002
test_10647,0.21468002
test_10648,0.29851002
test_10649,0.00001001
test_10650,0.28406000
test_10651,0.12276000
test_10652,0.14166999
test_10653,0.00015002
test_10654,0.39073998
test_10655,0.03662997
test_10656,0.99998999
test_10657,0.98961997
test_10658,0.77785999
test_10659,0.99061000
test_10660,0.85637999
test_10661,0.99803001
test_10662,0.98407000
test_10663,0.80232000
test_10664,0.99992001
test_10665,0.77474999
test_10666,0.55445999
test_10667,0.85956001
test_10668,0.87461001
test_10669,0.64385003
test_10670,0.99997997
test_10671,0.81322002
test_10672,0.60075998
test_10673,0.95618999
test_10674,0.58173001
test_10675,0.80091000
test_10676,0.99181998
test_10677,0.99962997
test_10678,0.71592999
test_10679,0.92786002
test_10680,0.99899000
test_10681,0.99989998
test_10682,0.99241000
test_10683,0.92852998
test_10684,0.99778003
test_10685,0.97193003
test_10686,0.99831003
test_10687,0.68251002
test_10688,0.04157001
test_10689,0.01191002
test_10690,0.00080001
test_10691,0.03053999
test_10692,0.33951998
test_10693,0.00158000
test_10694,0.17613000
test_10695,0.00005001
test_10696,0.01792997
test_10697,0.00001001
test_10698,0.00874001
test_10699,0.00410998
test_10700,0.00013000
test_10701,0.38683999
test_10702,0.00063002
test_10703,0.20262998
test_10704,0.01473999
test_10705,0.46096998
test_10706,0.00224000
test_10707,0.00033998
test_10708,0.00000000
test_10709,0.00005001
test_10710,0.00825000
test_10711,0.00146002
test_10712,0.00009000
test_10713,0.17032999
test_10714,0.05242997
test_10715,0.12491000
test_10716,0.26200002
test_10717,0.00011998
test_10718,0.42930001
test_10719,0.38597000
test_10720,0.98798001
test_10721,0.99998999
test_10722,0.98738998
test_10723,0.57964998
test_10724,0.88900000
test_10725,0.90578002
test_10726,0.91413999
test_10727,0.85332000
test_10728,0.99286002
test_10729,0.99667001
test_10730,0.93039000
test_10731,0.99967003
test_10732,0.96017998
test_10733,0.87492001
test_10734,0.88261998
test_10735,0.99858999
test_10736,0.89605999
test_10737,0.99900001
test_10738,0.99879998
test_10739,0.99996001
test_10740,0.99948001
test_10741,0.99984002
test_10742,0.85613000
test_10743,0.99880999
test_10744,0.97566998
test_10745,0.97065997
test_10746,0.74067998
test_10747,0.99949002
test_10748,0.93764001
test_10749,0.99998999
test_10750,0.99537998
test_10751,0.99581999
test_10752,0.99953002
test_10753,0.99861997
test_10754,0.99361002
test_10755,0.99989003
test_10756,0.99418998
test_10757,0.96166003
test_10758,0.99419999
test_10759,0.97068000
test_10760,0.99054998
test_10761,0.99936002
test_10762,0.99697000
test_10763,0.90154999
test_10764,0.99984998
test_10765,0.57604998
test_10766,0.95901000
test_10767,0.64844000
test_10768,0.96297002
test_10769,0.98466998
test_10770,0.99958998
test_10771,0.99129999
test_10772,0.99783999
test_10773,1.00000000
test_10774,0.98172998
test_10775,0.79404002
test_10776,0.95322001
test_10777,0.99922001
test_10778,0.99997997
test_10779,0.99860001
test_10780,0.99992001
test_10781,0.99972999
test_10782,0.96133000
test_10783,0.97533000
test_10784,0.00000000
test_10785,0.29487997
test_10786,0.18502003
test_10787,0.00185001
test_10788,0.06685001
test_10789,0.01227999
test_10790,0.37506002
test_10791,0.24000001
test_10792,0.00014001
test_10793,0.00064999
test_10794,0.38507998
test_10795,0.35803002
test_10796,0.05873001
test_10797,0.13358998
test_10798,0.25102001
test_10799,0.00967997
test_10800,0.00176001
test_10801,0.04790998
test_10802,0.18602002
test_10803,0.16623998
test_10804,0.00068998
test_10805,0.02056998
test_10806,0.00046998
test_10807,0.00506997
test_10808,0.00028998
test_10809,0.00058001
test_10810,0.00686997
test_10811,0.00598001
test_10812,0.31987000
test_10813,0.00026000
test_10814,0.00198001
test_10815,0.00024003
test_10816,0.01331002
test_10817,0.30443001
test_10818,0.00001001
test_10819,0.00163001
test_10820,0.00089997
test_10821,0.01419002
test_10822,0.27792001
test_10823,0.17045999
test_10824,0.00010002
test_10825,0.01912999
test_10826,0.00226003
test_10827,0.24756998
test_10828,0.00019002
test_10829,0.01213002
test_10830,0.00001001
test_10831,0.26422000
test_10832,0.20829999
test_10833,0.05181998
test_10834,0.00007999
test_10835,0.00208002
test_10836,0.00066000
test_10837,0.29449999
test_10838,0.43058002
test_10839,0.01214999
test_10840,0.00985003
test_10841,0.00299001
test_10842,0.46682000
test_10843,0.00009000
test_10844,0.14139998
test_10845,0.00005001
test_10846,0.00000000
test_10847,0.17989999
test_10848,0.09882998
test_10849,0.00712001
test_10850,0.00098997
test_10851,0.00101000
test_10852,0.00923997
test_10853,0.24608999
test_10854,0.22891003
test_10855,0.04140002
test_10856,0.05233002
test_10857,0.10365999
test_10858,0.27315998
test_10859,0.00937998
test_10860,0.02231997
test_10861,0.20199001
test_10862,0.24772000
test_10863,0.00037998
test_10864,0.01292002
test_10865,0.00405002
test_10866,0.02287000
test_10867,0.01121002
test_10868,0.00194001
test_10869,0.00919002
test_10870,0.46605998
test_10871,0.00024003
test_10872,0.00001001
test_10873,0.00120997
test_10874,0.30539000
test_10875,0.39269000
test_10876,0.03842998
test_10877,0.00757998
test_10878,0.00519001
test_10879,0.03604001
test_10880,0.97271001
test_10881,0.99996001
test_10882,0.93422002
test_10883,0.78527999
test_10884,0.99997997
test_10885,0.76916999
test_10886,0.81107002
test_10887,0.99710000
test_10888,0.99852997
test_10889,0.75309998
test_10890,0.91868001
test_10891,0.93362999
test_10892,0.99703997
test_10893,0.97513002
test_10894,0.74072999
test_10895,0.99871999
test_10896,0.97359997
test_10897,0.99473000
test_10898,0.92470002
test_10899,0.92023998
test_10900,0.71669000
test_10901,0.99681002
test_10902,0.89033002
test_10903,0.63937002
test_10904,0.98874003
test_10905,0.99892002
test_10906,0.98891997
test_10907,0.99998999
test_10908,0.54901999
test_10909,0.99971002
test_10910,0.99640000
test_10911,0.99936998
test_10912,0.97329998
test_10913,0.99036998
test_10914,1.00000000
test_10915,0.99105000
test_10916,0.99734998
test_10917,0.56207001
test_10918,0.86025000
test_10919,0.99983001
test_10920,0.99681002
test_10921,0.99611998
test_10922,0.95344001
test_10923,1.00000000
test_10924,1.00000000
test_10925,0.97649997
test_10926,0.99861997
test_10927,0.81396002
test_10928,0.98475999
test_10929,0.92197001
test_10930,0.94309998
test_10931,0.90990001
test_10932,0.99958998
test_10933,0.97842002
test_10934,0.99974000
test_10935,0.99747998
test_10936,0.74607003
test_10937,0.99985999
test_10938,0.80247003
test_10939,0.59037000
test_10940,0.99996001
test_10941,0.98973000
test_10942,0.93800002
test_10943,0.99909002
test_10944,0.97279000
test_10945,0.99980003
test_10946,0.99877000
test_10947,0.99773002
test_10948,0.98909003
test_10949,0.97381002
test_10950,0.76564997
test_10951,0.99576998
test_10952,0.99984002
test_10953,0.97764999
test_10954,0.99996001
test_10955,0.99479997
test_10956,0.95705998
test_10957,0.94950998
test_10958,0.77814001
test_10959,0.83223999
test_10960,0.99953002
test_10961,0.99558997
test_10962,0.85588998
test_10963,0.78825998
test_10964,0.51622999
test_10965,0.93724000
test_10966,0.96257001
test_10967,0.97776997
test_10968,0.99725002
test_10969,0.92423999
test_10970,0.94270003
test_10971,0.90955001
test_10972,0.61938000
test_10973,0.99984002
test_10974,0.94815999
test_10975,0.99998999
test_10976,0.99760002
test_10977,0.85777003
test_10978,0.98271000
test_10979,0.92887998
test_10980,0.99979001
test_10981,0.99493998
test_10982,0.99979001
test_10983,0.99153000
test_10984,0.99996001
test_10985,0.99993002
test_10986,0.99773002
test_10987,0.99965000
test_10988,0.99924999
test_10989,0.85174000
test_10990,0.67641002
test_10991,0.99809003
test_10992,0.99978000
test_10993,0.99686998
test_10994,0.99896002
test_10995,0.96741998
test_10996,0.99912000
test_10997,0.99978000
test_10998,0.97062999
test_10999,0.89686000
test_11000,0.80588001
test_11001,0.99891001
test_11002,0.99962002
test_11003,0.91961998
test_11004,0.80634999
test_11005,0.99653000
test_11006,0.94724000
test_11007,0.99840999
test_11008,0.59838998
test_11009,0.97855002
test_11010,0.99930000
test_11011,0.99712002
test_11012,0.98282999
test_11013,0.99537998
test_11014,0.98610997
test_11015,0.99835998
test_11016,0.99339998
test_11017,0.98048002
test_11018,0.99599999
test_11019,0.97710001
test_11020,0.91591001
test_11021,0.99580002
test_11022,0.95757002
test_11023,0.95955998
test_11024,0.99365002
test_11025,0.92613000
test_11026,0.99769998
test_11027,0.99997002
test_11028,0.99418002
test_11029,0.96213001
test_11030,0.99997002
test_11031,0.99453998
test_11032,0.98497999
test_11033,0.99118000
test_11034,0.99849999
test_11035,0.99997997
test_11036,0.94825000
test_11037,0.99368000
test_11038,0.99523002
test_11039,0.88915998
test_11040,0.99937999
test_11041,0.97782999
test_11042,0.71903002
test_11043,0.99980998
test_11044,0.99998999
test_11045,0.97757000
test_11046,0.99884999
test_11047,0.87849998
test_11048,0.99821001
test_11049,0.98297000
test_11050,0.99994999
test_11051,0.99971998
test_11052,0.99958998
test_11053,0.99997997
test_11054,0.98504001
test_11055,0.97494000
test_11056,0.99972999
test_11057,0.99897999
test_11058,0.99751002
test_11059,0.64520001
test_11060,0.99654001
test_11061,0.99750000
test_11062,0.99976999
test_11063,0.65493000
test_11064,0.99734998
test_11065,0.99594003
test_11066,1.00000000
test_11067,0.99936998
test_11068,0.99135000
test_11069,0.99796999
test_11070,0.99983001
test_11071,0.99913001
test_11072,0.00520003
test_11073,0.00476003
test_11074,0.00445998
test_11075,0.00015998
test_11076,0.09245998
test_11077,0.17756999
test_11078,0.00142002
test_11079,0.00019002
test_11080,0.44836003
test_11081,0.00003999
test_11082,0.15753001
test_11083,0.11396003
test_11084,0.04313999
test_11085,0.19480002
test_11086,0.00511998
test_11087,0.00418001
test_11088,0.00019002
test_11089,0.49186999
test_11090,0.04728001
test_11091,0.00247002
test_11092,0.00234997
test_11093,0.00103003
test_11094,0.00217998
test_11095,0.09505999
test_11096,0.38707000
test_11097,0.43544000
test_11098,0.48082000
test_11099,0.00360000
test_11100,0.00003999
test_11101,0.06434000
test_11102,0.01349998
test_11103,0.00040001
test_11104,0.99685001
test_11105,0.99316001
test_11106,0.50576001
test_11107,0.95093000
test_11108,0.97640997
test_11109,0.95485997
test_11110,0.99574000
test_11111,0.99997002
test_11112,0.92838001
test_11113,0.51245999
test_11114,0.82016999
test_11115,0.99247003
test_11116,0.99991000
test_11117,0.94881999
test_11118,0.99952000
test_11119,0.97500002
test_11120,0.99752998
test_11121,0.96082002
test_11122,0.92275000
test_11123,0.99952000
test_11124,0.99993002
test_11125,0.99989003
test_11126,0.99809003
test_11127,0.99246001
test_11128,0.99168998
test_11129,0.70563000
test_11130,0.99998999
test_11131,0.99173999
test_11132,0.99381000
test_11133,0.89652002
test_11134,0.94950002
test_11135,0.99224001
test_11136,0.99975997
test_11137,0.96816999
test_11138,0.99993998
test_11139,0.69431001
test_11140,0.99462998
test_11141,0.83875000
test_11142,0.99607003
test_11143,0.95705998
test_11144,0.98865002
test_11145,0.88472003
test_11146,0.99906999
test_11147,0.99975002
test_11148,0.99181002
test_11149,0.66812998
test_11150,0.99997002
test_11151,0.94185001
test_11152,0.99996001
test_11153,0.99987000
test_11154,0.98754001
test_11155,0.87388003
test_11156,0.57892001
test_11157,0.99883997
test_11158,0.96666002
test_11159,0.98839998
test_11160,0.99660999
test_11161,0.65258002
test_11162,0.99993002
test_11163,0.96692002
test_11164,0.89155000
test_11165,0.93186003
test_11166,0.83086002
test_11167,0.99936998
test_11168,0.15490001
test_11169,0.00010002
test_11170,0.00935000
test_11171,0.00076002
test_11172,0.08902001
test_11173,0.01656997
test_11174,0.00579000
test_11175,0.00285000
test_11176,0.28230000
test_11177,0.00208998
test_11178,0.00189000
test_11179,0.08036000
test_11180,0.17110002
test_11181,0.00461000
test_11182,0.02620000
test_11183,0.01528001
test_11184,0.01648003
test_11185,0.01678997
test_11186,0.01278001
test_11187,0.00002998
test_11188,0.00020999
test_11189,0.01532000
test_11190,0.00171000
test_11191,0.00006002
test_11192,0.21465999
test_11193,0.00075001
test_11194,0.16150999
test_11195,0.00000000
test_11196,0.00533003
test_11197,0.00142998
test_11198,0.03281999
test_11199,0.00041997
test_11200,0.00093001
test_11201,0.25937998
test_11202,0.01710999
test_11203,0.00067002
test_11204,0.17343998
test_11205,0.14153999
test_11206,0.10152000
test_11207,0.00204998
test_11208,0.14565998
test_11209,0.00132000
test_11210,0.01949000
test_11211,0.00027001
test_11212,0.00524998
test_11213,0.10254002
test_11214,0.05110002
test_11215,0.00018001
test_11216,0.00121999
test_11217,0.05830002
test_11218,0.00070000
test_11219,0.43204999
test_11220,0.00073999
test_11221,0.18077999
test_11222,0.00301999
test_11223,0.06810999
test_11224,0.00027001
test_11225,0.00024998
test_11226,0.18711001
test_11227,0.01471001
test_11228,0.46560001
test_11229,0.00335997
test_11230,0.00625998
test_11231,0.06048000
test_11232,0.00068998
test_11233,0.01270998
test_11234,0.00190997
test_11235,0.25648999
test_11236,0.15631002
test_11237,0.00634998
test_11238,0.02981001
test_11239,0.00015002
test_11240,0.00032002
test_11241,0.02327001
test_11242,0.00076997
test_11243,0.06461000
test_11244,0.27358001
test_11245,0.49874002
test_11246,0.00001001
test_11247,0.00098997
test_11248,0.00000000
test_11249,0.00110000
test_11250,0.00038999
test_11251,0.00001001
test_11252,0.27780002
test_11253,0.25931001
test_11254,0.00544000
test_11255,0.18191999
test_11256,0.02824003
test_11257,0.00167000
test_11258,0.04439002
test_11259,0.00006998
test_11260,0.00007999
test_11261,0.00496000
test_11262,0.00048000
test_11263,0.43090999
test_11264,0.92275000
test_11265,0.83095998
test_11266,0.89644998
test_11267,0.53622001
test_11268,0.96662003
test_11269,0.53877002
test_11270,0.99992001
test_11271,0.93800998
test_11272,1.00000000
test_11273,0.96447003
test_11274,0.99967998
test_11275,0.79799002
test_11276,0.99927998
test_11277,0.99998999
test_11278,0.99992001
test_11279,0.60775000
test_11280,0.98418999
test_11281,0.99111998
test_11282,0.95580000
test_11283,0.98347002
test_11284,0.99478000
test_11285,0.99909002
test_11286,0.97486001
test_11287,0.99962997
test_11288,0.99394000
test_11289,0.99956000
test_11290,0.97992003
test_11291,0.99998999
test_11292,0.99931997
test_11293,0.97263998
test_11294,0.94397998
test_11295,0.97723001
test_11296,0.00002003
test_11297,0.00011998
test_11298,0.36948001
test_11299,0.00901997
test_11300,0.00050002
test_11301,0.00116998
test_11302,0.00926000
test_11303,0.01621997
test_11304,0.00094998
test_11305,0.00059998
test_11306,0.00111002
test_11307,0.03422999
test_11308,0.00081998
test_11309,0.00000000
test_11310,0.32893002
test_11311,0.00571001
test_11312,0.29525000
test_11313,0.00033998
test_11314,0.47881001
test_11315,0.15425003
test_11316,0.26717001
test_11317,0.24965000
test_11318,0.01034999
test_11319,0.00430000
test_11320,0.31440997
test_11321,0.04697001
test_11322,0.00195003
test_11323,0.00330001
test_11324,0.27815002
test_11325,0.11632001
test_11326,0.00001001
test_11327,0.40623999
test_11328,0.99993998
test_11329,0.89897001
test_11330,0.68674999
test_11331,0.86815000
test_11332,0.99961001
test_11333,0.98819000
test_11334,0.58374000
test_11335,0.98461002
test_11336,0.98192000
test_11337,0.99883997
test_11338,0.63392001
test_11339,0.81519997
test_11340,0.80594999
test_11341,0.89213002
test_11342,0.76959997
test_11343,0.97329998
test_11344,0.78838003
test_11345,0.81353003
test_11346,0.97030997
test_11347,0.98215002
test_11348,0.93471998
test_11349,0.99997002
test_11350,0.76604003
test_11351,0.99956000
test_11352,0.99572998
test_11353,0.99965000
test_11354,0.99852002
test_11355,0.93840998
test_11356,0.86796999
test_11357,0.98179001
test_11358,0.67839998
test_11359,0.96425998
test_11360,0.88374001
test_11361,0.93474001
test_11362,1.00000000
test_11363,0.99879998
test_11364,0.99760002
test_11365,0.99634999
test_11366,0.99611998
test_11367,0.95700002
test_11368,0.98549998
test_11369,0.55528998
test_11370,0.92137998
test_11371,0.56190997
test_11372,0.99263000
test_11373,0.99997002
test_11374,0.76001000
test_11375,0.96675998
test_11376,0.93480003
test_11377,0.99918997
test_11378,0.72345001
test_11379,0.96472001
test_11380,0.99984998
test_11381,0.83885998
test_11382,0.99874997
test_11383,0.86409998
test_11384,0.75519001
test_11385,0.95306998
test_11386,0.99672002
test_11387,1.00000000
test_11388,0.94462001
test_11389,0.92036998
test_11390,0.98552001
test_11391,0.85980999
test_11392,0.99992001
test_11393,0.99615997
test_11394,0.76130003
test_11395,0.82134002
test_11396,0.72854000
test_11397,0.99989998
test_11398,0.99835998
test_11399,0.72386998
test_11400,0.58082998
test_11401,0.99770999
test_11402,0.95489001
test_11403,0.60767001
test_11404,0.99927002
test_11405,0.55348003
test_11406,1.00000000
test_11407,0.99991000
test_11408,0.53987002
test_11409,0.67602003
test_11410,0.99979001
test_11411,0.58213001
test_11412,0.99186999
test_11413,0.99923003
test_11414,0.62347001
test_11415,0.99014997
test_11416,0.99987000
test_11417,0.99989998
test_11418,0.87968999
test_11419,0.99715000
test_11420,0.99699998
test_11421,0.99497998
test_11422,0.62067002
test_11423,0.77866000
test_11424,0.99792999
test_11425,0.94098002
test_11426,0.98977000
test_11427,0.99937999
test_11428,0.99536002
test_11429,0.99992001
test_11430,0.97017998
test_11431,0.99997997
test_11432,0.99637002
test_11433,0.99545002
test_11434,0.99998999
test_11435,1.00000000
test_11436,0.94366997
test_11437,0.94976997
test_11438,0.99901998
test_11439,0.99856001
test_11440,0.99137998
test_11441,0.99822998
test_11442,0.87847000
test_11443,0.99542999
test_11444,0.99579000
test_11445,0.82920003
test_11446,0.99988002
test_11447,0.98482001
test_11448,0.84340000
test_11449,0.99974000
test_11450,0.99980003
test_11451,0.99831998
test_11452,0.98493999
test_11453,0.99897999
test_11454,0.93627000
test_11455,0.86646998
test_11456,0.00006002
test_11457,0.06309003
test_11458,0.46509999
test_11459,0.01556998
test_11460,0.07258999
test_11461,0.02491999
test_11462,0.05917001
test_11463,0.02498001
test_11464,0.00016999
test_11465,0.00256997
test_11466,0.33520001
test_11467,0.00007999
test_11468,0.34187001
test_11469,0.23632997
test_11470,0.25907999
test_11471,0.00466001
test_11472,0.08440000
test_11473,0.00125003
test_11474,0.10597003
test_11475,0.09666002
test_11476,0.29642999
test_11477,0.18405998
test_11478,0.09096003
test_11479,0.01511002
test_11480,0.00146002
test_11481,0.06197000
test_11482,0.18737000
test_11483,0.27626002
test_11484,0.01060998
test_11485,0.00154001
test_11486,0.00011998
test_11487,0.00771999
test_11488,0.00415999
test_11489,0.00000000
test_11490,0.00348002
test_11491,0.00686997
test_11492,0.00437999
test_11493,0.00266999
test_11494,0.38152999
test_11495,0.10109001
test_11496,0.44365001
test_11497,0.00108999
test_11498,0.02832001
test_11499,0.03812999
test_11500,0.03790998
test_11501,0.03312999
test_11502,0.00026000
test_11503,0.14508998
test_11504,0.00674999
test_11505,0.08135998
test_11506,0.00037998
test_11507,0.00768000
test_11508,0.00024003
test_11509,0.00607997
test_11510,0.00001001
test_11511,0.04544997
test_11512,0.00190997
test_11513,0.01155001
test_11514,0.39828002
test_11515,0.01381999
test_11516,0.04040003
test_11517,0.02406001
test_11518,0.02665001
test_11519,0.03595001
test_11520,0.99315000
test_11521,0.58818001
test_11522,0.99971002
test_11523,0.98425001
test_11524,0.96974999
test_11525,0.99980003
test_11526,0.93970001
test_11527,0.85058999
test_11528,0.84969002
test_11529,0.99870998
test_11530,0.88718998
test_11531,0.99914002
test_11532,0.98142999
test_11533,0.80940998
test_11534,0.99962997
test_11535,0.85088998
test_11536,0.99936998
test_11537,0.99685001
test_11538,0.66083997
test_11539,0.99985999
test_11540,0.99080002
test_11541,0.99176002
test_11542,0.99307001
test_11543,1.00000000
test_11544,0.99875998
test_11545,0.98509002
test_11546,0.99182999
test_11547,0.99384999
test_11548,0.72332001
test_11549,0.99963999
test_11550,0.96471000
test_11551,0.90595001
test_11552,0.99884999
test_11553,0.90538001
test_11554,0.72570002
test_11555,1.00000000
test_11556,0.75704998
test_11557,0.99997002
test_11558,0.99980003
test_11559,0.67391002
test_11560,0.77004999
test_11561,0.99370998
test_11562,0.99963999
test_11563,0.99640000
test_11564,0.74027002
test_11565,0.62423998
test_11566,0.98838001
test_11567,0.97605997
test_11568,0.97302997
test_11569,0.78209001
test_11570,0.99976999
test_11571,0.69155997
test_11572,0.95358998
test_11573,0.99449003
test_11574,0.99204999
test_11575,0.99852997
test_11576,0.99839002
test_11577,0.99998999
test_11578,0.93326002
test_11579,0.99572998
test_11580,0.99980998
test_11581,0.98752999
test_11582,0.99826002
test_11583,0.75629997
test_11584,0.99761999
test_11585,0.79736000
test_11586,1.00000000
test_11587,0.99987000
test_11588,0.94729000
test_11589,0.99214000
test_11590,0.99984002
test_11591,0.87629002
test_11592,0.99998999
test_11593,0.81496000
test_11594,0.98703003
test_11595,0.99517000
test_11596,0.99993002
test_11597,1.00000000
test_11598,0.80950999
test_11599,0.99036002
test_11600,0.98259997
test_11601,0.99997997
test_11602,0.95810002
test_11603,0.97757000
test_11604,0.99879003
test_11605,0.99993998
test_11606,0.93818003
test_11607,0.99984998
test_11608,0.59856999
test_11609,1.00000000
test_11610,0.63538998
test_11611,0.99923003
test_11612,0.99966002
test_11613,0.99822003
test_11614,0.97636998
test_11615,0.99137998
test_11616,0.99910003
test_11617,0.99728000
test_11618,0.99962002
test_11619,0.99461001
test_11620,0.96552998
test_11621,0.99966002
test_11622,0.81101000
test_11623,0.97938001
test_11624,0.96727002
test_11625,0.95504999
test_11626,0.99570000
test_11627,0.99941999
test_11628,0.99766999
test_11629,0.99893999
test_11630,0.90723997
test_11631,0.99981999
test_11632,0.79089999
test_11633,0.91544998
test_11634,0.65995002
test_11635,0.99939001
test_11636,0.99979001
test_11637,0.87602001
test_11638,0.91412997
test_11639,0.81576997
test_11640,0.97283000
test_11641,0.99993998
test_11642,0.99989003
test_11643,0.62067997
test_11644,0.98936999
test_11645,0.73159999
test_11646,0.99988002
test_11647,0.88691002
test_11648,0.99813998
test_11649,0.56176001
test_11650,0.93296999
test_11651,0.94568002
test_11652,0.99953997
test_11653,0.99212998
test_11654,0.93118000
test_11655,0.70570999
test_11656,0.93580002
test_11657,0.83367997
test_11658,0.99629003
test_11659,0.96351999
test_11660,0.99997997
test_11661,0.92426002
test_11662,0.98514998
test_11663,0.99757999
test_11664,0.92877001
test_11665,0.98364002
test_11666,0.99324000
test_11667,0.99542999
test_11668,0.99949002
test_11669,0.99905998
test_11670,0.63281000
test_11671,0.92316002
test_11672,0.99952000
test_11673,0.58332002
test_11674,0.86576003
test_11675,0.87033999
test_11676,0.99913001
test_11677,0.87588000
test_11678,0.98535001
test_11679,0.97105998
test_11680,0.03613001
test_11681,0.05225003
test_11682,0.09050000
test_11683,0.11017001
test_11684,0.00003999
test_11685,0.00931001
test_11686,0.00014001
test_11687,0.03292000
test_11688,0.05671000
test_11689,0.07054001
test_11690,0.00266999
test_11691,0.12291002
test_11692,0.45565999
test_11693,0.06243998
test_11694,0.00099999
test_11695,0.00028002
test_11696,0.00158000
test_11697,0.00040001
test_11698,0.10939002
test_11699,0.46552002
test_11700,0.29942000
test_11701,0.00623000
test_11702,0.03486001
test_11703,0.01703000
test_11704,0.00318998
test_11705,0.01644999
test_11706,0.00048000
test_11707,0.24796999
test_11708,0.00076002
test_11709,0.08837003
test_11710,0.00007999
test_11711,0.28241003
test_11712,0.15978003
test_11713,0.00255001
test_11714,0.00015998
test_11715,0.00000000
test_11716,0.48374999
test_11717,0.00073999
test_11718,0.00479001
test_11719,0.00441003
test_11720,0.00050998
test_11721,0.00268000
test_11722,0.00184000
test_11723,0.22036999
test_11724,0.00002003
test_11725,0.28899997
test_11726,0.00511998
test_11727,0.00335002
test_11728,0.00054002
test_11729,0.00089997
test_11730,0.00604999
test_11731,0.20090997
test_11732,0.00029999
test_11733,0.00001001
test_11734,0.04859000
test_11735,0.00568002
test_11736,0.02380002
test_11737,0.00196999
test_11738,0.00041002
test_11739,0.00954998
test_11740,0.18531001
test_11741,0.35453999
test_11742,0.07786000
test_11743,0.08499998
test_11744,0.98442000
test_11745,0.57266998
test_11746,0.99691999
test_11747,0.97962999
test_11748,0.97259998
test_11749,0.99491000
test_11750,0.96126002
test_11751,0.92662001
test_11752,0.99956000
test_11753,0.95525998
test_11754,0.53574002
test_11755,0.99980998
test_11756,0.99002999
test_11757,0.75737000
test_11758,0.99902999
test_11759,0.96463001
test_11760,0.53661001
test_11761,0.99989998
test_11762,0.98708999
test_11763,0.99107999
test_11764,0.99799001
test_11765,0.99755001
test_11766,0.62453997
test_11767,0.96969002
test_11768,0.97724003
test_11769,0.99307001
test_11770,0.87031001
test_11771,0.99685001
test_11772,0.99953002
test_11773,0.87748998
test_11774,0.63727999
test_11775,0.99365997
test_11776,0.94850999
test_11777,0.95199001
test_11778,0.99892002
test_11779,0.92131001
test_11780,0.99997997
test_11781,0.99707001
test_11782,0.99475002
test_11783,0.94124001
test_11784,0.99939001
test_11785,0.99157000
test_11786,0.98619998
test_11787,0.97301000
test_11788,0.99326003
test_11789,0.98979998
test_11790,0.97821999
test_11791,0.99993998
test_11792,0.55997002
test_11793,0.96528000
test_11794,0.95696998
test_11795,0.96565002
test_11796,0.99980998
test_11797,0.98545003
test_11798,0.99206001
test_11799,0.99890000
test_11800,0.98755997
test_11801,0.97639000
test_11802,0.98912001
test_11803,0.99441999
test_11804,0.92632997
test_11805,0.69827002
test_11806,0.85829002
test_11807,0.99998999
test_11808,0.99050999
test_11809,0.98193002
test_11810,0.72362000
test_11811,0.89503002
test_11812,0.96114999
test_11813,0.99909002
test_11814,0.91601998
test_11815,0.99651003
test_11816,0.98789001
test_11817,0.99665999
test_11818,0.99281001
test_11819,0.86474001
test_11820,0.99830002
test_11821,1.00000000
test_11822,0.99981999
test_11823,1.00000000
test_11824,0.99259001
test_11825,0.99992001
test_11826,0.98605001
test_11827,0.97729999
test_11828,0.99954998
test_11829,0.64853001
test_11830,0.79716998
test_11831,0.97223997
test_11832,0.77455997
test_11833,0.93011999
test_11834,0.93026000
test_11835,0.58165002
test_11836,0.98264998
test_11837,0.99950999
test_11838,0.99427003
test_11839,0.80212998
test_11840,0.54664999
test_11841,0.86109000
test_11842,0.85566998
test_11843,0.99773997
test_11844,0.99444002
test_11845,0.98424000
test_11846,0.95519000
test_11847,0.91490000
test_11848,0.99515003
test_11849,0.99988002
test_11850,0.99536997
test_11851,0.51931000
test_11852,0.59899002
test_11853,1.00000000
test_11854,0.99882001
test_11855,0.58835000
test_11856,0.99782997
test_11857,0.99940997
test_11858,0.99953997
test_11859,0.59193999
test_11860,0.70169002
test_11861,0.83507001
test_11862,0.64728999
test_11863,0.96599001
test_11864,0.98247999
test_11865,0.98422003
test_11866,0.99716002
test_11867,0.99984002
test_11868,0.83579999
test_11869,0.99996001
test_11870,0.97920001
test_11871,0.99997002
test_11872,0.99994999
test_11873,0.87566000
test_11874,0.99804997
test_11875,0.95982999
test_11876,0.99961001
test_11877,0.98790002
test_11878,0.90131998
test_11879,0.99778998
test_11880,0.95521998
test_11881,1.00000000
test_11882,0.99835998
test_11883,0.99326003
test_11884,0.99624002
test_11885,0.75955999
test_11886,0.98017001
test_11887,0.99997002
test_11888,0.76239002
test_11889,0.60277998
test_11890,0.98541999
test_11891,0.63687003
test_11892,0.99957001
test_11893,0.99914998
test_11894,0.89467001
test_11895,0.98021001
test_11896,0.99997997
test_11897,0.98127002
test_11898,0.99045002
test_11899,0.71516001
test_11900,0.96021998
test_11901,0.74462003
test_11902,0.99335998
test_11903,0.99893999
test_11904,0.99997997
test_11905,1.00000000
test_11906,0.99997002
test_11907,0.66663998
test_11908,0.99761999
test_11909,0.99298000
test_11910,0.92868000
test_11911,0.75351000
test_11912,0.74293000
test_11913,0.95336998
test_11914,0.99555999
test_11915,0.95260000
test_11916,0.80689001
test_11917,0.88913000
test_11918,0.99256998
test_11919,0.89397001
test_11920,0.99997002
test_11921,0.90793002
test_11922,0.97904003
test_11923,0.88099998
test_11924,0.99948001
test_11925,0.99992001
test_11926,0.99984002
test_11927,0.76569998
test_11928,0.78939003
test_11929,0.88903999
test_11930,0.99888003
test_11931,0.62746000
test_11932,0.85000998
test_11933,0.53553998
test_11934,0.72382998
test_11935,0.99954998
test_11936,0.99904001
test_11937,0.65100002
test_11938,0.99998999
test_11939,0.87707001
test_11940,0.97703999
test_11941,0.99660999
test_11942,0.99961001
test_11943,0.99694002
test_11944,0.98707998
test_11945,0.99997997
test_11946,0.71872997
test_11947,0.73918003
test_11948,0.54811001
test_11949,0.98846000
test_11950,0.99128002
test_11951,0.94376999
test_11952,0.99937999
test_11953,0.91982001
test_11954,0.89583999
test_11955,0.99950999
test_11956,0.85418999
test_11957,0.99816000
test_11958,0.97683001
test_11959,0.62044001
test_11960,0.99671000
test_11961,0.94147998
test_11962,0.99511999
test_11963,0.86091000
test_11964,0.53088999
test_11965,0.96483999
test_11966,0.94950002
test_11967,0.99309999
test_11968,0.99843001
test_11969,0.99997997
test_11970,0.86193001
test_11971,0.99883002
test_11972,0.99998999
test_11973,0.59824997
test_11974,0.99888998
test_11975,0.99997002
test_11976,0.98764002
test_11977,0.99989003
test_11978,0.99975997
test_11979,0.99994999
test_11980,0.99976999
test_11981,0.87436998
test_11982,0.99896997
test_11983,0.93799001
test_11984,0.88664001
test_11985,0.61917001
test_11986,0.99975002
test_11987,0.97459000
test_11988,0.99093997
test_11989,0.50379002
test_11990,0.99976999
test_11991,0.69734001
test_11992,0.98053998
test_11993,0.98069000
test_11994,0.74102002
test_11995,0.73066998
test_11996,0.99896002
test_11997,0.99928999
test_11998,0.93444002
test_11999,0.81844002
test_12000,0.99998999
test_12001,0.84573001
test_12002,0.51375997
test_12003,0.99997997
test_12004,0.83732998
test_12005,0.96955001
test_12006,0.90930003
test_12007,0.51955998
test_12008,0.99273002
test_12009,0.82257003
test_12010,0.99864000
test_12011,0.99998999
test_12012,0.93374002
test_12013,0.99078000
test_12014,0.99825001
test_12015,0.98637998
test_12016,0.99786001
test_12017,0.99996001
test_12018,0.99895000
test_12019,1.00000000
test_12020,0.99981999
test_12021,0.99868000
test_12022,0.98589998
test_12023,0.99663001
test_12024,0.99868000
test_12025,0.98720002
test_12026,0.70326000
test_12027,0.99905002
test_12028,0.99918997
test_12029,0.91513002
test_12030,0.81419998
test_12031,0.99909002
test_12032,0.99331999
test_12033,0.99998999
test_12034,0.99992001
test_12035,0.99519002
test_12036,0.99989998
test_12037,0.97820002
test_12038,0.56704003
test_12039,0.99552000
test_12040,0.96657002
test_12041,0.99948001
test_12042,0.99883997
test_12043,0.99830002
test_12044,0.99620998
test_12045,0.94630003
test_12046,0.99976999
test_12047,0.99677002
test_12048,0.99987000
test_12049,0.99572998
test_12050,0.84693998
test_12051,0.99838001
test_12052,0.68731999
test_12053,0.98904997
test_12054,0.99905998
test_12055,0.98552001
test_12056,0.68674999
test_12057,0.99993998
test_12058,0.87538999
test_12059,0.99988002
test_12060,0.99997997
test_12061,0.97763002
test_12062,0.99318999
test_12063,0.99997002
test_12064,0.99589998
test_12065,0.66260999
test_12066,0.92883003
test_12067,0.99983001
test_12068,0.95828998
test_12069,0.64491999
test_12070,0.61234999
test_12071,0.99970001
test_12072,0.99544001
test_12073,0.66393000
test_12074,0.85882002
test_12075,0.99689001
test_12076,0.95807999
test_12077,0.93470001
test_12078,0.99993002
test_12079,0.69002002
test_12080,0.99922001
test_12081,0.99988002
test_12082,0.67356002
test_12083,0.99993998
test_12084,0.99963999
test_12085,0.96999002
test_12086,0.99993998
test_12087,0.99510002
test_12088,0.97026002
test_12089,0.62576997
test_12090,0.95757997
test_12091,0.99991000
test_12092,0.99993002
test_12093,0.99874002
test_12094,0.97246999
test_12095,0.99605000
test_12096,0.99913001
test_12097,0.95586002
test_12098,0.86861998
test_12099,0.99485999
test_12100,0.98123997
test_12101,0.99993002
test_12102,0.99855000
test_12103,0.99618000
test_12104,0.97349000
test_12105,0.86413997
test_12106,0.98843002
test_12107,0.99983001
test_12108,0.99814999
test_12109,0.98409998
test_12110,0.96456999
test_12111,1.00000000
test_12112,0.99997002
test_12113,0.61240000
test_12114,0.99886000
test_12115,0.99773997
test_12116,0.96939999
test_12117,0.93004000
test_12118,0.99524999
test_12119,0.99998999
test_12120,0.99948001
test_12121,0.99974000
test_12122,0.83222002
test_12123,0.99967003
test_12124,1.00000000
test_12125,0.99923003
test_12126,0.99989998
test_12127,0.99984998
test_12128,0.99053001
test_12129,0.64538997
test_12130,0.99510002
test_12131,0.93655998
test_12132,0.51201999
test_12133,0.99997002
test_12134,1.00000000
test_12135,0.97860998
test_12136,0.99919999
test_12137,0.99340999
test_12138,0.99880999
test_12139,0.97570002
test_12140,0.99710000
test_12141,0.91763002
test_12142,0.95898998
test_12143,0.94997001
test_12144,0.94616997
test_12145,0.94325000
test_12146,1.00000000
test_12147,0.98303002
test_12148,0.98192000
test_12149,0.99987000
test_12150,0.99834001
test_12151,0.99054003
test_12152,0.99792999
test_12153,0.54598999
test_12154,1.00000000
test_12155,0.97754002
test_12156,0.58692998
test_12157,0.99346000
test_12158,0.99928999
test_12159,0.99734002
test_12160,0.99989003
test_12161,0.99897999
test_12162,1.00000000
test_12163,0.99956000
test_12164,0.98009002
test_12165,0.74985999
test_12166,0.80677998
test_12167,0.99005002
test_12168,0.95824999
test_12169,0.95940000
test_12170,0.72833002
test_12171,0.99809003
test_12172,0.90880001
test_12173,1.00000000
test_12174,0.80466998
test_12175,0.99992001
test_12176,0.78766000
test_12177,0.99484998
test_12178,0.95017999
test_12179,0.70326000
test_12180,0.92083001
test_12181,0.99567997
test_12182,0.63477999
test_12183,1.00000000
test_12184,0.99896002
test_12185,1.00000000
test_12186,0.99351001
test_12187,0.52323002
test_12188,0.99699003
test_12189,0.96895999
test_12190,0.63341999
test_12191,0.99996001
test_12192,0.01139998
test_12193,0.04264998
test_12194,0.02473003
test_12195,0.02193999
test_12196,0.13701999
test_12197,0.01560003
test_12198,0.16052002
test_12199,0.01806998
test_12200,0.18102002
test_12201,0.00797999
test_12202,0.00002998
test_12203,0.00014001
test_12204,0.01314002
test_12205,0.31980997
test_12206,0.32747000
test_12207,0.13322002
test_12208,0.00002998
test_12209,0.01560003
test_12210,0.11346000
test_12211,0.00345999
test_12212,0.00463003
test_12213,0.02248001
test_12214,0.00356001
test_12215,0.00059003
test_12216,0.17826998
test_12217,0.02798998
test_12218,0.01672000
test_12219,0.18291003
test_12220,0.35611999
test_12221,0.06972998
test_12222,0.00190002
test_12223,0.00261998
test_12224,0.95046002
test_12225,0.99010998
test_12226,0.74028999
test_12227,0.72403997
test_12228,0.96959001
test_12229,0.95269001
test_12230,0.68418998
test_12231,0.74672002
test_12232,0.99261999
test_12233,0.99750000
test_12234,0.99545002
test_12235,0.91496003
test_12236,0.65526998
test_12237,0.98556000
test_12238,0.99993998
test_12239,1.00000000
test_12240,0.83731002
test_12241,0.84345001
test_12242,0.99044001
test_12243,0.97965002
test_12244,0.98957002
test_12245,0.83741999
test_12246,0.97632003
test_12247,0.99860001
test_12248,0.65121001
test_12249,0.98971999
test_12250,0.99860001
test_12251,0.99798000
test_12252,0.63189000
test_12253,0.59536999
test_12254,0.88918000
test_12255,0.91820002
test_12256,0.27151000
test_12257,0.14051002
test_12258,0.00072998
test_12259,0.37168998
test_12260,0.06766999
test_12261,0.00292999
test_12262,0.28364998
test_12263,0.46100003
test_12264,0.26876003
test_12265,0.14757001
test_12266,0.37378001
test_12267,0.00238001
test_12268,0.35075003
test_12269,0.00193000
test_12270,0.02640003
test_12271,0.11062998
test_12272,0.00159001
test_12273,0.03205001
test_12274,0.34052002
test_12275,0.00369000
test_12276,0.35509002
test_12277,0.01125002
test_12278,0.04049999
test_12279,0.00099999
test_12280,0.00082999
test_12281,0.14091998
test_12282,0.11901999
test_12283,0.20146000
test_12284,0.20115000
test_12285,0.02263999
test_12286,0.01138002
test_12287,0.11150998
test_12288,0.99994999
test_12289,0.99931997
test_12290,0.95086998
test_12291,0.96166998
test_12292,0.64647001
test_12293,0.87748998
test_12294,0.74122000
test_12295,0.73224002
test_12296,0.97913998
test_12297,0.97061998
test_12298,0.64352000
test_12299,0.84640998
test_12300,0.80543000
test_12301,0.88015997
test_12302,0.59797001
test_12303,0.92824000
test_12304,0.99998999
test_12305,0.99998999
test_12306,0.99680001
test_12307,0.95068002
test_12308,0.59034002
test_12309,0.99391001
test_12310,0.97684997
test_12311,0.99014002
test_12312,0.97491002
test_12313,0.79437000
test_12314,0.98922002
test_12315,0.99980998
test_12316,0.99874002
test_12317,0.98773998
test_12318,0.99304003
test_12319,0.81524003
test_12320,0.99998999
test_12321,0.96916002
test_12322,0.99738002
test_12323,0.77759999
test_12324,0.91174001
test_12325,0.92163998
test_12326,0.98504001
test_12327,1.00000000
test_12328,0.99997997
test_12329,0.98733997
test_12330,0.99994999
test_12331,0.92309999
test_12332,0.84780002
test_12333,0.99976999
test_12334,0.97457999
test_12335,0.99949002
test_12336,0.68181002
test_12337,0.67747003
test_12338,0.99501997
test_12339,0.98594999
test_12340,0.64793998
test_12341,0.88630003
test_12342,0.99794000
test_12343,0.91470999
test_12344,0.99853998
test_12345,0.97431999
test_12346,0.99931002
test_12347,0.99967003
test_12348,0.96943998
test_12349,0.92856002
test_12350,0.99216002
test_12351,0.79342002
test_12352,0.99909002
test_12353,0.99861997
test_12354,0.76256001
test_12355,0.99997002
test_12356,0.67666000
test_12357,0.99790001
test_12358,0.99036998
test_12359,0.68232000
test_12360,0.99984998
test_12361,0.99998999
test_12362,0.94233000
test_12363,0.99980003
test_12364,0.99910998
test_12365,0.99996001
test_12366,0.98786002
test_12367,0.99852997
test_12368,0.99997997
test_12369,0.99956000
test_12370,0.57639998
test_12371,0.98281997
test_12372,0.99912000
test_12373,0.98773003
test_12374,0.99263000
test_12375,0.99939001
test_12376,0.91553998
test_12377,0.99752003
test_12378,0.97487998
test_12379,0.64854997
test_12380,0.99963999
test_12381,0.98712999
test_12382,0.99286002
test_12383,0.99768001
test_12384,0.99321002
test_12385,0.99391001
test_12386,0.73965001
test_12387,0.99888998
test_12388,0.97347999
test_12389,0.53481001
test_12390,0.87434000
test_12391,0.99984998
test_12392,0.99427998
test_12393,0.74598998
test_12394,0.94092000
test_12395,0.78812999
test_12396,0.98707998
test_12397,0.99998999
test_12398,0.97073001
test_12399,0.99976999
test_12400,1.00000000
test_12401,0.91652000
test_12402,0.65825999
test_12403,0.99655998
test_12404,0.99864000
test_12405,0.97139001
test_12406,0.93137997
test_12407,0.99891001
test_12408,0.99971002
test_12409,0.95310998
test_12410,0.99988002
test_12411,0.99993998
test_12412,0.99998999
test_12413,0.81409001
test_12414,0.99945003
test_12415,0.91429001
test_12416,0.97736001
test_12417,0.53123999
test_12418,1.00000000
test_12419,0.59697002
test_12420,0.99552000
test_12421,0.98465002
test_12422,0.99945003
test_12423,0.85951000
test_12424,0.96540999
test_12425,0.81695002
test_12426,0.99453002
test_12427,0.81371999
test_12428,0.99408001
test_12429,0.97850001
test_12430,0.99831998
test_12431,0.99542999
test_12432,0.61013001
test_12433,0.97558999
test_12434,0.99787003
test_12435,0.81334001
test_12436,0.99273002
test_12437,0.70084000
test_12438,0.99962002
test_12439,0.87527001
test_12440,0.97956997
test_12441,0.99703002
test_12442,0.99987000
test_12443,0.98619002
test_12444,0.91938001
test_12445,0.63977998
test_12446,0.73164999
test_12447,0.99984002
test_12448,0.00841999
test_12449,0.03165001
test_12450,0.16615999
test_12451,0.00064999
test_12452,0.19681001
test_12453,0.00313002
test_12454,0.23859000
test_12455,0.00698000
test_12456,0.00295001
test_12457,0.00055999
test_12458,0.15126997
test_12459,0.36774999
test_12460,0.01025999
test_12461,0.00010997
test_12462,0.00318003
test_12463,0.03614002
test_12464,0.00023001
test_12465,0.00002003
test_12466,0.00790000
test_12467,0.00006998
test_12468,0.05706000
test_12469,0.11633003
test_12470,0.00243998
test_12471,0.19340003
test_12472,0.00072998
test_12473,0.00308001
test_12474,0.00015998
test_12475,0.19958001
test_12476,0.00041002
test_12477,0.00243002
test_12478,0.00001001
test_12479,0.00354999
test_12480,0.01920998
test_12481,0.44435000
test_12482,0.04842001
test_12483,0.00032002
test_12484,0.00352001
test_12485,0.01718003
test_12486,0.02078003
test_12487,0.03491998
test_12488,0.00024998
test_12489,0.00016999
test_12490,0.46856999
test_12491,0.05470997
test_12492,0.00967997
test_12493,0.00019002
test_12494,0.00024003
test_12495,0.00050998
test_12496,0.17440999
test_12497,0.00093001
test_12498,0.39436001
test_12499,0.07257998
test_12500,0.00000000
test_12501,0.05096000
test_12502,0.16119999
test_12503,0.00009000
test_12504,0.00024003
test_12505,0.42723000
test_12506,0.00094998
test_12507,0.45506001
test_12508,0.00035000
test_12509,0.03070003
test_12510,0.01867002
test_12511,0.22411001
test_12512,0.02064002
test_12513,0.03789002
test_12514,0.00006002
test_12515,0.06373000
test_12516,0.00203001
test_12517,0.00208998
test_12518,0.00595999
test_12519,0.11984998
test_12520,0.00015002
test_12521,0.00944000
test_12522,0.12572002
test_12523,0.00020999
test_12524,0.00058001
test_12525,0.00560999
test_12526,0.00196999
test_12527,0.00002003
test_12528,0.00000000
test_12529,0.18290001
test_12530,0.00099999
test_12531,0.24128002
test_12532,0.07331997
test_12533,0.22296000
test_12534,0.00335002
test_12535,0.00048000
test_12536,0.38287997
test_12537,0.01362002
test_12538,0.00217998
test_12539,0.01323003
test_12540,0.24471998
test_12541,0.00230002
test_12542,0.01758999
test_12543,0.06869000
test_12544,0.72056001
test_12545,0.99971998
test_12546,0.86923999
test_12547,0.99980003
test_12548,0.99918997
test_12549,0.97510999
test_12550,0.99931997
test_12551,0.95313001
test_12552,0.99817997
test_12553,0.59588999
test_12554,0.96718001
test_12555,0.91315001
test_12556,0.98259002
test_12557,0.81885999
test_12558,0.97082001
test_12559,0.98372000
test_12560,0.99522001
test_12561,1.00000000
test_12562,0.97798997
test_12563,0.99650002
test_12564,0.94971001
test_12565,0.94722998
test_12566,0.99994999
test_12567,0.99970001
test_12568,0.99985999
test_12569,0.94309998
test_12570,0.98073000
test_12571,0.97548997
test_12572,0.97930002
test_12573,0.50743002
test_12574,0.74493998
test_12575,0.97671002
test_12576,0.35106999
test_12577,0.03074998
test_12578,0.19856000
test_12579,0.00001001
test_12580,0.35799998
test_12581,0.02188998
test_12582,0.05224001
test_12583,0.00007999
test_12584,0.45648998
test_12585,0.00116998
test_12586,0.03922999
test_12587,0.00121999
test_12588,0.00029999
test_12589,0.00261003
test_12590,0.04611999
test_12591,0.00023001
test_12592,0.32962000
test_12593,0.00040001
test_12594,0.07032001
test_12595,0.00430000
test_12596,0.01076001
test_12597,0.00285000
test_12598,0.00042999
test_12599,0.00229001
test_12600,0.02881002
test_12601,0.00108999
test_12602,0.05664998
test_12603,0.00028002
test_12604,0.18715000
test_12605,0.01389003
test_12606,0.00084001
test_12607,0.00677001
test_12608,0.99857998
test_12609,0.65631998
test_12610,0.94972998
test_12611,0.77812999
test_12612,0.97864002
test_12613,0.99883002
test_12614,0.84726000
test_12615,0.79671001
test_12616,0.96670002
test_12617,0.99760002
test_12618,0.83376002
test_12619,0.83772999
test_12620,0.99972999
test_12621,0.93713999
test_12622,0.99998999
test_12623,0.75239998
test_12624,1.00000000
test_12625,0.99978000
test_12626,0.99989003
test_12627,0.99996001
test_12628,0.99971998
test_12629,1.00000000
test_12630,0.99988002
test_12631,0.99989003
test_12632,0.57884997
test_12633,0.99653000
test_12634,0.94946998
test_12635,0.55870998
test_12636,0.99809998
test_12637,0.82729000
test_12638,0.99618000
test_12639,0.99971998
test_12640,0.33537000
test_12641,0.01476997
test_12642,0.42172998
test_12643,0.00014001
test_12644,0.00161999
test_12645,0.00000000
test_12646,0.44687003
test_12647,0.00726002
test_12648,0.13638997
test_12649,0.00336999
test_12650,0.00169998
test_12651,0.00202000
test_12652,0.09662998
test_12653,0.04198003
test_12654,0.15371001
test_12655,0.00001001
test_12656,0.01376998
test_12657,0.00060999
test_12658,0.00000000
test_12659,0.00032002
test_12660,0.11842000
test_12661,0.00001001
test_12662,0.01340997
test_12663,0.33958000
test_12664,0.11593997
test_12665,0.00060999
test_12666,0.39643002
test_12667,0.05585003
test_12668,0.49550998
test_12669,0.32659000
test_12670,0.00019997
test_12671,0.00564998
test_12672,0.00022000
test_12673,0.01862001
test_12674,0.21790999
test_12675,0.01569003
test_12676,0.00129998
test_12677,0.00139999
test_12678,0.06652999
test_12679,0.00318003
test_12680,0.02060002
test_12681,0.45431000
test_12682,0.01450002
test_12683,0.00027001
test_12684,0.00000000
test_12685,0.03574997
test_12686,0.03320003
test_12687,0.00347000
test_12688,0.01551002
test_12689,0.04227000
test_12690,0.48123997
test_12691,0.00089002
test_12692,0.00967002
test_12693,0.02934003
test_12694,0.00009000
test_12695,0.00001001
test_12696,0.28990000
test_12697,0.43378001
test_12698,0.14901000
test_12699,0.10082000
test_12700,0.05387998
test_12701,0.31189001
test_12702,0.37281001
test_12703,0.35953999
test_12704,0.99987000
test_12705,0.99943000
test_12706,0.60176998
test_12707,0.96674001
test_12708,0.99115002
test_12709,0.99963999
test_12710,0.92862999
test_12711,0.99948001
test_12712,0.99993998
test_12713,0.74953997
test_12714,0.99886000
test_12715,0.87467003
test_12716,0.99441999
test_12717,0.99382001
test_12718,0.96474999
test_12719,0.92416000
test_12720,0.99356002
test_12721,0.92992002
test_12722,0.99971998
test_12723,0.99989003
test_12724,0.99438000
test_12725,0.92474002
test_12726,0.88213998
test_12727,0.98689002
test_12728,0.61285001
test_12729,0.94266999
test_12730,0.99979001
test_12731,0.99967003
test_12732,0.87259001
test_12733,0.99927002
test_12734,0.99923998
test_12735,0.99997002
test_12736,0.63396001
test_12737,0.99922001
test_12738,0.96617001
test_12739,0.99372000
test_12740,0.99917001
test_12741,0.96616000
test_12742,0.91380000
test_12743,0.69542003
test_12744,0.72922999
test_12745,0.70067000
test_12746,0.99940002
test_12747,0.99228001
test_12748,0.88252997
test_12749,0.50783002
test_12750,0.99760997
test_12751,0.99956000
test_12752,0.99945003
test_12753,0.97772002
test_12754,0.99983001
test_12755,0.99607998
test_12756,0.99233001
test_12757,0.98969001
test_12758,0.63383001
test_12759,0.99129999
test_12760,0.99983001
test_12761,0.99899000
test_12762,0.96372998
test_12763,0.75523001
test_12764,0.99985999
test_12765,0.98479998
test_12766,0.92487001
test_12767,0.94852000
test_12768,0.99631000
test_12769,0.98527998
test_12770,0.99896997
test_12771,0.96035999
test_12772,0.72452003
test_12773,1.00000000
test_12774,0.99482000
test_12775,0.99988002
test_12776,0.99979001
test_12777,0.99681002
test_12778,0.86047000
test_12779,0.99400997
test_12780,0.99976999
test_12781,0.99958003
test_12782,0.99756002
test_12783,1.00000000
test_12784,0.99033999
test_12785,0.99861002
test_12786,0.80660999
test_12787,0.99997997
test_12788,0.96091998
test_12789,0.99640000
test_12790,0.99725997
test_12791,0.50942999
test_12792,0.99181998
test_12793,0.99825001
test_12794,0.98347998
test_12795,0.99673003
test_12796,0.66260999
test_12797,0.99975002
test_12798,0.99703997
test_12799,1.00000000
test_12800,0.17155999
test_12801,0.29206997
test_12802,0.00408000
test_12803,0.06731999
test_12804,0.00000000
test_12805,0.00090998
test_12806,0.04010999
test_12807,0.00090998
test_12808,0.00006998
test_12809,0.02678001
test_12810,0.00050002
test_12811,0.02925998
test_12812,0.03016001
test_12813,0.00072002
test_12814,0.14179999
test_12815,0.00163001
test_12816,0.37278998
test_12817,0.00479001
test_12818,0.00001001
test_12819,0.00036001
test_12820,0.00250000
test_12821,0.01319999
test_12822,0.16078001
test_12823,0.00029999
test_12824,0.01270998
test_12825,0.00167000
test_12826,0.44195002
test_12827,0.00779998
test_12828,0.08329999
test_12829,0.13607001
test_12830,0.00252002
test_12831,0.28309000
test_12832,0.99940997
test_12833,0.99991000
test_12834,0.99993002
test_12835,0.99983001
test_12836,0.96934998
test_12837,0.99351001
test_12838,0.99014002
test_12839,0.99985999
test_12840,0.99228001
test_12841,0.99645001
test_12842,0.70955002
test_12843,0.99874002
test_12844,0.94845003
test_12845,0.75077999
test_12846,0.99887002
test_12847,0.97483999
test_12848,0.99532998
test_12849,0.90978998
test_12850,0.96059000
test_12851,0.99194998
test_12852,0.99918997
test_12853,0.99501997
test_12854,0.98430997
test_12855,0.98389000
test_12856,0.99949998
test_12857,0.99957001
test_12858,0.99953997
test_12859,0.99808002
test_12860,0.99983001
test_12861,0.91496003
test_12862,0.98733997
test_12863,0.56296998
test_12864,0.00335997
test_12865,0.00011998
test_12866,0.05306000
test_12867,0.00002998
test_12868,0.14024001
test_12869,0.01126999
test_12870,0.00000000
test_12871,0.48681003
test_12872,0.02355999
test_12873,0.00443000
test_12874,0.02696002
test_12875,0.22575003
test_12876,0.00133997
test_12877,0.39121002
test_12878,0.12434000
test_12879,0.00901997
test_12880,0.05246001
test_12881,0.00007999
test_12882,0.00010997
test_12883,0.13494998
test_12884,0.30031002
test_12885,0.00024003
test_12886,0.14074999
test_12887,0.30666000
test_12888,0.25095999
test_12889,0.00603002
test_12890,0.00000000
test_12891,0.00002998
test_12892,0.15201998
test_12893,0.00006998
test_12894,0.00519001
test_12895,0.00063002
test_12896,0.98070002
test_12897,0.98017001
test_12898,0.70216000
test_12899,0.95884001
test_12900,0.98479998
test_12901,0.99260998
test_12902,0.96416998
test_12903,0.72812998
test_12904,0.53737998
test_12905,0.99638999
test_12906,0.99870998
test_12907,0.99984998
test_12908,0.99722999
test_12909,0.98250002
test_12910,0.64687002
test_12911,0.99987000
test_12912,0.98763001
test_12913,0.99948001
test_12914,0.99966002
test_12915,0.73404998
test_12916,0.99984002
test_12917,0.99953997
test_12918,0.60716999
test_12919,0.78148001
test_12920,1.00000000
test_12921,1.00000000
test_12922,0.96739000
test_12923,0.99839997
test_12924,0.99931002
test_12925,0.92444998
test_12926,0.99971998
test_12927,0.92821002
test_12928,0.00891000
test_12929,0.00103003
test_12930,0.00041002
test_12931,0.00753999
test_12932,0.01695001
test_12933,0.00292999
test_12934,0.00055999
test_12935,0.03386998
test_12936,0.00880003
test_12937,0.07543999
test_12938,0.25145000
test_12939,0.11360002
test_12940,0.01503998
test_12941,0.06322998
test_12942,0.07709002
test_12943,0.24493003
test_12944,0.00195998
test_12945,0.00231999
test_12946,0.00007999
test_12947,0.00263000
test_12948,0.02622998
test_12949,0.00286001
test_12950,0.01034999
test_12951,0.48304999
test_12952,0.09942001
test_12953,0.00076997
test_12954,0.01753002
test_12955,0.09710002
test_12956,0.00009000
test_12957,0.29402000
test_12958,0.00563997
test_12959,0.23773003
test_12960,0.98332000
test_12961,0.88836002
test_12962,0.66724002
test_12963,0.99993002
test_12964,0.57486999
test_12965,0.77528000
test_12966,0.99975002
test_12967,0.99922001
test_12968,0.91619998
test_12969,0.91166002
test_12970,0.76080000
test_12971,0.99969000
test_12972,0.83227003
test_12973,0.99941999
test_12974,0.98168999
test_12975,0.99299997
test_12976,0.99438000
test_12977,0.97974998
test_12978,0.99868000
test_12979,0.51164001
test_12980,0.98596001
test_12981,0.99892998
test_12982,0.92756999
test_12983,0.99759001
test_12984,0.94439000
test_12985,0.93322003
test_12986,0.99593002
test_12987,0.99991000
test_12988,0.99520999
test_12989,0.73644000
test_12990,0.99902999
test_12991,0.99146003
test_12992,0.35057998
test_12993,0.07027000
test_12994,0.02089000
test_12995,0.21937001
test_12996,0.00075001
test_12997,0.00264001
test_12998,0.02569002
test_12999,0.31538999
test_13000,0.13691002
test_13001,0.00036001
test_13002,0.39051998
test_13003,0.00003999
test_13004,0.23145002
test_13005,0.42502999
test_13006,0.48645997
test_13007,0.00300002
test_13008,0.00474000
test_13009,0.00259000
test_13010,0.44630998
test_13011,0.10878003
test_13012,0.23756999
test_13013,0.00002998
test_13014,0.00714999
test_13015,0.00055999
test_13016,0.00806999
test_13017,0.00340003
test_13018,0.03830999
test_13019,0.32163000
test_13020,0.34736001
test_13021,0.06875002
test_13022,0.38077003
test_13023,0.06752998
test_13024,0.99993998
test_13025,0.90302998
test_13026,0.72830999
test_13027,0.99959999
test_13028,0.51638001
test_13029,0.72130001
test_13030,0.74904001
test_13031,0.96280998
test_13032,0.99713999
test_13033,0.95907003
test_13034,0.99779999
test_13035,0.83740997
test_13036,0.55636001
test_13037,0.99800003
test_13038,0.97140998
test_13039,0.99953002
test_13040,0.96253002
test_13041,0.99891001
test_13042,0.56902999
test_13043,0.99693000
test_13044,0.99773002
test_13045,0.99936002
test_13046,0.69420999
test_13047,0.98273998
test_13048,0.99980003
test_13049,0.96947002
test_13050,0.99967998
test_13051,0.99691999
test_13052,0.95585001
test_13053,0.99996001
test_13054,0.99550998
test_13055,0.87532997
test_13056,0.99912000
test_13057,0.94238001
test_13058,0.99254000
test_13059,0.99853998
test_13060,0.98284000
test_13061,0.99913001
test_13062,0.99862999
test_13063,0.61119002
test_13064,0.56066000
test_13065,0.99998999
test_13066,0.76612002
test_13067,0.78231001
test_13068,0.69756001
test_13069,0.99998999
test_13070,0.92636001
test_13071,0.99331999
test_13072,0.98749000
test_13073,0.70555001
test_13074,0.99987000
test_13075,0.99915999
test_13076,0.90548003
test_13077,0.72627997
test_13078,0.99895000
test_13079,0.99892002
test_13080,0.96675003
test_13081,0.75033998
test_13082,0.92435998
test_13083,0.96638000
test_13084,0.99984002
test_13085,0.99983001
test_13086,0.99611002
test_13087,0.97759998
test_13088,0.96842998
test_13089,0.90490001
test_13090,0.90935999
test_13091,0.62432998
test_13092,0.99932998
test_13093,0.99989998
test_13094,0.98720998
test_13095,0.96846002
test_13096,0.99998999
test_13097,0.99800003
test_13098,0.96121001
test_13099,0.99647999
test_13100,0.95330000
test_13101,0.96539998
test_13102,0.98297000
test_13103,0.94568998
test_13104,0.99994999
test_13105,0.88429999
test_13106,0.77551001
test_13107,0.98997998
test_13108,0.99975997
test_13109,0.99441999
test_13110,1.00000000
test_13111,0.94365001
test_13112,0.99417001
test_13113,0.61425000
test_13114,0.66040999
test_13115,0.99256003
test_13116,0.99384999
test_13117,0.99882001
test_13118,0.96329999
test_13119,0.91693002
test_13120,0.35740000
test_13121,0.06959999
test_13122,0.00107998
test_13123,0.34518999
test_13124,0.00037998
test_13125,0.00089002
test_13126,0.01182002
test_13127,0.00005001
test_13128,0.03578001
test_13129,0.37015998
test_13130,0.00002003
test_13131,0.01986003
test_13132,0.22020000
test_13133,0.18728000
test_13134,0.04086000
test_13135,0.01800001
test_13136,0.04595000
test_13137,0.04632002
test_13138,0.04824001
test_13139,0.17693001
test_13140,0.00133997
test_13141,0.00054997
test_13142,0.06889999
test_13143,0.01305997
test_13144,0.00138998
test_13145,0.42698002
test_13146,0.00014001
test_13147,0.00000000
test_13148,0.00156999
test_13149,0.21609002
test_13150,0.03364003
test_13151,0.00360000
test_13152,0.38058001
test_13153,0.01451999
test_13154,0.29681998
test_13155,0.00002998
test_13156,0.01504999
test_13157,0.03694999
test_13158,0.00383002
test_13159,0.17881000
test_13160,0.28099000
test_13161,0.04716998
test_13162,0.08991998
test_13163,0.00001001
test_13164,0.00585997
test_13165,0.01547998
test_13166,0.16311997
test_13167,0.09046000
test_13168,0.32270002
test_13169,0.08240002
test_13170,0.06250000
test_13171,0.19520998
test_13172,0.02060002
test_13173,0.00177997
test_13174,0.00001001
test_13175,0.01739001
test_13176,0.38836002
test_13177,0.13357002
test_13178,0.18191999
test_13179,0.00441003
test_13180,0.00001001
test_13181,0.16645002
test_13182,0.00002998
test_13183,0.00001001
test_13184,0.02497000
test_13185,0.00000000
test_13186,0.18487000
test_13187,0.01477998
test_13188,0.01199001
test_13189,0.16766000
test_13190,0.00685000
test_13191,0.01561999
test_13192,0.00119001
test_13193,0.25137001
test_13194,0.02955002
test_13195,0.01458001
test_13196,0.00010002
test_13197,0.21526998
test_13198,0.07318997
test_13199,0.07277000
test_13200,0.06678998
test_13201,0.00239003
test_13202,0.00114000
test_13203,0.00000000
test_13204,0.16371000
test_13205,0.00263000
test_13206,0.00000000
test_13207,0.00325000
test_13208,0.44654000
test_13209,0.07148999
test_13210,0.00000000
test_13211,0.13094002
test_13212,0.01555002
test_13213,0.00827003
test_13214,0.00585997
test_13215,0.00414997
test_13216,0.99997997
test_13217,0.99997002
test_13218,1.00000000
test_13219,0.93212003
test_13220,0.99570000
test_13221,0.88067001
test_13222,0.99997997
test_13223,0.87685001
test_13224,0.98543000
test_13225,0.57928002
test_13226,0.93150997
test_13227,0.99975997
test_13228,0.99918997
test_13229,0.99893999
test_13230,0.99733001
test_13231,0.98794001
test_13232,0.98821998
test_13233,0.99315000
test_13234,0.99694997
test_13235,0.99471998
test_13236,0.87755001
test_13237,0.97245002
test_13238,0.99984002
test_13239,0.98098999
test_13240,0.60337001
test_13241,0.92043000
test_13242,0.98394001
test_13243,0.99996001
test_13244,0.99716002
test_13245,0.99353999
test_13246,0.83994001
test_13247,1.00000000
test_13248,0.92571998
test_13249,0.99904001
test_13250,0.87892002
test_13251,0.95014000
test_13252,0.95488000
test_13253,0.86361998
test_13254,0.98408002
test_13255,0.99738997
test_13256,0.94717997
test_13257,0.99620998
test_13258,0.99912000
test_13259,0.99948001
test_13260,0.59052002
test_13261,0.99274999
test_13262,0.76201999
test_13263,0.92435002
test_13264,0.99220002
test_13265,0.76393002
test_13266,0.99730003
test_13267,0.67290998
test_13268,0.84135997
test_13269,0.99900001
test_13270,0.99536002
test_13271,0.97566998
test_13272,0.99755001
test_13273,0.99993002
test_13274,0.99650002
test_13275,0.91584998
test_13276,0.93673998
test_13277,0.67943001
test_13278,0.95357001
test_13279,0.76033998
test_13280,0.25252002
test_13281,0.15000999
test_13282,0.04188001
test_13283,0.00230002
test_13284,0.01862001
test_13285,0.01385999
test_13286,0.00291002
test_13287,0.00397998
test_13288,0.00142002
test_13289,0.00032997
test_13290,0.00002003
test_13291,0.00006998
test_13292,0.00024998
test_13293,0.00002003
test_13294,0.12910998
test_13295,0.00002998
test_13296,0.00489002
test_13297,0.01300001
test_13298,0.00001001
test_13299,0.36159998
test_13300,0.02990001
test_13301,0.18756002
test_13302,0.07428002
test_13303,0.02178001
test_13304,0.00141001
test_13305,0.00117999
test_13306,0.00002003
test_13307,0.01920003
test_13308,0.00011998
test_13309,0.00977999
test_13310,0.01016998
test_13311,0.01134998
test_13312,0.70699000
test_13313,0.88442999
test_13314,0.99256003
test_13315,0.99997002
test_13316,0.96754003
test_13317,0.99904001
test_13318,0.99377000
test_13319,0.99967003
test_13320,0.98916000
test_13321,0.94931000
test_13322,0.99053001
test_13323,0.99770999
test_13324,0.79812002
test_13325,0.94484001
test_13326,0.93462002
test_13327,0.99830002
test_13328,0.85254002
test_13329,0.97825003
test_13330,0.99204999
test_13331,0.87268001
test_13332,0.98715001
test_13333,0.97792000
test_13334,0.99325001
test_13335,0.99730998
test_13336,0.98975998
test_13337,0.99997997
test_13338,0.81133997
test_13339,0.97496003
test_13340,0.99848998
test_13341,0.99624997
test_13342,0.96050000
test_13343,0.99355000
test_13344,0.99972999
test_13345,0.99774998
test_13346,0.72246999
test_13347,0.96736002
test_13348,0.75884998
test_13349,0.61524999
test_13350,0.83284998
test_13351,0.99994999
test_13352,0.99787998
test_13353,0.72297001
test_13354,0.99991000
test_13355,0.59267002
test_13356,0.99757999
test_13357,0.99966002
test_13358,0.99423999
test_13359,0.99348003
test_13360,0.99945003
test_13361,0.99028999
test_13362,0.99998999
test_13363,0.72596997
test_13364,0.99835998
test_13365,1.00000000
test_13366,0.99980998
test_13367,0.99163002
test_13368,0.98720998
test_13369,0.60202998
test_13370,0.64954001
test_13371,0.99910998
test_13372,0.99992001
test_13373,0.99997997
test_13374,0.99808002
test_13375,0.99997002
test_13376,0.99932998
test_13377,0.99418002
test_13378,0.99642003
test_13379,0.99847001
test_13380,0.81865001
test_13381,0.99445999
test_13382,0.99735999
test_13383,0.98288000
test_13384,0.96190000
test_13385,0.98964000
test_13386,0.99978000
test_13387,0.99974000
test_13388,0.96853000
test_13389,0.80593997
test_13390,0.99865001
test_13391,0.99962997
test_13392,0.97305000
test_13393,0.72763002
test_13394,0.66715997
test_13395,0.99826998
test_13396,0.93131000
test_13397,0.97053999
test_13398,0.73391002
test_13399,0.97768998
test_13400,0.98940998
test_13401,0.98951000
test_13402,0.96048999
test_13403,0.99997002
test_13404,0.99409002
test_13405,0.93610001
test_13406,0.92461002
test_13407,0.99896997
test_13408,0.21070999
test_13409,0.34465998
test_13410,0.45209998
test_13411,0.00265002
test_13412,0.00691003
test_13413,0.03548002
test_13414,0.07429999
test_13415,0.00761998
test_13416,0.00082999
test_13417,0.40055001
test_13418,0.01085001
test_13419,0.36546999
test_13420,0.00647998
test_13421,0.00313997
test_13422,0.00185001
test_13423,0.13414001
test_13424,0.32520002
test_13425,0.00844997
test_13426,0.24619001
test_13427,0.00291997
test_13428,0.00072002
test_13429,0.00081003
test_13430,0.29653001
test_13431,0.00024998
test_13432,0.00217003
test_13433,0.00353998
test_13434,0.02623999
test_13435,0.43351001
test_13436,0.00046998
test_13437,0.05008000
test_13438,0.02073997
test_13439,0.00001001
test_13440,0.96601999
test_13441,0.99997002
test_13442,0.99978000
test_13443,0.93052000
test_13444,0.98900002
test_13445,0.99993002
test_13446,0.71202999
test_13447,0.69024998
test_13448,0.98961002
test_13449,0.53044999
test_13450,0.54870999
test_13451,0.73322999
test_13452,0.89529997
test_13453,0.88663000
test_13454,0.99918002
test_13455,0.99074000
test_13456,0.94808000
test_13457,0.73865002
test_13458,0.98719001
test_13459,0.99941999
test_13460,0.90556997
test_13461,0.98654002
test_13462,0.99926001
test_13463,0.98444003
test_13464,0.99875998
test_13465,0.99785000
test_13466,0.84548998
test_13467,0.99989003
test_13468,0.91723001
test_13469,0.99162000
test_13470,0.53653997
test_13471,0.99997997
test_13472,0.99949998
test_13473,1.00000000
test_13474,0.94217002
test_13475,0.99877000
test_13476,0.95556998
test_13477,0.92219001
test_13478,0.99690998
test_13479,0.98198003
test_13480,0.99953997
test_13481,0.99997002
test_13482,0.83188999
test_13483,0.99926001
test_13484,0.96829998
test_13485,0.76563001
test_13486,0.61106002
test_13487,0.57975000
test_13488,0.53355998
test_13489,0.99970001
test_13490,0.95858002
test_13491,0.52803999
test_13492,0.97860003
test_13493,0.99998999
test_13494,0.83927000
test_13495,0.99686003
test_13496,0.98975998
test_13497,0.86653000
test_13498,0.99473000
test_13499,0.89320999
test_13500,0.98458999
test_13501,0.99991000
test_13502,0.77230000
test_13503,0.64968997
test_13504,0.00068998
test_13505,0.00007999
test_13506,0.00836998
test_13507,0.00819999
test_13508,0.01982999
test_13509,0.08171999
test_13510,0.37902999
test_13511,0.06985003
test_13512,0.01409000
test_13513,0.01204997
test_13514,0.00085998
test_13515,0.03675997
test_13516,0.04637003
test_13517,0.00476003
test_13518,0.00393999
test_13519,0.37475997
test_13520,0.05500001
test_13521,0.01848000
test_13522,0.10246003
test_13523,0.00300002
test_13524,0.00661999
test_13525,0.00032002
test_13526,0.20311999
test_13527,0.04088998
test_13528,0.01779002
test_13529,0.00000000
test_13530,0.00002003
test_13531,0.46531999
test_13532,0.31147999
test_13533,0.03237998
test_13534,0.30500001
test_13535,0.00009000
test_13536,0.50345999
test_13537,0.98820001
test_13538,0.99798000
test_13539,0.81678998
test_13540,0.92040002
test_13541,0.93195999
test_13542,0.99798000
test_13543,0.98983002
test_13544,0.99947000
test_13545,0.99690998
test_13546,0.99842000
test_13547,0.99790001
test_13548,0.92638999
test_13549,0.99351001
test_13550,0.95099002
test_13551,0.89752001
test_13552,0.99953997
test_13553,0.99598998
test_13554,1.00000000
test_13555,0.99422997
test_13556,0.88376999
test_13557,0.99779999
test_13558,0.99777001
test_13559,0.99981999
test_13560,0.93981999
test_13561,0.99913001
test_13562,0.59579998
test_13563,0.98907000
test_13564,0.85867000
test_13565,1.00000000
test_13566,0.67123997
test_13567,0.99997997
test_13568,0.16298002
test_13569,0.00673002
test_13570,0.00102001
test_13571,0.40140998
test_13572,0.19023001
test_13573,0.34920001
test_13574,0.04123002
test_13575,0.00053000
test_13576,0.01354998
test_13577,0.33358997
test_13578,0.15967000
test_13579,0.00216001
test_13580,0.00064999
test_13581,0.11714000
test_13582,0.15477002
test_13583,0.00026000
test_13584,0.00001001
test_13585,0.06914002
test_13586,0.04319000
test_13587,0.18265998
test_13588,0.10821998
test_13589,0.00019997
test_13590,0.16671997
test_13591,0.00001001
test_13592,0.00497001
test_13593,0.00015002
test_13594,0.00019002
test_13595,0.00033998
test_13596,0.09401000
test_13597,0.29657000
test_13598,0.03281999
test_13599,0.12206000
test_13600,0.03867000
test_13601,0.05351001
test_13602,0.00427002
test_13603,0.00519001
test_13604,0.00869000
test_13605,0.13382000
test_13606,0.00044000
test_13607,0.00449997
test_13608,0.00133002
test_13609,0.00050002
test_13610,0.05510998
test_13611,0.00006002
test_13612,0.00080001
test_13613,0.00046003
test_13614,0.00000000
test_13615,0.08443999
test_13616,0.37096000
test_13617,0.02284002
test_13618,0.01866001
test_13619,0.15078002
test_13620,0.02472001
test_13621,0.47860998
test_13622,0.00001001
test_13623,0.00031000
test_13624,0.00193000
test_13625,0.47228998
test_13626,0.23684001
test_13627,0.00018001
test_13628,0.18124998
test_13629,0.00809002
test_13630,0.00006002
test_13631,0.43759000
test_13632,0.99390000
test_13633,0.92076999
test_13634,0.99997997
test_13635,0.94029999
test_13636,0.99994999
test_13637,0.99927998
test_13638,0.94362003
test_13639,0.97793001
test_13640,0.98205000
test_13641,0.99592000
test_13642,0.87190998
test_13643,0.99760997
test_13644,0.94064999
test_13645,1.00000000
test_13646,0.99979001
test_13647,0.97204000
test_13648,0.58749002
test_13649,0.65617001
test_13650,0.99997002
test_13651,0.55352002
test_13652,0.97574002
test_13653,0.94657999
test_13654,0.94435000
test_13655,0.96765000
test_13656,0.99917001
test_13657,0.99289000
test_13658,0.85070002
test_13659,0.93896002
test_13660,0.58311999
test_13661,0.60756999
test_13662,0.92505002
test_13663,0.52394998
test_13664,1.00000000
test_13665,0.72267997
test_13666,0.99533999
test_13667,0.98514003
test_13668,0.96381998
test_13669,0.86189997
test_13670,0.99852997
test_13671,0.99812001
test_13672,0.99967003
test_13673,0.99116999
test_13674,0.69827998
test_13675,0.53377998
test_13676,0.68891001
test_13677,0.99874002
test_13678,0.99309999
test_13679,0.99965000
test_13680,0.98505002
test_13681,0.99989003
test_13682,0.99934000
test_13683,0.99998999
test_13684,0.88050002
test_13685,0.62497002
test_13686,0.99940997
test_13687,0.99216998
test_13688,0.99919999
test_13689,0.99874997
test_13690,0.94647002
test_13691,0.98000002
test_13692,0.51495999
test_13693,0.88301998
test_13694,0.95379001
test_13695,0.99234998
test_13696,0.99690002
test_13697,0.53424001
test_13698,0.99998999
test_13699,0.99980998
test_13700,1.00000000
test_13701,0.99997997
test_13702,0.99993998
test_13703,0.72648001
test_13704,0.98926002
test_13705,0.95133001
test_13706,0.77223003
test_13707,0.66744000
test_13708,0.84575999
test_13709,0.62105000
test_13710,0.97536999
test_13711,0.98469001
test_13712,0.99469000
test_13713,0.52794999
test_13714,0.99122000
test_13715,0.61780000
test_13716,0.99936998
test_13717,0.99871999
test_13718,0.99923998
test_13719,0.99441999
test_13720,0.88745999
test_13721,0.99207997
test_13722,0.87634999
test_13723,0.51332003
test_13724,0.99922001
test_13725,0.99607003
test_13726,0.99882001
test_13727,0.98363000
test_13728,0.00386000
test_13729,0.00143999
test_13730,0.00435001
test_13731,0.00035000
test_13732,0.00185001
test_13733,0.01052999
test_13734,0.09960002
test_13735,0.21447003
test_13736,0.00013000
test_13737,0.00006998
test_13738,0.01331002
test_13739,0.00014001
test_13740,0.19665998
test_13741,0.37704003
test_13742,0.05035001
test_13743,0.20418000
test_13744,0.29778999
test_13745,0.11303997
test_13746,0.00402999
test_13747,0.05045998
test_13748,0.00015002
test_13749,0.08767998
test_13750,0.09623998
test_13751,0.07643002
test_13752,0.00089002
test_13753,0.04957002
test_13754,0.00001001
test_13755,0.31698000
test_13756,0.00850999
test_13757,0.07492000
test_13758,0.02548999
test_13759,0.20529997
test_13760,0.00253999
test_13761,0.00206000
test_13762,0.00048000
test_13763,0.00053000
test_13764,0.00009000
test_13765,0.00265998
test_13766,0.27569997
test_13767,0.01130003
test_13768,0.00041997
test_13769,0.00989997
test_13770,0.00626999
test_13771,0.11312002
test_13772,0.00370997
test_13773,0.00133997
test_13774,0.06788999
test_13775,0.00743997
test_13776,0.00049001
test_13777,0.07200003
test_13778,0.24236000
test_13779,0.46925998
test_13780,0.00022000
test_13781,0.00002003
test_13782,0.00361001
test_13783,0.10654002
test_13784,0.00625998
test_13785,0.00000000
test_13786,0.00305998
test_13787,0.00129002
test_13788,0.35999000
test_13789,0.28885001
test_13790,0.42356998
test_13791,0.00168002
test_13792,0.99171001
test_13793,0.98012000
test_13794,0.97298998
test_13795,0.99842000
test_13796,0.99261999
test_13797,0.99989998
test_13798,0.93492001
test_13799,0.99633002
test_13800,0.99260002
test_13801,0.80874002
test_13802,0.69018000
test_13803,0.99958003
test_13804,0.72479999
test_13805,0.70324999
test_13806,0.91141999
test_13807,0.99155998
test_13808,0.98799002
test_13809,0.89942998
test_13810,0.99998999
test_13811,0.97938001
test_13812,0.59750003
test_13813,0.99967998
test_13814,0.79143000
test_13815,0.79026002
test_13816,0.98063999
test_13817,0.73372000
test_13818,0.57595998
test_13819,0.85904998
test_13820,0.92618001
test_13821,0.95337999
test_13822,0.99993002
test_13823,0.99804002
test_13824,0.09398001
test_13825,0.00014001
test_13826,0.01121998
test_13827,0.00599003
test_13828,0.00105000
test_13829,0.00046998
test_13830,0.02623999
test_13831,0.00178999
test_13832,0.00092000
test_13833,0.02993000
test_13834,0.24045002
test_13835,0.05273002
test_13836,0.00000000
test_13837,0.19198000
test_13838,0.19151998
test_13839,0.10754001
test_13840,0.00010002
test_13841,0.00810999
test_13842,0.02577001
test_13843,0.41276997
test_13844,0.00330001
test_13845,0.01484001
test_13846,0.00041997
test_13847,0.00450999
test_13848,0.03508002
test_13849,0.00123000
test_13850,0.04961002
test_13851,0.02594000
test_13852,0.17010999
test_13853,0.00001001
test_13854,0.00130999
test_13855,0.10883999
test_13856,0.58717000
test_13857,0.99988002
test_13858,1.00000000
test_13859,1.00000000
test_13860,0.71346998
test_13861,0.99989003
test_13862,0.99983001
test_13863,0.99080998
test_13864,0.99230999
test_13865,0.99997002
test_13866,0.99998999
test_13867,0.59193999
test_13868,0.98019999
test_13869,0.88247001
test_13870,0.70282000
test_13871,0.99716002
test_13872,0.81301999
test_13873,0.99211001
test_13874,0.99934000
test_13875,0.99502999
test_13876,0.94852000
test_13877,0.98795998
test_13878,0.99976999
test_13879,0.77598000
test_13880,0.99471003
test_13881,0.99844003
test_13882,0.99950999
test_13883,0.99993002
test_13884,1.00000000
test_13885,0.99010998
test_13886,0.67464000
test_13887,0.98956001
test_13888,0.96956003
test_13889,0.91033000
test_13890,0.65764999
test_13891,0.98582000
test_13892,0.99976999
test_13893,0.51945001
test_13894,0.99991000
test_13895,0.99663001
test_13896,0.94881999
test_13897,0.99313998
test_13898,0.84991997
test_13899,0.97969002
test_13900,0.96631002
test_13901,0.97845000
test_13902,0.99914998
test_13903,0.99177003
test_13904,0.99998999
test_13905,0.99953997
test_13906,0.99899000
test_13907,0.99693000
test_13908,0.97416002
test_13909,0.69624001
test_13910,0.99998999
test_13911,0.72172999
test_13912,0.97548997
test_13913,0.99980998
test_13914,0.99428999
test_13915,0.98092002
test_13916,0.99681002
test_13917,0.89462000
test_13918,0.99983001
test_13919,0.99997997
test_13920,0.64385998
test_13921,0.99958998
test_13922,0.62655002
test_13923,0.99975997
test_13924,0.99994999
test_13925,0.99961001
test_13926,0.99495000
test_13927,0.97030997
test_13928,0.99677998
test_13929,0.99721998
test_13930,0.99966002
test_13931,0.99886000
test_13932,0.99993002
test_13933,0.90718001
test_13934,0.65302002
test_13935,0.98765999
test_13936,0.99902999
test_13937,0.99979001
test_13938,0.99874997
test_13939,0.99826002
test_13940,0.99713999
test_13941,0.91260999
test_13942,0.98218000
test_13943,0.99853998
test_13944,0.99993002
test_13945,0.83495998
test_13946,0.96195000
test_13947,0.90662003
test_13948,0.99796999
test_13949,0.97939003
test_13950,0.99836999
test_13951,0.83973998
test_13952,0.75300002
test_13953,0.93166000
test_13954,0.99959999
test_13955,0.99953002
test_13956,0.88928002
test_13957,0.93798000
test_13958,1.00000000
test_13959,0.97972000
test_13960,0.99102998
test_13961,0.99829000
test_13962,0.99852002
test_13963,0.99286997
test_13964,0.97614002
test_13965,0.95208001
test_13966,0.95708001
test_13967,0.97662997
test_13968,0.69568998
test_13969,0.59153998
test_13970,0.99997002
test_13971,0.99823999
test_13972,0.99989998
test_13973,0.99940997
test_13974,0.99545002
test_13975,0.99966002
test_13976,0.50226998
test_13977,0.99998999
test_13978,0.99975997
test_13979,0.99137002
test_13980,0.77561003
test_13981,0.73729998
test_13982,0.87208998
test_13983,0.99862999
test_13984,0.13099003
test_13985,0.00006998
test_13986,0.12940001
test_13987,0.10926002
test_13988,0.16472000
test_13989,0.00001001
test_13990,0.00040001
test_13991,0.14405000
test_13992,0.00006002
test_13993,0.06063002
test_13994,0.00589001
test_13995,0.00247002
test_13996,0.00120997
test_13997,0.05251002
test_13998,0.07138002
test_13999,0.01384997
test_14000,0.00011998
test_14001,0.02859998
test_14002,0.30422002
test_14003,0.00159001
test_14004,0.00062001
test_14005,0.24015999
test_14006,0.00019002
test_14007,0.00072002
test_14008,0.00028998
test_14009,0.00023001
test_14010,0.00016999
test_14011,0.45301998
test_14012,0.00001001
test_14013,0.00240999
test_14014,0.00506002
test_14015,0.01020002
test_14016,1.00000000
test_14017,0.99734998
test_14018,0.99686998
test_14019,0.70023000
test_14020,0.99146003
test_14021,0.87760001
test_14022,0.99998999
test_14023,0.99984002
test_14024,0.99527001
test_14025,0.99058002
test_14026,0.99313998
test_14027,0.97055000
test_14028,0.99840999
test_14029,0.98311001
test_14030,0.99897999
test_14031,0.54281002
test_14032,0.99852997
test_14033,0.99804002
test_14034,0.96151000
test_14035,0.96521997
test_14036,0.68541002
test_14037,0.99879998
test_14038,0.99878001
test_14039,0.99943000
test_14040,0.98444998
test_14041,0.99970001
test_14042,0.99967003
test_14043,0.99410999
test_14044,0.53596997
test_14045,0.72838998
test_14046,0.86646003
test_14047,0.99087000
test_14048,0.00248998
test_14049,0.21429998
test_14050,0.00854999
test_14051,0.00897998
test_14052,0.00068998
test_14053,0.18724000
test_14054,0.45117998
test_14055,0.00019997
test_14056,0.00063002
test_14057,0.03965002
test_14058,0.00068003
test_14059,0.00066000
test_14060,0.00092000
test_14061,0.03276998
test_14062,0.00111997
test_14063,0.00009000
test_14064,0.00010997
test_14065,0.00076002
test_14066,0.01988000
test_14067,0.19432998
test_14068,0.00265998
test_14069,0.00117999
test_14070,0.10268003
test_14071,0.03153998
test_14072,0.08753002
test_14073,0.34899998
test_14074,0.00002003
test_14075,0.31107998
test_14076,0.00625002
test_14077,0.00177997
test_14078,0.00002998
test_14079,0.02837002
test_14080,0.99627000
test_14081,0.93664998
test_14082,0.81155002
test_14083,0.58811003
test_14084,0.75155997
test_14085,0.99981999
test_14086,0.96499002
test_14087,1.00000000
test_14088,0.95077997
test_14089,0.62921000
test_14090,0.99848998
test_14091,0.97368997
test_14092,0.62189001
test_14093,0.99067003
test_14094,0.99989998
test_14095,0.65046000
test_14096,0.99962997
test_14097,0.66641003
test_14098,0.99971002
test_14099,0.98183000
test_14100,0.84489000
test_14101,0.67149001
test_14102,0.74383003
test_14103,0.80094999
test_14104,0.90684998
test_14105,0.94670999
test_14106,0.99759001
test_14107,0.99370998
test_14108,0.95063001
test_14109,0.82117999
test_14110,0.99427003
test_14111,0.99993002
test_14112,0.99949002
test_14113,0.98268998
test_14114,0.96166998
test_14115,0.99997002
test_14116,0.99961001
test_14117,0.77455002
test_14118,0.95854002
test_14119,0.99989998
test_14120,0.99869001
test_14121,0.99975997
test_14122,0.99575001
test_14123,0.98458999
test_14124,0.99957001
test_14125,0.88712001
test_14126,0.97495002
test_14127,0.99997002
test_14128,0.99896002
test_14129,0.92922997
test_14130,0.99967998
test_14131,0.68292999
test_14132,0.95170999
test_14133,0.99185002
test_14134,0.99901003
test_14135,0.57058001
test_14136,0.87375998
test_14137,0.94581002
test_14138,0.78608000
test_14139,0.84658003
test_14140,0.99528003
test_14141,0.72745001
test_14142,0.79439998
test_14143,0.99755001
test_14144,0.00013000
test_14145,0.00054997
test_14146,0.38428003
test_14147,0.01328999
test_14148,0.00011998
test_14149,0.05109000
test_14150,0.00743002
test_14151,0.03180999
test_14152,0.28565001
test_14153,0.01226002
test_14154,0.00801003
test_14155,0.00072002
test_14156,0.14374000
test_14157,0.38352001
test_14158,0.02951002
test_14159,0.04850000
test_14160,0.39964002
test_14161,0.01008999
test_14162,0.00001001
test_14163,0.00011998
test_14164,0.12988001
test_14165,0.00002003
test_14166,0.11914003
test_14167,0.08894998
test_14168,0.00018001
test_14169,0.00050002
test_14170,0.00022000
test_14171,0.07503003
test_14172,0.00018001
test_14173,0.00050998
test_14174,0.00487000
test_14175,0.00000000
test_14176,0.55445999
test_14177,0.99922001
test_14178,0.97254997
test_14179,0.99991000
test_14180,0.87041998
test_14181,0.82066000
test_14182,0.57875001
test_14183,0.99980998
test_14184,0.83649999
test_14185,0.97141999
test_14186,0.99263000
test_14187,0.81858999
test_14188,0.89602000
test_14189,0.99993998
test_14190,0.99998999
test_14191,0.99997002
test_14192,1.00000000
test_14193,0.75926000
test_14194,0.94563001
test_14195,0.97828001
test_14196,0.97797000
test_14197,0.64784002
test_14198,0.67756999
test_14199,0.97240001
test_14200,0.82792997
test_14201,0.98237002
test_14202,0.97946000
test_14203,0.93238997
test_14204,0.95415998
test_14205,0.62412000
test_14206,0.99667001
test_14207,0.52530003
test_14208,0.76630002
test_14209,0.99713999
test_14210,0.95188999
test_14211,0.99773002
test_14212,1.00000000
test_14213,0.75629997
test_14214,0.74185997
test_14215,0.98964000
test_14216,0.95910001
test_14217,0.99908000
test_14218,0.99568999
test_14219,0.99902999
test_14220,0.99743003
test_14221,0.98290998
test_14222,0.97606999
test_14223,0.53900999
test_14224,0.99975997
test_14225,0.99997002
test_14226,0.95073003
test_14227,0.99581999
test_14228,0.99550998
test_14229,0.97455001
test_14230,0.99956000
test_14231,0.70174998
test_14232,0.99915999
test_14233,0.99962997
test_14234,0.88453001
test_14235,0.99795997
test_14236,0.97340000
test_14237,0.99994999
test_14238,0.88992000
test_14239,0.98477000
test_14240,0.00029999
test_14241,0.01918000
test_14242,0.01593000
test_14243,0.00193000
test_14244,0.00291002
test_14245,0.01634997
test_14246,0.00003999
test_14247,0.01260000
test_14248,0.00567001
test_14249,0.00006998
test_14250,0.00018001
test_14251,0.00022000
test_14252,0.04223001
test_14253,0.01233000
test_14254,0.00032002
test_14255,0.12918001
test_14256,0.29655999
test_14257,0.00555998
test_14258,0.04812998
test_14259,0.02877003
test_14260,0.00397003
test_14261,0.06564999
test_14262,0.00018001
test_14263,0.02504998
test_14264,0.01273000
test_14265,0.07634997
test_14266,0.02118999
test_14267,0.00953001
test_14268,0.07031000
test_14269,0.34893000
test_14270,0.10272002
test_14271,0.00016999
test_14272,0.99989998
test_14273,0.60440999
test_14274,0.99998999
test_14275,0.95773000
test_14276,0.59328997
test_14277,0.98887002
test_14278,0.99817002
test_14279,0.99585003
test_14280,0.98855001
test_14281,0.99981999
test_14282,0.55707002
test_14283,0.99994999
test_14284,0.99998999
test_14285,0.50720000
test_14286,0.99979001
test_14287,0.78548998
test_14288,0.99989998
test_14289,0.99782997
test_14290,0.84799999
test_14291,0.99870998
test_14292,0.99896002
test_14293,0.71265000
test_14294,0.99198997
test_14295,0.99998999
test_14296,0.98816001
test_14297,0.82268000
test_14298,0.98624998
test_14299,0.96068001
test_14300,0.99975997
test_14301,0.99119997
test_14302,0.99324000
test_14303,0.91939998
test_14304,0.52546000
test_14305,0.97327000
test_14306,0.97674000
test_14307,0.99997002
test_14308,0.99728000
test_14309,0.99932998
test_14310,0.99998999
test_14311,0.99786001
test_14312,0.99965000
test_14313,0.99822998
test_14314,0.63503999
test_14315,0.99992001
test_14316,0.67398000
test_14317,0.71244001
test_14318,0.81849998
test_14319,0.99979001
test_14320,0.99856001
test_14321,0.99988002
test_14322,0.78327000
test_14323,0.96416003
test_14324,0.99905998
test_14325,0.51872998
test_14326,0.96451002
test_14327,0.80862999
test_14328,0.99950999
test_14329,0.90447003
test_14330,0.79631001
test_14331,0.84074998
test_14332,0.99877000
test_14333,0.99795002
test_14334,0.99583000
test_14335,0.99362999
test_14336,0.99974000
test_14337,0.96955001
test_14338,0.99971002
test_14339,0.97855997
test_14340,0.99480999
test_14341,0.99505001
test_14342,0.88046002
test_14343,0.60150999
test_14344,0.96254998
test_14345,0.99378997
test_14346,0.62731999
test_14347,0.99998999
test_14348,0.57986999
test_14349,0.98936999
test_14350,0.61369997
test_14351,0.99653000
test_14352,0.99160999
test_14353,0.99937999
test_14354,0.99612999
test_14355,0.51542002
test_14356,0.99936998
test_14357,0.99896002
test_14358,0.73123002
test_14359,0.94804001
test_14360,0.95169997
test_14361,0.99965000
test_14362,0.99971998
test_14363,0.53069001
test_14364,0.98690999
test_14365,0.74146998
test_14366,0.99506003
test_14367,0.97285002
test_14368,0.91096002
test_14369,0.98209000
test_14370,0.99936998
test_14371,0.99932998
test_14372,0.88994002
test_14373,0.99146998
test_14374,0.96332002
test_14375,0.92245001
test_14376,0.53039998
test_14377,0.98806000
test_14378,0.98706001
test_14379,0.99996001
test_14380,0.97592002
test_14381,0.96805000
test_14382,0.53828001
test_14383,0.99997002
test_14384,0.99904001
test_14385,0.99934000
test_14386,0.58535999
test_14387,0.98953998
test_14388,0.98986000
test_14389,0.99163997
test_14390,0.99984998
test_14391,0.84566998
test_14392,0.99908000
test_14393,0.62492001
test_14394,0.99959999
test_14395,0.98347002
test_14396,0.99466002
test_14397,0.97297001
test_14398,0.97152001
test_14399,0.98345000
test_14400,0.99979001
test_14401,0.71050000
test_14402,0.99994999
test_14403,0.99985999
test_14404,0.59096003
test_14405,0.99812001
test_14406,0.54794002
test_14407,0.90622002
test_14408,0.81678998
test_14409,0.99248999
test_14410,0.57330000
test_14411,0.99401999
test_14412,0.99554002
test_14413,0.99923998
test_14414,0.99926001
test_14415,0.70266002
test_14416,0.99997997
test_14417,0.99439001
test_14418,0.94721001
test_14419,0.99912000
test_14420,0.99985999
test_14421,0.99888998
test_14422,0.84157997
test_14423,0.99535000
test_14424,0.99991000
test_14425,0.91578001
test_14426,0.97349000
test_14427,0.98852003
test_14428,0.97745001
test_14429,0.97150999
test_14430,0.53516001
test_14431,0.99937999
test_14432,0.00778002
test_14433,0.00097001
test_14434,0.00256002
test_14435,0.19625002
test_14436,0.00904000
test_14437,0.02741998
test_14438,0.00002003
test_14439,0.01837999
test_14440,0.04234999
test_14441,0.00058001
test_14442,0.00998998
test_14443,0.03874999
test_14444,0.02350998
test_14445,0.00103003
test_14446,0.45406997
test_14447,0.00002003
test_14448,0.04803997
test_14449,0.09012002
test_14450,0.20350999
test_14451,0.00026000
test_14452,0.28303999
test_14453,0.03043997
test_14454,0.00354999
test_14455,0.00863999
test_14456,0.21337003
test_14457,0.00253999
test_14458,0.00668001
test_14459,0.00019002
test_14460,0.13972002
test_14461,0.16540998
test_14462,0.00174999
test_14463,0.08169001
test_14464,0.99996001
test_14465,0.94436002
test_14466,0.66431999
test_14467,0.78974998
test_14468,0.97689998
test_14469,0.63922000
test_14470,0.93620998
test_14471,0.99675000
test_14472,0.98654002
test_14473,0.76213002
test_14474,0.93553001
test_14475,0.99357003
test_14476,0.78828001
test_14477,0.95393002
test_14478,0.99997002
test_14479,0.79029000
test_14480,0.99997002
test_14481,0.87739998
test_14482,0.57233000
test_14483,0.62169999
test_14484,0.99993998
test_14485,0.99343997
test_14486,0.99772000
test_14487,0.60641998
test_14488,0.59983999
test_14489,1.00000000
test_14490,0.76664001
test_14491,0.96403003
test_14492,0.99722999
test_14493,0.99878001
test_14494,0.50819999
test_14495,0.99939001
test_14496,0.00331998
test_14497,0.28548998
test_14498,0.04724002
test_14499,0.00652999
test_14500,0.02841997
test_14501,0.02029002
test_14502,0.06739998
test_14503,0.00793999
test_14504,0.00654000
test_14505,0.00001001
test_14506,0.00016999
test_14507,0.01348001
test_14508,0.12129998
test_14509,0.36190999
test_14510,0.03479999
test_14511,0.00124002
test_14512,0.00003999
test_14513,0.08767998
test_14514,0.00005001
test_14515,0.00537997
test_14516,0.00007999
test_14517,0.00022000
test_14518,0.00300002
test_14519,0.00388002
test_14520,0.07726997
test_14521,0.00054002
test_14522,0.01975000
test_14523,0.00002998
test_14524,0.16544002
test_14525,0.00019997
test_14526,0.00001001
test_14527,0.03147000
test_14528,0.99791998
test_14529,0.99308997
test_14530,0.94722003
test_14531,0.98316002
test_14532,0.99950999
test_14533,0.99883997
test_14534,0.99922001
test_14535,0.99383998
test_14536,0.99997997
test_14537,0.99734998
test_14538,0.98662001
test_14539,0.99975002
test_14540,0.96449000
test_14541,0.95475000
test_14542,0.99996001
test_14543,0.99988002
test_14544,0.55177999
test_14545,0.99618000
test_14546,0.99851000
test_14547,0.99940997
test_14548,0.58500999
test_14549,0.51348001
test_14550,0.99992001
test_14551,0.99515003
test_14552,0.95300001
test_14553,0.99574000
test_14554,0.97871000
test_14555,0.94178998
test_14556,0.76301998
test_14557,0.99997997
test_14558,0.96463001
test_14559,0.99334002
test_14560,0.20052999
test_14561,0.01080000
test_14562,0.00186998
test_14563,0.00357002
test_14564,0.14994001
test_14565,0.00584000
test_14566,0.31682003
test_14567,0.26547003
test_14568,0.00764000
test_14569,0.16693997
test_14570,0.00411999
test_14571,0.00265998
test_14572,0.11161000
test_14573,0.00193000
test_14574,0.11335999
test_14575,0.12077999
test_14576,0.00958002
test_14577,0.01006001
test_14578,0.00169998
test_14579,0.00872999
test_14580,0.03037000
test_14581,0.00117999
test_14582,0.01255000
test_14583,0.00138998
test_14584,0.05041999
test_14585,0.00080001
test_14586,0.17190999
test_14587,0.26071000
test_14588,0.34588999
test_14589,0.18506002
test_14590,0.00028998
test_14591,0.00032002
test_14592,0.98422998
test_14593,0.99632001
test_14594,0.98563999
test_14595,0.96460003
test_14596,0.99918002
test_14597,0.92668998
test_14598,0.98904002
test_14599,0.99151999
test_14600,0.99519002
test_14601,0.99975002
test_14602,0.99991000
test_14603,0.60503000
test_14604,0.62792999
test_14605,0.82407999
test_14606,0.65377998
test_14607,0.97364002
test_14608,0.99001998
test_14609,0.89701003
test_14610,0.99861002
test_14611,0.65437001
test_14612,0.99965000
test_14613,0.99377000
test_14614,0.99981999
test_14615,0.99755001
test_14616,0.55782002
test_14617,1.00000000
test_14618,0.99997997
test_14619,0.87949997
test_14620,0.99945003
test_14621,0.99791002
test_14622,0.99858999
test_14623,0.99961001
test_14624,0.99988002
test_14625,0.98120999
test_14626,0.99996001
test_14627,0.75423998
test_14628,0.76419002
test_14629,0.99895000
test_14630,0.99860001
test_14631,0.82527000
test_14632,0.99866003
test_14633,0.81524003
test_14634,0.64695001
test_14635,0.99280000
test_14636,0.78021002
test_14637,0.51494998
test_14638,1.00000000
test_14639,0.99980998
test_14640,0.74370003
test_14641,0.92119998
test_14642,0.99706000
test_14643,0.99936998
test_14644,0.92739999
test_14645,0.52661997
test_14646,0.71249998
test_14647,0.81489998
test_14648,0.91978002
test_14649,0.53011000
test_14650,0.99835998
test_14651,0.99957001
test_14652,0.50915003
test_14653,0.99991000
test_14654,0.98105001
test_14655,0.93712997
test_14656,0.00957000
test_14657,0.48171997
test_14658,0.01352000
test_14659,0.08600003
test_14660,0.08634001
test_14661,0.01095003
test_14662,0.00018001
test_14663,0.08465999
test_14664,0.00430000
test_14665,0.00006998
test_14666,0.00009000
test_14667,0.02701998
test_14668,0.00023001
test_14669,0.33042997
test_14670,0.00286001
test_14671,0.00896001
test_14672,0.00024998
test_14673,0.02064002
test_14674,0.01089001
test_14675,0.36220998
test_14676,0.00086999
test_14677,0.02924001
test_14678,0.00222999
test_14679,0.01340002
test_14680,0.00386000
test_14681,0.00431001
test_14682,0.01172000
test_14683,0.00926000
test_14684,0.00053000
test_14685,0.00252002
test_14686,0.03144997
test_14687,0.46443999
test_14688,0.99972999
test_14689,0.98030001
test_14690,0.99909002
test_14691,0.56159002
test_14692,0.99190998
test_14693,0.87638998
test_14694,0.99725002
test_14695,0.75212997
test_14696,1.00000000
test_14697,0.84294999
test_14698,0.99601001
test_14699,0.99969000
test_14700,0.99996001
test_14701,0.66905999
test_14702,0.99950999
test_14703,0.78277999
test_14704,0.99967998
test_14705,0.82283998
test_14706,0.89907998
test_14707,0.99880999
test_14708,0.93809003
test_14709,0.99215001
test_14710,0.98904002
test_14711,0.76826000
test_14712,0.99835002
test_14713,1.00000000
test_14714,0.99848002
test_14715,0.72894001
test_14716,0.99887002
test_14717,0.99943000
test_14718,0.94136000
test_14719,0.98447001
test_14720,0.96811998
test_14721,0.99936998
test_14722,0.98334002
test_14723,0.99998999
test_14724,0.68062001
test_14725,0.98275000
test_14726,0.97905999
test_14727,0.98266000
test_14728,1.00000000
test_14729,0.97610998
test_14730,0.99309999
test_14731,0.99918002
test_14732,0.99269998
test_14733,0.99895000
test_14734,0.52956003
test_14735,0.99444002
test_14736,0.90104002
test_14737,0.86517000
test_14738,0.99914998
test_14739,0.99871999
test_14740,0.99690998
test_14741,0.99989998
test_14742,0.51354003
test_14743,0.99965000
test_14744,0.99994999
test_14745,0.99757999
test_14746,0.92953002
test_14747,0.65472001
test_14748,0.91718000
test_14749,0.58336997
test_14750,0.90403003
test_14751,0.98706001
test_14752,0.00490999
test_14753,0.02550000
test_14754,0.46280998
test_14755,0.41068000
test_14756,0.01375997
test_14757,0.00133002
test_14758,0.00028998
test_14759,0.00291002
test_14760,0.46284997
test_14761,0.00234002
test_14762,0.00102001
test_14763,0.00055999
test_14764,0.00054002
test_14765,0.00046003
test_14766,0.00002998
test_14767,0.00053000
test_14768,0.00319999
test_14769,0.00470001
test_14770,0.00322002
test_14771,0.00374001
test_14772,0.19716001
test_14773,0.02889001
test_14774,0.02790999
test_14775,0.00563997
test_14776,0.00458997
test_14777,0.26578999
test_14778,0.00156999
test_14779,0.00774997
test_14780,0.00010997
test_14781,0.35799998
test_14782,0.24927998
test_14783,0.00117999
test_14784,0.17633998
test_14785,0.00295001
test_14786,0.04639000
test_14787,0.03614002
test_14788,0.00287002
test_14789,0.00130999
test_14790,0.06046999
test_14791,0.00305998
test_14792,0.00906998
test_14793,0.00164998
test_14794,0.00000000
test_14795,0.04493999
test_14796,0.16066003
test_14797,0.00002003
test_14798,0.00006998
test_14799,0.01955998
test_14800,0.00099999
test_14801,0.00055999
test_14802,0.01368999
test_14803,0.45389998
test_14804,0.00748003
test_14805,0.10721999
test_14806,0.00076997
test_14807,0.21568000
test_14808,0.01152003
test_14809,0.00019002
test_14810,0.07424003
test_14811,0.00024003
test_14812,0.00386000
test_14813,0.00011998
test_14814,0.16430002
test_14815,0.01468003
test_14816,0.00902998
test_14817,0.05922002
test_14818,0.13002998
test_14819,0.00259000
test_14820,0.05791003
test_14821,0.11190999
test_14822,0.00085002
test_14823,0.06914997
test_14824,0.40555000
test_14825,0.09016001
test_14826,0.04245001
test_14827,0.06538999
test_14828,0.00041997
test_14829,0.09737998
test_14830,0.32060999
test_14831,0.00243002
test_14832,0.00827998
test_14833,0.00291997
test_14834,0.01499999
test_14835,0.00199002
test_14836,0.03337997
test_14837,0.09534001
test_14838,0.01047999
test_14839,0.48562002
test_14840,0.05822003
test_14841,0.01738000
test_14842,0.00002998
test_14843,0.11240000
test_14844,0.07458001
test_14845,0.00316000
test_14846,0.00000000
test_14847,0.00171000
test_14848,0.98736000
test_14849,0.99997997
test_14850,0.99732000
test_14851,0.81593001
test_14852,0.66911000
test_14853,0.96166998
test_14854,0.68365002
test_14855,0.99870002
test_14856,0.99230999
test_14857,0.92202997
test_14858,0.94200999
test_14859,0.99757999
test_14860,0.99974000
test_14861,0.85995001
test_14862,0.99958003
test_14863,0.98966002
test_14864,0.98421001
test_14865,0.99992001
test_14866,0.93668997
test_14867,0.63111001
test_14868,0.89815998
test_14869,1.00000000
test_14870,0.98549998
test_14871,0.99965000
test_14872,0.72127998
test_14873,0.99414003
test_14874,0.70793998
test_14875,0.89156997
test_14876,0.68343002
test_14877,0.98566997
test_14878,0.99155998
test_14879,0.95647001
test_14880,0.99957001
test_14881,0.88208002
test_14882,0.95626998
test_14883,0.99831998
test_14884,0.98260999
test_14885,0.99620003
test_14886,0.99214000
test_14887,0.96467000
test_14888,0.52846998
test_14889,0.99941999
test_14890,0.95538998
test_14891,0.56651002
test_14892,0.81054002
test_14893,0.91154999
test_14894,0.99945003
test_14895,0.60909998
test_14896,0.99567002
test_14897,0.72219998
test_14898,0.99835002
test_14899,0.99870002
test_14900,0.58104998
test_14901,0.75151998
test_14902,0.93737000
test_14903,0.99981999
test_14904,0.90930003
test_14905,1.00000000
test_14906,0.99337000
test_14907,0.88581997
test_14908,0.99791002
test_14909,0.99910003
test_14910,0.66522998
test_14911,0.91738999
test_14912,0.92286003
test_14913,0.84675002
test_14914,0.99975997
test_14915,0.97171003
test_14916,0.99953997
test_14917,0.98495001
test_14918,0.89003998
test_14919,0.99896997
test_14920,0.86585999
test_14921,0.90676999
test_14922,0.99645001
test_14923,0.99994999
test_14924,0.99504000
test_14925,0.99317998
test_14926,0.97507000
test_14927,0.94503999
test_14928,0.99998999
test_14929,0.99970001
test_14930,0.53200001
test_14931,0.99972999
test_14932,0.83806998
test_14933,0.98470998
test_14934,0.87089998
test_14935,0.99978000
test_14936,0.98022002
test_14937,0.99176002
test_14938,0.97228998
test_14939,0.98676997
test_14940,0.99787998
test_14941,0.99965000
test_14942,0.98439997
test_14943,0.71934003
test_14944,0.19003999
test_14945,0.26024997
test_14946,0.13647002
test_14947,0.00023001
test_14948,0.00106001
test_14949,0.34931999
test_14950,0.00002003
test_14951,0.00354999
test_14952,0.00749999
test_14953,0.00001001
test_14954,0.00001001
test_14955,0.10916001
test_14956,0.03845000
test_14957,0.10157001
test_14958,0.00187999
test_14959,0.44661999
test_14960,0.00001001
test_14961,0.02164000
test_14962,0.00985003
test_14963,0.00015002
test_14964,0.04053003
test_14965,0.00001001
test_14966,0.00782001
test_14967,0.00339001
test_14968,0.00066000
test_14969,0.00571001
test_14970,0.03908002
test_14971,0.00044000
test_14972,0.00108999
test_14973,0.23548001
test_14974,0.00116998
test_14975,0.01328999
test_14976,0.06879997
test_14977,0.00686002
test_14978,0.36957002
test_14979,0.00155002
test_14980,0.00103003
test_14981,0.26995999
test_14982,0.02683997
test_14983,0.00072002
test_14984,0.00261998
test_14985,0.02778000
test_14986,0.00070000
test_14987,0.03302997
test_14988,0.24847001
test_14989,0.00010997
test_14990,0.36085999
test_14991,0.01729000
test_14992,0.11381000
test_14993,0.00001001
test_14994,0.01542997
test_14995,0.38353002
test_14996,0.00806999
test_14997,0.04260999
test_14998,0.02260000
test_14999,0.10635000
test_15000,0.00003999
test_15001,0.04707998
test_15002,0.00673997
test_15003,0.00384003
test_15004,0.25775999
test_15005,0.00059003
test_15006,0.16514999
test_15007,0.15674001
test_15008,0.99959999
test_15009,0.97408998
test_15010,0.99949998
test_15011,0.99950999
test_15012,0.99309999
test_15013,0.98729998
test_15014,0.99989003
test_15015,0.98505998
test_15016,0.99939001
test_15017,0.96653003
test_15018,1.00000000
test_15019,0.66514999
test_15020,0.99438000
test_15021,0.97395998
test_15022,0.99857002
test_15023,0.98040003
test_15024,0.99747998
test_15025,0.99040997
test_15026,0.99969000
test_15027,0.99961001
test_15028,0.99210000
test_15029,0.99997997
test_15030,0.98412001
test_15031,0.99936998
test_15032,0.99988002
test_15033,0.99996001
test_15034,0.99750000
test_15035,0.96174002
test_15036,0.97869003
test_15037,0.99713999
test_15038,0.99773002
test_15039,0.99550003
test_15040,0.21123999
test_15041,0.04970002
test_15042,0.00081998
test_15043,0.03204000
test_15044,0.00010997
test_15045,0.09437001
test_15046,0.00678003
test_15047,0.00082999
test_15048,0.00005001
test_15049,0.00806999
test_15050,0.00016999
test_15051,0.00090998
test_15052,0.22387999
test_15053,0.13894999
test_15054,0.00020999
test_15055,0.02078003
test_15056,0.11936998
test_15057,0.05461001
test_15058,0.00308001
test_15059,0.00212997
test_15060,0.23250002
test_15061,0.00009000
test_15062,0.00343001
test_15063,0.00006998
test_15064,0.00616002
test_15065,0.00046998
test_15066,0.00781000
test_15067,0.14058000
test_15068,0.04688001
test_15069,0.40189999
test_15070,0.04834998
test_15071,0.02499998
test_15072,0.99949998
test_15073,0.95339000
test_15074,0.96248001
test_15075,0.99979001
test_15076,0.99915999
test_15077,0.99882001
test_15078,0.78865999
test_15079,0.99475002
test_15080,0.92732000
test_15081,0.99808002
test_15082,0.99989003
test_15083,0.99981999
test_15084,0.99971998
test_15085,0.99791998
test_15086,0.88392001
test_15087,0.91060001
test_15088,0.99394000
test_15089,0.99958998
test_15090,0.69467002
test_15091,0.99992001
test_15092,0.99786001
test_15093,0.98803997
test_15094,0.60671997
test_15095,0.80495000
test_15096,0.99522001
test_15097,0.99974000
test_15098,0.73866999
test_15099,0.99892002
test_15100,0.68054003
test_15101,0.99958003
test_15102,0.99840999
test_15103,0.72447997
test_15104,0.93289000
test_15105,0.96717000
test_15106,0.99931997
test_15107,0.75322998
test_15108,0.93798000
test_15109,0.75234002
test_15110,0.99997997
test_15111,0.99868000
test_15112,0.99835998
test_15113,0.93788999
test_15114,0.99965000
test_15115,0.87345999
test_15116,0.99963999
test_15117,0.57849002
test_15118,0.88286000
test_15119,0.98567998
test_15120,0.57332999
test_15121,0.99996001
test_15122,0.97750002
test_15123,0.81927001
test_15124,0.99976999
test_15125,0.56739002
test_15126,0.99930000
test_15127,0.99987000
test_15128,0.90211999
test_15129,0.99984002
test_15130,0.99997002
test_15131,0.97223002
test_15132,0.99384999
test_15133,0.99421000
test_15134,0.99985999
test_15135,0.98905998
test_15136,0.99768001
test_15137,0.95276999
test_15138,0.99150002
test_15139,0.99988002
test_15140,0.99998999
test_15141,0.98961997
test_15142,0.99993998
test_15143,0.80216998
test_15144,0.99732000
test_15145,0.99965000
test_15146,0.98995000
test_15147,0.81329000
test_15148,0.57437003
test_15149,0.99980998
test_15150,0.77776998
test_15151,0.98997003
test_15152,0.98505002
test_15153,0.99954998
test_15154,0.99536002
test_15155,0.53314000
test_15156,0.94252998
test_15157,0.99642003
test_15158,0.93479002
test_15159,0.99989998
test_15160,0.88650000
test_15161,0.99998999
test_15162,0.97372001
test_15163,0.99870002
test_15164,0.99857002
test_15165,0.78794998
test_15166,0.99282002
test_15167,0.98382002
test_15168,0.67734998
test_15169,0.92798001
test_15170,0.87009001
test_15171,0.99989998
test_15172,0.99984002
test_15173,0.84729999
test_15174,0.84249002
test_15175,0.87743002
test_15176,0.99961001
test_15177,0.97517002
test_15178,0.83894998
test_15179,0.72557998
test_15180,0.99985999
test_15181,0.91207999
test_15182,0.95762002
test_15183,0.85191000
test_15184,0.99954998
test_15185,0.99993002
test_15186,0.99984998
test_15187,0.76244998
test_15188,0.99997997
test_15189,0.97053999
test_15190,0.99994999
test_15191,0.99851000
test_15192,0.97364002
test_15193,0.92597002
test_15194,0.78096002
test_15195,0.99141997
test_15196,0.58520001
test_15197,0.99760997
test_15198,0.99781001
test_15199,0.99901003
test_15200,0.00001001
test_15201,0.16880000
test_15202,0.01709998
test_15203,0.00305003
test_15204,0.28874999
test_15205,0.37927002
test_15206,0.00929999
test_15207,0.04114002
test_15208,0.00027001
test_15209,0.00007999
test_15210,0.00771999
test_15211,0.27596003
test_15212,0.07056999
test_15213,0.00002998
test_15214,0.00803000
test_15215,0.00010002
test_15216,0.00502998
test_15217,0.00432998
test_15218,0.00041002
test_15219,0.00024998
test_15220,0.00294000
test_15221,0.00032002
test_15222,0.00086999
test_15223,0.37393999
test_15224,0.21303999
test_15225,0.29943001
test_15226,0.00007999
test_15227,0.01646000
test_15228,0.00045002
test_15229,0.09491998
test_15230,0.00397003
test_15231,0.00001001
test_15232,0.04892999
test_15233,0.30510998
test_15234,0.32301998
test_15235,0.00660002
test_15236,0.00691003
test_15237,0.05045998
test_15238,0.00063998
test_15239,0.00506002
test_15240,0.03138000
test_15241,0.03240001
test_15242,0.07296002
test_15243,0.03274000
test_15244,0.00046003
test_15245,0.14275998
test_15246,0.08732003
test_15247,0.00000000
test_15248,0.00266999
test_15249,0.45283997
test_15250,0.00020999
test_15251,0.00076997
test_15252,0.01925999
test_15253,0.00005001
test_15254,0.00475001
test_15255,0.00086999
test_15256,0.00138998
test_15257,0.24953997
test_15258,0.00145000
test_15259,0.08565003
test_15260,0.00001001
test_15261,0.33298999
test_15262,0.38082999
test_15263,0.00294000
test_15264,0.57677001
test_15265,0.98812997
test_15266,0.99971002
test_15267,0.99247998
test_15268,0.99996001
test_15269,0.99952000
test_15270,0.99924999
test_15271,0.82752001
test_15272,0.99997997
test_15273,0.99888003
test_15274,0.93874002
test_15275,0.99915999
test_15276,0.56445998
test_15277,0.96627998
test_15278,0.99998999
test_15279,0.99706000
test_15280,0.99031001
test_15281,0.98661000
test_15282,0.99997002
test_15283,0.99765003
test_15284,0.88537002
test_15285,0.98724997
test_15286,0.98490000
test_15287,0.99989998
test_15288,0.99487001
test_15289,0.79667002
test_15290,0.99522001
test_15291,0.61919999
test_15292,0.95069999
test_15293,0.88224000
test_15294,0.99305999
test_15295,0.60174000
test_15296,0.99901998
test_15297,0.99997997
test_15298,0.99410999
test_15299,0.53680998
test_15300,0.99910003
test_15301,0.98982000
test_15302,0.99308997
test_15303,0.73203999
test_15304,0.99899000
test_15305,0.93848002
test_15306,0.99996001
test_15307,0.99908000
test_15308,0.82339001
test_15309,0.99766999
test_15310,0.91058999
test_15311,0.99540001
test_15312,0.98922998
test_15313,0.61093998
test_15314,0.99620003
test_15315,0.98030001
test_15316,0.99950999
test_15317,0.58129001
test_15318,0.60610998
test_15319,0.84377998
test_15320,0.94610000
test_15321,0.99927998
test_15322,0.52245998
test_15323,0.98717999
test_15324,0.97987002
test_15325,0.99984002
test_15326,0.97254997
test_15327,0.96854001
test_15328,0.00225002
test_15329,0.00401002
test_15330,0.03921002
test_15331,0.00642002
test_15332,0.00743002
test_15333,0.00028002
test_15334,0.09609997
test_15335,0.00893003
test_15336,0.00010002
test_15337,0.35387999
test_15338,0.29772002
test_15339,0.25432003
test_15340,0.01253998
test_15341,0.00006998
test_15342,0.06997001
test_15343,0.12338001
test_15344,0.00141001
test_15345,0.00694001
test_15346,0.41689998
test_15347,0.18844998
test_15348,0.02526999
test_15349,0.00001001
test_15350,0.02995002
test_15351,0.06928998
test_15352,0.31883001
test_15353,0.04039001
test_15354,0.03507000
test_15355,0.01191002
test_15356,0.19255000
test_15357,0.05699998
test_15358,0.40527999
test_15359,0.00006002
test_15360,1.00000000
test_15361,0.76471001
test_15362,0.99549001
test_15363,0.78128999
test_15364,0.77411997
test_15365,0.95779002
test_15366,0.84649003
test_15367,0.99838001
test_15368,0.97109002
test_15369,0.99997997
test_15370,0.74704999
test_15371,0.99456000
test_15372,0.99141002
test_15373,0.70611000
test_15374,0.60171002
test_15375,0.78775001
test_15376,1.00000000
test_15377,0.96556002
test_15378,0.98312998
test_15379,0.99845999
test_15380,0.81607997
test_15381,0.99984002
test_15382,0.99335998
test_15383,0.78953999
test_15384,0.98988998
test_15385,0.94821000
test_15386,0.99921000
test_15387,0.99997997
test_15388,0.88296998
test_15389,0.98232001
test_15390,0.99214000
test_15391,0.73014998
test_15392,0.94608003
test_15393,0.99910998
test_15394,0.54493999
test_15395,0.99904001
test_15396,0.99958003
test_15397,0.99967998
test_15398,0.94782001
test_15399,0.95429999
test_15400,0.99629998
test_15401,0.99467999
test_15402,0.95995998
test_15403,0.51823997
test_15404,0.99928999
test_15405,0.96903002
test_15406,0.95608997
test_15407,0.99997002
test_15408,0.93555999
test_15409,0.96158999
test_15410,0.99786001
test_15411,0.98592001
test_15412,0.99035001
test_15413,0.99593002
test_15414,1.00000000
test_15415,0.77604002
test_15416,0.98644000
test_15417,0.66237998
test_15418,0.99901998
test_15419,0.99735999
test_15420,0.99966002
test_15421,0.50615001
test_15422,0.88801003
test_15423,0.62146997
test_15424,0.99927998
test_15425,0.99620998
test_15426,0.99554002
test_15427,0.99981999
test_15428,0.99948001
test_15429,0.99422002
test_15430,0.99918002
test_15431,0.99637997
test_15432,0.99997002
test_15433,0.96022999
test_15434,0.98953003
test_15435,0.99958998
test_15436,0.99726999
test_15437,0.99870002
test_15438,0.99495000
test_15439,0.99637997
test_15440,0.99607998
test_15441,0.59609002
test_15442,0.99664003
test_15443,0.54053998
test_15444,0.99834001
test_15445,0.98843998
test_15446,0.99738002
test_15447,0.69485003
test_15448,0.89178002
test_15449,0.99522001
test_15450,0.98030001
test_15451,0.99287999
test_15452,0.98619002
test_15453,0.82821000
test_15454,0.77715999
test_15455,0.99826002
test_15456,0.99934000
test_15457,0.52398002
test_15458,0.61151999
test_15459,0.99769002
test_15460,0.98282999
test_15461,0.55650997
test_15462,0.99365002
test_15463,0.99978000
test_15464,0.99967003
test_15465,0.98483002
test_15466,0.99997997
test_15467,0.65520000
test_15468,0.99866003
test_15469,0.52280998
test_15470,0.99976999
test_15471,0.63862997
test_15472,0.99930000
test_15473,0.64274001
test_15474,0.99950999
test_15475,0.80308998
test_15476,0.95073003
test_15477,0.99790001
test_15478,0.99998999
test_15479,0.99980003
test_15480,0.93818003
test_15481,0.99996001
test_15482,0.89555001
test_15483,0.99558997
test_15484,0.76582003
test_15485,0.97975999
test_15486,0.82257003
test_15487,0.96749002
test_15488,0.11764002
test_15489,0.00041997
test_15490,0.07379001
test_15491,0.00121999
test_15492,0.01003999
test_15493,0.05697000
test_15494,0.09564000
test_15495,0.02547997
test_15496,0.00304002
test_15497,0.00647002
test_15498,0.01572001
test_15499,0.00024003
test_15500,0.00010997
test_15501,0.01332998
test_15502,0.00308001
test_15503,0.00002003
test_15504,0.00000000
test_15505,0.05729002
test_15506,0.03855002
test_15507,0.10907000
test_15508,0.00900000
test_15509,0.35075003
test_15510,0.29101002
test_15511,0.07126999
test_15512,0.00474000
test_15513,0.17780000
test_15514,0.00209999
test_15515,0.00514001
test_15516,0.03082001
test_15517,0.38014001
test_15518,0.20964998
test_15519,0.00160003
test_15520,0.25805998
test_15521,0.32931000
test_15522,0.02642000
test_15523,0.00120997
test_15524,0.38353002
test_15525,0.00101000
test_15526,0.00006002
test_15527,0.00366998
test_15528,0.06743997
test_15529,0.01204002
test_15530,0.05702001
test_15531,0.12976003
test_15532,0.17100000
test_15533,0.00073999
test_15534,0.07255000
test_15535,0.00006002
test_15536,0.00007999
test_15537,0.00033998
test_15538,0.29913998
test_15539,0.18232000
test_15540,0.00252998
test_15541,0.00353998
test_15542,0.00492001
test_15543,0.22755003
test_15544,0.09508997
test_15545,0.19448000
test_15546,0.00164998
test_15547,0.00001001
test_15548,0.01257002
test_15549,0.13203001
test_15550,0.00076997
test_15551,0.00016999
test_15552,0.01810998
test_15553,0.03320003
test_15554,0.39708000
test_15555,0.01306999
test_15556,0.02686000
test_15557,0.00127000
test_15558,0.01906002
test_15559,0.24817997
test_15560,0.00357002
test_15561,0.36229002
test_15562,0.01823997
test_15563,0.00114000
test_15564,0.00190002
test_15565,0.03391999
test_15566,0.00002998
test_15567,0.01345003
test_15568,0.04493999
test_15569,0.01560003
test_15570,0.00085998
test_15571,0.26765001
test_15572,0.05539000
test_15573,0.00028998
test_15574,0.00000000
test_15575,0.00060999
test_15576,0.00151002
test_15577,0.00073999
test_15578,0.00147003
test_15579,0.49229997
test_15580,0.00000000
test_15581,0.01586002
test_15582,0.01143003
test_15583,0.07387000
test_15584,0.06555003
test_15585,0.01424003
test_15586,0.01747000
test_15587,0.04382998
test_15588,0.02564001
test_15589,0.02218997
test_15590,0.05795997
test_15591,0.16483003
test_15592,0.08262002
test_15593,0.00190997
test_15594,0.00528002
test_15595,0.12316000
test_15596,0.00480002
test_15597,0.00404000
test_15598,0.37567002
test_15599,0.00927001
test_15600,0.46241999
test_15601,0.00068998
test_15602,0.00540000
test_15603,0.03425002
test_15604,0.43987000
test_15605,0.00076002
test_15606,0.41096002
test_15607,0.14138001
test_15608,0.08055001
test_15609,0.00081998
test_15610,0.01095998
test_15611,0.04237998
test_15612,0.00095999
test_15613,0.03608000
test_15614,0.28038001
test_15615,0.13034999
test_15616,0.01696998
test_15617,0.38995999
test_15618,0.05229002
test_15619,0.00019002
test_15620,0.00002998
test_15621,0.07414001
test_15622,0.00809002
test_15623,0.00029999
test_15624,0.00634003
test_15625,0.13870001
test_15626,0.01002002
test_15627,0.01687998
test_15628,0.29509997
test_15629,0.00277001
test_15630,0.00031000
test_15631,0.00010997
test_15632,0.00413001
test_15633,0.09219998
test_15634,0.00032002
test_15635,0.00217998
test_15636,0.00049001
test_15637,0.00002998
test_15638,0.00024998
test_15639,0.01602000
test_15640,0.01484001
test_15641,0.14916003
test_15642,0.00101000
test_15643,0.03096002
test_15644,0.08963001
test_15645,0.00129998
test_15646,0.00024003
test_15647,0.00002003
test_15648,0.87028998
test_15649,0.90069997
test_15650,0.99944001
test_15651,0.93401998
test_15652,0.99326003
test_15653,1.00000000
test_15654,0.99663001
test_15655,0.89581001
test_15656,0.58169001
test_15657,0.57683003
test_15658,0.99532002
test_15659,0.99738997
test_15660,0.91763997
test_15661,0.99879003
test_15662,0.96467000
test_15663,0.99251997
test_15664,0.99764001
test_15665,0.83266002
test_15666,0.99779999
test_15667,0.55655998
test_15668,0.99932998
test_15669,0.98352998
test_15670,0.54895002
test_15671,0.94607002
test_15672,0.99989998
test_15673,0.78416997
test_15674,0.84473002
test_15675,0.99944001
test_15676,0.96746999
test_15677,0.57204002
test_15678,0.99998999
test_15679,0.99996001
test_15680,0.99831003
test_15681,0.97583997
test_15682,0.62080997
test_15683,0.97760999
test_15684,0.52980000
test_15685,0.99992001
test_15686,0.91785002
test_15687,0.99801999
test_15688,0.99971998
test_15689,0.85702997
test_15690,0.76107001
test_15691,0.99993002
test_15692,0.98496002
test_15693,0.99979001
test_15694,0.76880002
test_15695,0.50259000
test_15696,0.99738002
test_15697,0.95058000
test_15698,0.99980003
test_15699,0.84380001
test_15700,0.99989003
test_15701,0.97595000
test_15702,0.98085999
test_15703,0.87150002
test_15704,0.88448000
test_15705,0.92049998
test_15706,0.99924999
test_15707,0.99760997
test_15708,0.85619003
test_15709,0.99142998
test_15710,0.99976999
test_15711,0.99998999
test_15712,0.04181999
test_15713,0.01629001
test_15714,0.41517001
test_15715,0.00119001
test_15716,0.22035998
test_15717,0.48290002
test_15718,0.00019002
test_15719,0.26204997
test_15720,0.01305997
test_15721,0.02258998
test_15722,0.03915000
test_15723,0.00071001
test_15724,0.00006002
test_15725,0.14484000
test_15726,0.03781003
test_15727,0.06061000
test_15728,0.08295000
test_15729,0.04497999
test_15730,0.08248001
test_15731,0.00467998
test_15732,0.00041002
test_15733,0.01977998
test_15734,0.01622999
test_15735,0.08419001
test_15736,0.23741001
test_15737,0.00387001
test_15738,0.33367002
test_15739,0.06661999
test_15740,0.43397999
test_15741,0.00011998
test_15742,0.19804001
test_15743,0.02733999
test_15744,0.49032003
test_15745,0.12342000
test_15746,0.00059998
test_15747,0.00005001
test_15748,0.00408000
test_15749,0.00002003
test_15750,0.09750003
test_15751,0.00072002
test_15752,0.08402002
test_15753,0.00007999
test_15754,0.00020999
test_15755,0.00006002
test_15756,0.00471002
test_15757,0.00085998
test_15758,0.03508002
test_15759,0.14077997
test_15760,0.10843998
test_15761,0.00206000
test_15762,0.26997000
test_15763,0.36206001
test_15764,0.00079000
test_15765,0.07244998
test_15766,0.43256998
test_15767,0.10470003
test_15768,0.00020999
test_15769,0.01332003
test_15770,0.47588998
test_15771,0.00010997
test_15772,0.02327001
test_15773,0.00002998
test_15774,0.09878999
test_15775,0.00001001
test_15776,0.00206000
test_15777,0.42650998
test_15778,0.00048000
test_15779,0.00788999
test_15780,0.00063002
test_15781,0.06979001
test_15782,0.00220001
test_15783,0.00007999
test_15784,0.09516001
test_15785,0.38576001
test_15786,0.00255001
test_15787,0.41974002
test_15788,0.17365003
test_15789,0.04380000
test_15790,0.00356001
test_15791,0.00062001
test_15792,0.07533002
test_15793,0.01152003
test_15794,0.19885999
test_15795,0.17927003
test_15796,0.03597999
test_15797,0.00426000
test_15798,0.00046998
test_15799,0.30210000
test_15800,0.20302999
test_15801,0.01665002
test_15802,0.38913000
test_15803,0.01950002
test_15804,0.00018001
test_15805,0.01736999
test_15806,0.03754002
test_15807,0.00663000
test_15808,0.98258001
test_15809,0.92802000
test_15810,0.99980998
test_15811,0.99974000
test_15812,0.87010998
test_15813,0.61427999
test_15814,0.60413998
test_15815,0.90565002
test_15816,0.99861997
test_15817,0.98238999
test_15818,0.53934997
test_15819,0.94143999
test_15820,0.97207999
test_15821,0.98405999
test_15822,0.99772000
test_15823,0.57971001
test_15824,0.80719000
test_15825,0.57217997
test_15826,0.99400002
test_15827,0.99795002
test_15828,0.99801999
test_15829,0.97518998
test_15830,0.99974000
test_15831,0.98705000
test_15832,0.99998999
test_15833,0.95714003
test_15834,0.98710001
test_15835,0.82589000
test_15836,0.99975997
test_15837,0.99997997
test_15838,0.99681002
test_15839,0.99996001
test_15840,0.99651003
test_15841,0.99992001
test_15842,0.98974001
test_15843,0.52837998
test_15844,0.52772999
test_15845,0.99049002
test_15846,0.56801999
test_15847,0.99980998
test_15848,0.99794000
test_15849,0.92355001
test_15850,0.99655002
test_15851,0.88182998
test_15852,0.98054999
test_15853,0.66267002
test_15854,0.97373003
test_15855,0.99896997
test_15856,0.95353001
test_15857,0.99886000
test_15858,0.97404999
test_15859,0.99991000
test_15860,0.99988002
test_15861,0.99107999
test_15862,0.92570001
test_15863,0.52627999
test_15864,0.99278998
test_15865,0.99996001
test_15866,0.99998999
test_15867,0.99993002
test_15868,0.97583002
test_15869,0.99813002
test_15870,0.99930000
test_15871,0.91110998
test_15872,0.04389000
test_15873,0.25783002
test_15874,0.03424001
test_15875,0.00506002
test_15876,0.01055002
test_15877,0.00105000
test_15878,0.39823002
test_15879,0.39047003
test_15880,0.07047999
test_15881,0.00041997
test_15882,0.08073997
test_15883,0.44498998
test_15884,0.00001001
test_15885,0.00217998
test_15886,0.11952001
test_15887,0.04119998
test_15888,0.21311998
test_15889,0.21485001
test_15890,0.18472999
test_15891,0.00795001
test_15892,0.00028002
test_15893,0.01324999
test_15894,0.00110000
test_15895,0.00340998
test_15896,0.00278002
test_15897,0.05098999
test_15898,0.20604002
test_15899,0.00290000
test_15900,0.01881999
test_15901,0.00391001
test_15902,0.00791001
test_15903,0.00174999
test_15904,0.50567001
test_15905,0.94941998
test_15906,0.99563003
test_15907,0.99910003
test_15908,0.99594998
test_15909,0.99993002
test_15910,0.99686003
test_15911,0.75364000
test_15912,0.83794999
test_15913,0.91719002
test_15914,0.99950999
test_15915,0.99991000
test_15916,0.94305998
test_15917,0.98541999
test_15918,0.99422997
test_15919,0.98995000
test_15920,0.78346002
test_15921,0.99915999
test_15922,0.99268001
test_15923,0.98272002
test_15924,0.67771000
test_15925,0.89442003
test_15926,0.99979001
test_15927,1.00000000
test_15928,0.99923003
test_15929,0.99985999
test_15930,0.56366998
test_15931,0.97602999
test_15932,0.71957999
test_15933,0.99913001
test_15934,0.97310001
test_15935,0.99842000
test_15936,0.38194001
test_15937,0.01413000
test_15938,0.00037998
test_15939,0.15496999
test_15940,0.00682002
test_15941,0.00001001
test_15942,0.00011998
test_15943,0.01234001
test_15944,0.00098002
test_15945,0.00010997
test_15946,0.00068003
test_15947,0.00503999
test_15948,0.00041997
test_15949,0.00000000
test_15950,0.19103998
test_15951,0.00089997
test_15952,0.24124002
test_15953,0.04789001
test_15954,0.00005001
test_15955,0.06322998
test_15956,0.01849002
test_15957,0.00015998
test_15958,0.00448000
test_15959,0.00105000
test_15960,0.00494999
test_15961,0.01286000
test_15962,0.11100000
test_15963,0.48868001
test_15964,0.00005001
test_15965,0.01137000
test_15966,0.00160998
test_15967,0.13129002
test_15968,0.00044000
test_15969,0.28356999
test_15970,0.00871998
test_15971,0.00002003
test_15972,0.09205002
test_15973,0.37998003
test_15974,0.04236001
test_15975,0.46736997
test_15976,0.00031000
test_15977,0.00418001
test_15978,0.00278002
test_15979,0.24032998
test_15980,0.37395000
test_15981,0.00000000
test_15982,0.00101000
test_15983,0.00474000
test_15984,0.01885003
test_15985,0.00134999
test_15986,0.28077000
test_15987,0.00269997
test_15988,0.00006002
test_15989,0.05400997
test_15990,0.00133002
test_15991,0.02522999
test_15992,0.44397998
test_15993,0.00075001
test_15994,0.00000000
test_15995,0.44213003
test_15996,0.09249002
test_15997,0.30088001
test_15998,0.01921999
test_15999,0.02197999
test_16000,0.00461000
test_16001,0.01472998
test_16002,0.00269002
test_16003,0.28206003
test_16004,0.04008001
test_16005,0.14407998
test_16006,0.01076001
test_16007,0.00038999
test_16008,0.04350001
test_16009,0.00006998
test_16010,0.12791997
test_16011,0.05094999
test_16012,0.00077999
test_16013,0.18931001
test_16014,0.00269997
test_16015,0.00038999
test_16016,0.37718999
test_16017,0.00278997
test_16018,0.00000000
test_16019,0.00110000
test_16020,0.08240998
test_16021,0.00000000
test_16022,0.00173998
test_16023,0.05046999
test_16024,0.00172001
test_16025,0.43502998
test_16026,0.37878001
test_16027,0.19946998
test_16028,0.04723001
test_16029,0.00357997
test_16030,0.00102001
test_16031,0.43704998
test_16032,0.99684000
test_16033,0.99747998
test_16034,1.00000000
test_16035,0.99923003
test_16036,0.99979001
test_16037,0.99607003
test_16038,0.99413002
test_16039,0.76135999
test_16040,0.99950999
test_16041,0.99998999
test_16042,0.89205003
test_16043,0.99704999
test_16044,0.99535000
test_16045,0.99958998
test_16046,0.98648000
test_16047,0.50489002
test_16048,0.99919999
test_16049,0.87323999
test_16050,0.77178001
test_16051,0.99880999
test_16052,0.99880999
test_16053,0.93396997
test_16054,0.96032000
test_16055,0.99128002
test_16056,0.98426002
test_16057,0.99979001
test_16058,0.75680000
test_16059,0.99945003
test_16060,0.96178001
test_16061,0.99829000
test_16062,0.98447001
test_16063,0.57947999
test_16064,0.99725002
test_16065,1.00000000
test_16066,0.98760998
test_16067,0.98515999
test_16068,0.60794002
test_16069,0.94493002
test_16070,0.98291999
test_16071,0.99958998
test_16072,0.99791998
test_16073,0.99304003
test_16074,0.99725002
test_16075,0.99969000
test_16076,0.98807001
test_16077,0.99888003
test_16078,0.76595998
test_16079,0.88384002
test_16080,0.99800003
test_16081,0.88880998
test_16082,0.85168999
test_16083,0.96046001
test_16084,0.98567998
test_16085,0.98312998
test_16086,0.99861997
test_16087,0.84731001
test_16088,0.67548001
test_16089,0.90919000
test_16090,0.91123998
test_16091,0.96824998
test_16092,0.81441998
test_16093,0.93708998
test_16094,1.00000000
test_16095,0.99834001
test_16096,0.99877000
test_16097,0.99361002
test_16098,0.92979002
test_16099,0.99043000
test_16100,0.99909002
test_16101,0.94892001
test_16102,0.99980003
test_16103,0.91478002
test_16104,0.92728001
test_16105,0.84634000
test_16106,0.99649000
test_16107,0.99994999
test_16108,0.61723000
test_16109,0.99997002
test_16110,0.99936002
test_16111,0.97178000
test_16112,1.00000000
test_16113,0.99607998
test_16114,0.80181998
test_16115,0.87186998
test_16116,0.50809997
test_16117,0.99643999
test_16118,0.99294001
test_16119,0.69760001
test_16120,0.66229999
test_16121,0.99961001
test_16122,0.50475001
test_16123,0.99980003
test_16124,0.96574998
test_16125,0.99638999
test_16126,0.66099000
test_16127,0.98404998
test_16128,0.98118001
test_16129,0.64937001
test_16130,0.99930000
test_16131,0.57111001
test_16132,0.99996001
test_16133,0.96578002
test_16134,0.75601000
test_16135,0.99983001
test_16136,0.99998999
test_16137,1.00000000
test_16138,0.70543998
test_16139,0.99976999
test_16140,0.96313000
test_16141,0.99230999
test_16142,0.97477001
test_16143,0.98016000
test_16144,0.70749003
test_16145,0.70134002
test_16146,0.95736003
test_16147,0.58143002
test_16148,0.96771002
test_16149,0.98829001
test_16150,0.75059003
test_16151,0.99717999
test_16152,0.84551001
test_16153,1.00000000
test_16154,0.90780002
test_16155,0.99984002
test_16156,0.99146003
test_16157,0.84508002
test_16158,0.99792999
test_16159,0.59609997
test_16160,0.29383999
test_16161,0.01177001
test_16162,0.01982999
test_16163,0.00278997
test_16164,0.07227999
test_16165,0.18500000
test_16166,0.01670998
test_16167,0.17215002
test_16168,0.00009000
test_16169,0.00111997
test_16170,0.00230002
test_16171,0.08041000
test_16172,0.00783002
test_16173,0.00001001
test_16174,0.00077999
test_16175,0.48387003
test_16176,0.15526003
test_16177,0.00002003
test_16178,0.00002003
test_16179,0.03162003
test_16180,0.03492999
test_16181,0.00007999
test_16182,0.15177000
test_16183,0.01791000
test_16184,0.02235001
test_16185,0.00003999
test_16186,0.07454997
test_16187,0.02174997
test_16188,0.00757003
test_16189,0.00005001
test_16190,0.03516001
test_16191,0.00230998
test_16192,0.68167001
test_16193,0.99852997
test_16194,0.96404999
test_16195,0.99967003
test_16196,0.93729001
test_16197,0.96320999
test_16198,0.99728000
test_16199,0.64587998
test_16200,0.95910001
test_16201,0.99839997
test_16202,0.98916000
test_16203,0.99975997
test_16204,0.99993002
test_16205,0.99994999
test_16206,1.00000000
test_16207,0.99804002
test_16208,0.99093997
test_16209,0.63736999
test_16210,0.99833000
test_16211,0.99712998
test_16212,0.99997002
test_16213,0.99905002
test_16214,0.99923998
test_16215,0.94235998
test_16216,0.99998999
test_16217,0.99958003
test_16218,0.99710000
test_16219,0.96933001
test_16220,0.99816000
test_16221,0.93952000
test_16222,0.99248999
test_16223,0.89608002
test_16224,0.99987000
test_16225,0.99888003
test_16226,0.98400998
test_16227,0.85010999
test_16228,0.93803000
test_16229,0.99978000
test_16230,0.99778998
test_16231,0.73593998
test_16232,0.99185997
test_16233,0.99994999
test_16234,0.98199999
test_16235,0.99166000
test_16236,0.99997997
test_16237,0.99998999
test_16238,0.96052003
test_16239,0.79615998
test_16240,0.91321999
test_16241,0.96833998
test_16242,0.87072003
test_16243,0.99997002
test_16244,0.94499999
test_16245,0.99980003
test_16246,0.99548000
test_16247,0.99987000
test_16248,0.99915999
test_16249,0.99765998
test_16250,0.98199999
test_16251,0.54031998
test_16252,0.75334001
test_16253,0.55373001
test_16254,0.99994999
test_16255,0.55593997
test_16256,0.00313002
test_16257,0.48641998
test_16258,0.00129998
test_16259,0.00016999
test_16260,0.12752002
test_16261,0.13824999
test_16262,0.00000000
test_16263,0.00479001
test_16264,0.05857998
test_16265,0.00006002
test_16266,0.00009000
test_16267,0.28548002
test_16268,0.00000000
test_16269,0.01990998
test_16270,0.00029999
test_16271,0.00010002
test_16272,0.00098002
test_16273,0.00000000
test_16274,0.01397997
test_16275,0.00006998
test_16276,0.00291002
test_16277,0.00015002
test_16278,0.00000000
test_16279,0.00001001
test_16280,0.00294000
test_16281,0.00352001
test_16282,0.00001001
test_16283,0.00177997
test_16284,0.04058999
test_16285,0.01176000
test_16286,0.10214001
test_16287,0.00048000
test_16288,0.00054997
test_16289,0.00024003
test_16290,0.17233002
test_16291,0.00002998
test_16292,0.48904002
test_16293,0.00001001
test_16294,0.00088000
test_16295,0.00326997
test_16296,0.00585002
test_16297,0.00164002
test_16298,0.00313997
test_16299,0.48747998
test_16300,0.07185000
test_16301,0.07942998
test_16302,0.32663000
test_16303,0.00290000
test_16304,0.17616999
test_16305,0.00000000
test_16306,0.02000999
test_16307,0.00048000
test_16308,0.05210000
test_16309,0.00029999
test_16310,0.21956998
test_16311,0.00682002
test_16312,0.21973997
test_16313,0.03333002
test_16314,0.07502002
test_16315,0.21003997
test_16316,0.00048000
test_16317,0.04882002
test_16318,0.00071001
test_16319,0.00028002
test_16320,0.99787998
test_16321,0.75919998
test_16322,0.89602000
test_16323,0.60294998
test_16324,0.99883997
test_16325,0.97294998
test_16326,0.99997997
test_16327,0.60302001
test_16328,0.95783001
test_16329,0.98636001
test_16330,0.99198002
test_16331,0.99760997
test_16332,0.78274000
test_16333,0.83471000
test_16334,0.99997002
test_16335,0.99882001
test_16336,0.99527001
test_16337,0.77261001
test_16338,0.99936002
test_16339,0.89301002
test_16340,0.99884999
test_16341,0.99949002
test_16342,0.99179000
test_16343,0.99519002
test_16344,0.71144003
test_16345,0.72744000
test_16346,0.87676001
test_16347,0.99940997
test_16348,0.84191000
test_16349,0.99883997
test_16350,0.59043998
test_16351,0.99768001
test_16352,0.00057000
test_16353,0.00101000
test_16354,0.45749998
test_16355,0.00003999
test_16356,0.43681997
test_16357,0.40982997
test_16358,0.00018001
test_16359,0.00260001
test_16360,0.01640999
test_16361,0.00098002
test_16362,0.01073003
test_16363,0.27539998
test_16364,0.43489999
test_16365,0.16450000
test_16366,0.19546998
test_16367,0.00103998
test_16368,0.00593001
test_16369,0.00923002
test_16370,0.00348997
test_16371,0.05164999
test_16372,0.00009000
test_16373,0.02749002
test_16374,0.00233001
test_16375,0.34851003
test_16376,0.03048003
test_16377,0.04325002
test_16378,0.09729999
test_16379,0.18390000
test_16380,0.00318998
test_16381,0.05738002
test_16382,0.08165002
test_16383,0.07257003
test_16384,0.99997997
test_16385,0.72680002
test_16386,0.99848998
test_16387,0.98980999
test_16388,0.95434999
test_16389,0.99988002
test_16390,0.63322002
test_16391,0.96006000
test_16392,0.99998999
test_16393,0.99509001
test_16394,0.71085000
test_16395,0.99022001
test_16396,0.99339002
test_16397,0.99816000
test_16398,0.99994999
test_16399,0.69628000
test_16400,0.75476998
test_16401,0.93032002
test_16402,0.71464002
test_16403,0.99966002
test_16404,0.99991000
test_16405,0.99812001
test_16406,0.96298999
test_16407,0.99985999
test_16408,0.90651000
test_16409,0.99975002
test_16410,0.99460000
test_16411,0.99105000
test_16412,0.97138000
test_16413,0.94586003
test_16414,0.60088998
test_16415,0.99998999
test_16416,0.22043002
test_16417,0.06915998
test_16418,0.00984001
test_16419,0.07191998
test_16420,0.00086999
test_16421,0.09104002
test_16422,0.00498003
test_16423,0.00000000
test_16424,0.17278999
test_16425,0.00791001
test_16426,0.07460999
test_16427,0.40592003
test_16428,0.37208998
test_16429,0.00006002
test_16430,0.00000000
test_16431,0.19916999
test_16432,0.27491999
test_16433,0.00150001
test_16434,0.32442999
test_16435,0.00493002
test_16436,0.08789003
test_16437,0.03710997
test_16438,0.10977000
test_16439,0.00000000
test_16440,0.00454003
test_16441,0.00015998
test_16442,0.00044000
test_16443,0.05454999
test_16444,0.00000000
test_16445,0.14016002
test_16446,0.00431001
test_16447,0.00037998
test_16448,0.09647000
test_16449,0.00233001
test_16450,0.12050998
test_16451,0.01209998
test_16452,0.00007999
test_16453,0.03130001
test_16454,0.00000000
test_16455,0.00073999
test_16456,0.05660999
test_16457,0.19033003
test_16458,0.00610000
test_16459,0.07648998
test_16460,0.00111002
test_16461,0.00001001
test_16462,0.07512999
test_16463,0.00006002
test_16464,0.00255001
test_16465,0.33112001
test_16466,0.11448997
test_16467,0.01087999
test_16468,0.15017003
test_16469,0.00090998
test_16470,0.10140997
test_16471,0.24000001
test_16472,0.00028998
test_16473,0.09050000
test_16474,0.00542998
test_16475,0.07457000
test_16476,0.00032997
test_16477,0.06527001
test_16478,0.00000000
test_16479,0.24079001
test_16480,0.99987000
test_16481,0.99655002
test_16482,0.97824001
test_16483,0.98439997
test_16484,0.99993998
test_16485,0.91302001
test_16486,0.97628999
test_16487,0.91430998
test_16488,0.99729002
test_16489,0.82766002
test_16490,0.86022002
test_16491,0.99039000
test_16492,0.97135001
test_16493,0.98675001
test_16494,0.90065998
test_16495,0.98123997
test_16496,0.99998999
test_16497,0.99207997
test_16498,0.68831998
test_16499,0.65636998
test_16500,0.77542001
test_16501,0.99169999
test_16502,0.94556999
test_16503,0.93379003
test_16504,0.99958003
test_16505,0.99998999
test_16506,0.87919998
test_16507,0.83441001
test_16508,0.99610001
test_16509,0.99553001
test_16510,0.50751001
test_16511,0.99989003
test_16512,0.18726999
test_16513,0.16218001
test_16514,0.00356001
test_16515,0.02702999
test_16516,0.00001001
test_16517,0.48328000
test_16518,0.00235999
test_16519,0.00001001
test_16520,0.04562002
test_16521,0.41794002
test_16522,0.00226998
test_16523,0.00314999
test_16524,0.20414001
test_16525,0.04154003
test_16526,0.02364999
test_16527,0.00102001
test_16528,0.18853003
test_16529,0.00006002
test_16530,0.00577003
test_16531,0.28930002
test_16532,0.00000000
test_16533,0.00010997
test_16534,0.00000000
test_16535,0.01800001
test_16536,0.00003999
test_16537,0.12904000
test_16538,0.00001001
test_16539,0.09660000
test_16540,0.00296998
test_16541,0.00015998
test_16542,0.07002002
test_16543,0.42434001
test_16544,0.57604998
test_16545,0.99981999
test_16546,1.00000000
test_16547,0.84926999
test_16548,0.59525001
test_16549,0.95595002
test_16550,1.00000000
test_16551,0.99956000
test_16552,0.99983001
test_16553,0.97597998
test_16554,0.99594003
test_16555,0.73495001
test_16556,0.99914002
test_16557,0.99997997
test_16558,0.99994999
test_16559,0.99517000
test_16560,0.99949998
test_16561,0.60290003
test_16562,0.75476003
test_16563,0.93470001
test_16564,0.99919999
test_16565,0.95493001
test_16566,0.99949002
test_16567,0.99998999
test_16568,0.76339000
test_16569,0.98553002
test_16570,0.99781001
test_16571,0.99975002
test_16572,0.79596001
test_16573,0.99997997
test_16574,0.50057000
test_16575,0.80282003
test_16576,0.00006002
test_16577,0.00019997
test_16578,0.00002003
test_16579,0.09744000
test_16580,0.00066000
test_16581,0.01497000
test_16582,0.35061002
test_16583,0.00006002
test_16584,0.11328000
test_16585,0.00002998
test_16586,0.00538999
test_16587,0.10789001
test_16588,0.22522998
test_16589,0.00572002
test_16590,0.09851003
test_16591,0.00013000
test_16592,0.02610999
test_16593,0.00294000
test_16594,0.14421999
test_16595,0.12054002
test_16596,0.00040001
test_16597,0.00342000
test_16598,0.07494998
test_16599,0.44383001
test_16600,0.03793001
test_16601,0.00206000
test_16602,0.00011998
test_16603,0.09043002
test_16604,0.00001001
test_16605,0.00292999
test_16606,0.35703999
test_16607,0.40250999
test_16608,0.99989998
test_16609,0.99208999
test_16610,0.93709999
test_16611,0.98062003
test_16612,0.98983002
test_16613,0.99983001
test_16614,0.99997997
test_16615,0.94518000
test_16616,0.99599999
test_16617,0.99921000
test_16618,0.97492999
test_16619,0.62264001
test_16620,0.99997002
test_16621,0.98319000
test_16622,0.99726999
test_16623,0.99440998
test_16624,0.82801998
test_16625,0.98808002
test_16626,0.98870999
test_16627,0.97008997
test_16628,0.99285001
test_16629,0.97624999
test_16630,0.99892998
test_16631,0.88949001
test_16632,0.97501999
test_16633,0.97187001
test_16634,0.72466999
test_16635,0.98233998
test_16636,0.83892000
test_16637,0.90363002
test_16638,0.99892998
test_16639,0.99914998
test_16640,0.98790002
test_16641,0.95266002
test_16642,0.99997997
test_16643,0.98357999
test_16644,0.99958998
test_16645,0.99917001
test_16646,0.99033999
test_16647,0.90517998
test_16648,0.87726003
test_16649,0.80092001
test_16650,0.93186998
test_16651,0.99975002
test_16652,0.99598002
test_16653,1.00000000
test_16654,0.97577000
test_16655,0.99589998
test_16656,0.99379998
test_16657,0.99935001
test_16658,0.99900001
test_16659,0.94573998
test_16660,0.99989998
test_16661,0.95735002
test_16662,0.99290001
test_16663,0.98874003
test_16664,0.99874997
test_16665,0.99281001
test_16666,0.99817002
test_16667,0.91100001
test_16668,0.99994999
test_16669,0.99971998
test_16670,0.94612998
test_16671,0.99902999
test_16672,0.99932998
test_16673,0.96306002
test_16674,0.87668002
test_16675,0.68427002
test_16676,0.99779999
test_16677,0.77673000
test_16678,0.97073001
test_16679,0.96370000
test_16680,0.98329002
test_16681,0.99878001
test_16682,0.99550003
test_16683,0.52113003
test_16684,0.93381000
test_16685,0.99958998
test_16686,0.93167001
test_16687,0.99497002
test_16688,0.96831000
test_16689,0.94595999
test_16690,0.99993998
test_16691,0.91008002
test_16692,0.99467999
test_16693,0.99989003
test_16694,0.99984002
test_16695,0.95231003
test_16696,0.66475999
test_16697,0.84601003
test_16698,0.62826002
test_16699,0.97636998
test_16700,0.74532998
test_16701,0.99899000
test_16702,0.67277998
test_16703,0.99969000
test_16704,0.18177998
test_16705,0.02081001
test_16706,0.00441003
test_16707,0.06439000
test_16708,0.00001001
test_16709,0.00010002
test_16710,0.00791001
test_16711,0.03925002
test_16712,0.00972998
test_16713,0.46212000
test_16714,0.05300999
test_16715,0.00019997
test_16716,0.18242002
test_16717,0.02102000
test_16718,0.08318001
test_16719,0.12386000
test_16720,0.00294000
test_16721,0.01084000
test_16722,0.00000000
test_16723,0.00020999
test_16724,0.00032997
test_16725,0.04732001
test_16726,0.09504002
test_16727,0.00151002
test_16728,0.00194001
test_16729,0.41711998
test_16730,0.16605002
test_16731,0.04521000
test_16732,0.06191999
test_16733,0.00375998
test_16734,0.02947998
test_16735,0.00718999
test_16736,0.97671998
test_16737,0.99704999
test_16738,0.92562997
test_16739,0.95008999
test_16740,0.99861997
test_16741,0.99970001
test_16742,0.59037000
test_16743,0.99264002
test_16744,0.99983001
test_16745,0.94648999
test_16746,0.66280001
test_16747,0.91829997
test_16748,0.99989998
test_16749,0.98069000
test_16750,0.99972999
test_16751,0.99983001
test_16752,0.68725997
test_16753,0.99988002
test_16754,0.99866998
test_16755,0.69694000
test_16756,0.99969000
test_16757,0.99948001
test_16758,0.99313003
test_16759,0.99997997
test_16760,0.99958003
test_16761,0.99278998
test_16762,0.67690003
test_16763,0.83954000
test_16764,0.95339000
test_16765,0.98918998
test_16766,0.99991000
test_16767,0.88221997
test_16768,0.00288999
test_16769,0.04804999
test_16770,0.00041002
test_16771,0.00308001
test_16772,0.00379002
test_16773,0.02622002
test_16774,0.06422001
test_16775,0.10715002
test_16776,0.08048999
test_16777,0.00173998
test_16778,0.49352998
test_16779,0.28732997
test_16780,0.00001001
test_16781,0.40193999
test_16782,0.00000000
test_16783,0.01559001
test_16784,0.00150001
test_16785,0.00001001
test_16786,0.00172001
test_16787,0.36673999
test_16788,0.01982999
test_16789,0.02231997
test_16790,0.01062000
test_16791,0.00055999
test_16792,0.00054997
test_16793,0.25533998
test_16794,0.00055999
test_16795,0.00045002
test_16796,0.27460003
test_16797,0.00809002
test_16798,0.37819999
test_16799,0.00893998
test_16800,0.99181002
test_16801,0.99989003
test_16802,0.99998999
test_16803,0.98896998
test_16804,0.99795997
test_16805,0.55567998
test_16806,0.99457997
test_16807,0.95341998
test_16808,0.99980998
test_16809,0.97542000
test_16810,0.99957001
test_16811,0.99321002
test_16812,0.86904001
test_16813,0.99895000
test_16814,0.99264997
test_16815,0.99456000
test_16816,0.99992001
test_16817,0.99965000
test_16818,0.92672998
test_16819,0.99948001
test_16820,0.96061999
test_16821,0.97351998
test_16822,0.62523001
test_16823,0.99954998
test_16824,0.99855000
test_16825,0.72772998
test_16826,0.99937999
test_16827,0.90000999
test_16828,0.72667003
test_16829,0.58769000
test_16830,0.99592000
test_16831,1.00000000
test_16832,0.99896997
test_16833,0.55628002
test_16834,0.74172997
test_16835,0.99992001
test_16836,0.73356998
test_16837,0.99992001
test_16838,0.82344002
test_16839,0.55987000
test_16840,0.99665999
test_16841,0.98298001
test_16842,0.98672003
test_16843,0.93415999
test_16844,0.99997002
test_16845,0.99330997
test_16846,0.99549001
test_16847,0.99689001
test_16848,0.92818999
test_16849,0.99971002
test_16850,0.52807999
test_16851,0.98610002
test_16852,0.87440002
test_16853,0.90685999
test_16854,0.81168997
test_16855,0.99991000
test_16856,0.91592002
test_16857,0.99961001
test_16858,0.70625001
test_16859,0.80698001
test_16860,0.99910998
test_16861,0.97346997
test_16862,0.99987000
test_16863,0.99993998
test_16864,0.16241997
test_16865,0.02433997
test_16866,0.38182998
test_16867,0.01788998
test_16868,0.00285000
test_16869,0.03024000
test_16870,0.00002003
test_16871,0.00000000
test_16872,0.00832999
test_16873,0.09048003
test_16874,0.12765002
test_16875,0.00414997
test_16876,0.00040001
test_16877,0.46776998
test_16878,0.01301998
test_16879,0.02420998
test_16880,0.09793001
test_16881,0.32826000
test_16882,0.18996000
test_16883,0.00002003
test_16884,0.00001001
test_16885,0.05675000
test_16886,0.00875998
test_16887,0.00761002
test_16888,0.00003999
test_16889,0.00029999
test_16890,0.00155997
test_16891,0.08201998
test_16892,0.00010997
test_16893,0.00031000
test_16894,0.00556999
test_16895,0.01428002
test_16896,0.99829000
test_16897,0.99589002
test_16898,0.95213002
test_16899,0.91191000
test_16900,0.89546001
test_16901,0.99913001
test_16902,0.98588997
test_16903,0.99901003
test_16904,0.99997997
test_16905,0.97552001
test_16906,0.83183998
test_16907,0.99738002
test_16908,0.99980003
test_16909,0.99994999
test_16910,0.60434002
test_16911,0.91937000
test_16912,0.92069000
test_16913,0.99965000
test_16914,0.95266002
test_16915,0.99063998
test_16916,0.99890000
test_16917,0.74799001
test_16918,0.99989003
test_16919,0.98553997
test_16920,0.99988002
test_16921,0.87235999
test_16922,0.98051000
test_16923,0.97891998
test_16924,0.54321998
test_16925,0.59072000
test_16926,0.82925999
test_16927,0.84676999
test_16928,0.97834003
test_16929,0.63813001
test_16930,0.68237001
test_16931,0.98312002
test_16932,0.99778998
test_16933,0.99944001
test_16934,0.99992001
test_16935,0.75422001
test_16936,0.99953997
test_16937,0.81619000
test_16938,0.98977000
test_16939,0.93799001
test_16940,0.99207002
test_16941,0.99890000
test_16942,0.95643997
test_16943,0.86785001
test_16944,0.99931997
test_16945,0.99053001
test_16946,0.91280001
test_16947,1.00000000
test_16948,0.77210999
test_16949,0.99971998
test_16950,0.82367998
test_16951,0.99980003
test_16952,0.98391998
test_16953,0.99949998
test_16954,0.99488997
test_16955,0.99684000
test_16956,0.99838001
test_16957,0.89587998
test_16958,0.99993998
test_16959,0.97662002
test_16960,0.99997997
test_16961,0.76269001
test_16962,0.55513000
test_16963,0.88266999
test_16964,0.99383998
test_16965,0.61107999
test_16966,0.98276001
test_16967,0.81961000
test_16968,0.99444997
test_16969,0.99918997
test_16970,0.99439001
test_16971,0.99983001
test_16972,0.91957998
test_16973,0.99937999
test_16974,0.68643999
test_16975,0.99273002
test_16976,0.72860003
test_16977,0.99076003
test_16978,0.99765003
test_16979,0.98620999
test_16980,0.99856001
test_16981,0.99998999
test_16982,0.99914002
test_16983,0.99690998
test_16984,0.99870002
test_16985,0.99941999
test_16986,0.99888003
test_16987,0.99313998
test_16988,0.97363001
test_16989,0.52371001
test_16990,0.98685002
test_16991,0.64577001
test_16992,0.99906999
test_16993,0.88992000
test_16994,0.99317002
test_16995,0.98601002
test_16996,0.58991998
test_16997,0.97382998
test_16998,0.99629998
test_16999,0.99912000
test_17000,0.92755997
test_17001,0.85298002
test_17002,0.99808002
test_17003,0.99971002
test_17004,0.99996001
test_17005,0.94867998
test_17006,0.92026001
test_17007,0.93358999
test_17008,0.99125999
test_17009,0.99967003
test_17010,0.99976999
test_17011,0.87901998
test_17012,0.99471003
test_17013,0.89279997
test_17014,0.99901998
test_17015,0.99971998
test_17016,0.75800002
test_17017,0.68251997
test_17018,0.93845999
test_17019,0.99348003
test_17020,0.99989998
test_17021,0.99852002
test_17022,0.96827000
test_17023,0.99996001
test_17024,1.00000000
test_17025,0.98920000
test_17026,0.58590001
test_17027,0.99998999
test_17028,0.99251997
test_17029,0.87968999
test_17030,1.00000000
test_17031,0.88799000
test_17032,0.98993999
test_17033,0.99147999
test_17034,0.72841001
test_17035,0.96325999
test_17036,1.00000000
test_17037,0.99254000
test_17038,0.87313002
test_17039,0.93988001
test_17040,0.92973000
test_17041,0.80132002
test_17042,0.97039998
test_17043,0.93782002
test_17044,0.66619003
test_17045,0.99497002
test_17046,0.99996001
test_17047,0.99972999
test_17048,0.60073000
test_17049,0.99981999
test_17050,0.99873000
test_17051,0.95165002
test_17052,0.99690998
test_17053,0.98474997
test_17054,0.99765003
test_17055,0.99046999
test_17056,0.99984002
test_17057,0.99965000
test_17058,0.99879003
test_17059,0.93571001
test_17060,0.99036998
test_17061,0.99339998
test_17062,0.91621000
test_17063,0.99419999
test_17064,0.99953997
test_17065,0.99796999
test_17066,0.92562002
test_17067,0.99492002
test_17068,0.75616002
test_17069,0.65924001
test_17070,0.99893999
test_17071,0.98944998
test_17072,0.97144997
test_17073,0.98787999
test_17074,0.99677998
test_17075,0.96968001
test_17076,0.56606001
test_17077,0.98624003
test_17078,0.83437997
test_17079,0.96943003
test_17080,0.85605001
test_17081,0.98149002
test_17082,0.99825001
test_17083,0.94177997
test_17084,0.94600999
test_17085,0.99239999
test_17086,0.71090001
test_17087,0.83723998
test_17088,0.98408002
test_17089,0.51956999
test_17090,0.99386001
test_17091,0.85334003
test_17092,0.79720002
test_17093,0.99856001
test_17094,0.93343002
test_17095,0.99997997
test_17096,0.99093997
test_17097,0.99733001
test_17098,0.78362000
test_17099,0.99997997
test_17100,0.99685001
test_17101,0.84522003
test_17102,0.99984998
test_17103,0.99952000
test_17104,0.61012000
test_17105,0.99302000
test_17106,0.98386002
test_17107,0.72969002
test_17108,0.95985001
test_17109,0.62476999
test_17110,0.99985999
test_17111,0.99312001
test_17112,0.99747002
test_17113,0.99352002
test_17114,0.99456000
test_17115,0.89938003
test_17116,0.99278998
test_17117,0.98600000
test_17118,0.67874002
test_17119,0.99901998
test_17120,0.94647002
test_17121,0.99684000
test_17122,1.00000000
test_17123,0.99523002
test_17124,0.96529001
test_17125,0.95958000
test_17126,0.99991000
test_17127,0.77131999
test_17128,0.70907998
test_17129,0.99998999
test_17130,0.99987000
test_17131,0.99952000
test_17132,0.84947002
test_17133,0.92148000
test_17134,0.99848002
test_17135,0.81048000
test_17136,0.96101999
test_17137,0.81762999
test_17138,0.84004003
test_17139,0.94186997
test_17140,0.59996003
test_17141,0.99462998
test_17142,0.99998999
test_17143,0.99928999
test_17144,0.95328999
test_17145,0.99966002
test_17146,0.99996001
test_17147,0.99998999
test_17148,0.99131000
test_17149,0.89126998
test_17150,0.86299002
test_17151,0.98785001
test_17152,0.01016998
test_17153,0.02054000
test_17154,0.00033998
test_17155,0.03253001
test_17156,0.00395000
test_17157,0.08598000
test_17158,0.10009003
test_17159,0.16303003
test_17160,0.01827002
test_17161,0.03671998
test_17162,0.00019002
test_17163,0.00037998
test_17164,0.00133997
test_17165,0.00419998
test_17166,0.00335997
test_17167,0.26798999
test_17168,0.33359998
test_17169,0.00154001
test_17170,0.34211999
test_17171,0.00002998
test_17172,0.01854002
test_17173,0.00739002
test_17174,0.00006998
test_17175,0.23303002
test_17176,0.00476003
test_17177,0.00001001
test_17178,0.04225999
test_17179,0.10872000
test_17180,0.16613001
test_17181,0.01852000
test_17182,0.10316998
test_17183,0.03188998
test_17184,0.44248998
test_17185,0.00032997
test_17186,0.18747002
test_17187,0.44195998
test_17188,0.04694003
test_17189,0.20197999
test_17190,0.00419998
test_17191,0.30686003
test_17192,0.01144999
test_17193,0.45045000
test_17194,0.00171000
test_17195,0.00019997
test_17196,0.01507998
test_17197,0.00816000
test_17198,0.03863001
test_17199,0.00384998
test_17200,0.34925997
test_17201,0.20054001
test_17202,0.01630002
test_17203,0.00000000
test_17204,0.01021999
test_17205,0.00088000
test_17206,0.00740999
test_17207,0.00176001
test_17208,0.00181001
test_17209,0.08570999
test_17210,0.23343998
test_17211,0.00112998
test_17212,0.00112998
test_17213,0.01582998
test_17214,0.42645001
test_17215,0.00002003
test_17216,0.00009000
test_17217,0.10551000
test_17218,0.00344002
test_17219,0.06010002
test_17220,0.00032997
test_17221,0.46011001
test_17222,0.00001001
test_17223,0.03035003
test_17224,0.00001001
test_17225,0.09777999
test_17226,0.03540999
test_17227,0.00533003
test_17228,0.00768000
test_17229,0.00072998
test_17230,0.00774002
test_17231,0.03776002
test_17232,0.00000000
test_17233,0.12989002
test_17234,0.07991999
test_17235,0.00067002
test_17236,0.00208002
test_17237,0.00844997
test_17238,0.04132003
test_17239,0.31274003
test_17240,0.02499002
test_17241,0.00804001
test_17242,0.00221997
test_17243,0.00000000
test_17244,0.00902998
test_17245,0.04606998
test_17246,0.48484999
test_17247,0.19481999
test_17248,0.61691999
test_17249,0.93251002
test_17250,0.99912000
test_17251,0.98833001
test_17252,0.97514999
test_17253,0.99773002
test_17254,0.99870002
test_17255,0.99858999
test_17256,0.99506998
test_17257,0.94477999
test_17258,0.63097000
test_17259,0.99037999
test_17260,0.97689003
test_17261,0.99984002
test_17262,0.99882001
test_17263,0.89411998
test_17264,0.99994999
test_17265,0.99998999
test_17266,0.99839997
test_17267,0.74368000
test_17268,0.97891003
test_17269,0.99790001
test_17270,0.70993000
test_17271,1.00000000
test_17272,0.94250000
test_17273,0.99581999
test_17274,0.95256001
test_17275,0.55350000
test_17276,0.98641002
test_17277,0.99804997
test_17278,0.95019001
test_17279,0.69633001
test_17280,0.75261003
test_17281,0.87001002
test_17282,0.96329999
test_17283,0.99870002
test_17284,0.98158002
test_17285,0.99993998
test_17286,0.99984998
test_17287,0.99322999
test_17288,0.62430000
test_17289,0.50296998
test_17290,0.95978999
test_17291,0.99574000
test_17292,0.99993002
test_17293,0.99399000
test_17294,0.93766999
test_17295,0.82400000
test_17296,0.85219997
test_17297,0.99847001
test_17298,0.99807000
test_17299,0.59472001
test_17300,0.74066001
test_17301,0.99944001
test_17302,0.98922998
test_17303,0.94193000
test_17304,0.62390000
test_17305,0.98841000
test_17306,0.93742001
test_17307,0.99989003
test_17308,0.99273002
test_17309,0.99878001
test_17310,0.99513000
test_17311,0.99989003
test_17312,0.96289003
test_17313,0.99918997
test_17314,0.99659002
test_17315,0.68300998
test_17316,0.98618001
test_17317,0.93340999
test_17318,0.99997997
test_17319,0.99947000
test_17320,0.99896002
test_17321,1.00000000
test_17322,0.98300999
test_17323,0.98830003
test_17324,0.94489002
test_17325,0.79654002
test_17326,0.99952000
test_17327,0.99384999
test_17328,0.52469999
test_17329,0.96294999
test_17330,0.99997997
test_17331,0.78272003
test_17332,0.99857998
test_17333,0.92616999
test_17334,0.98661000
test_17335,0.99923003
test_17336,0.56063002
test_17337,0.97930998
test_17338,0.99965000
test_17339,0.99913001
test_17340,0.66048998
test_17341,0.99949998
test_17342,0.95175999
test_17343,0.99757999
test_17344,0.97307003
test_17345,0.99659997
test_17346,0.99905998
test_17347,0.90600997
test_17348,0.99975002
test_17349,0.99813998
test_17350,0.89591002
test_17351,0.99492002
test_17352,1.00000000
test_17353,0.99733001
test_17354,0.98466003
test_17355,0.98448998
test_17356,0.97281998
test_17357,0.99826998
test_17358,0.82024002
test_17359,0.53130001
test_17360,0.99809003
test_17361,0.99981999
test_17362,0.99592000
test_17363,0.74269003
test_17364,0.99734002
test_17365,0.99593002
test_17366,0.99217999
test_17367,0.99770999
test_17368,0.99904001
test_17369,0.99348998
test_17370,0.96294999
test_17371,0.99954998
test_17372,0.63474000
test_17373,0.95827001
test_17374,0.99369001
test_17375,0.99491000
test_17376,0.99996001
test_17377,0.99931997
test_17378,0.96853000
test_17379,0.99334002
test_17380,0.99349999
test_17381,0.99739999
test_17382,0.95355999
test_17383,0.95345002
test_17384,0.96042001
test_17385,0.94217002
test_17386,0.99901003
test_17387,0.99945998
test_17388,0.99972999
test_17389,0.99839002
test_17390,0.94270003
test_17391,0.51836002
test_17392,0.52961999
test_17393,0.63783997
test_17394,0.97233999
test_17395,0.99462003
test_17396,0.99725997
test_17397,0.99147999
test_17398,0.88384002
test_17399,0.99519002
test_17400,0.99759001
test_17401,0.99936998
test_17402,0.99676001
test_17403,0.99935001
test_17404,0.99940997
test_17405,0.98549998
test_17406,0.77423000
test_17407,0.98446000
test_17408,0.00812000
test_17409,0.07995999
test_17410,0.47905999
test_17411,0.00059998
test_17412,0.05202001
test_17413,0.00648999
test_17414,0.04280001
test_17415,0.33709002
test_17416,0.00196999
test_17417,0.00032997
test_17418,0.01130998
test_17419,0.17304999
test_17420,0.00001001
test_17421,0.10751998
test_17422,0.38073999
test_17423,0.00046003
test_17424,0.44244999
test_17425,0.33389002
test_17426,0.00067002
test_17427,0.00009000
test_17428,0.08743000
test_17429,0.03314000
test_17430,0.00072002
test_17431,0.01147997
test_17432,0.20595002
test_17433,0.25528997
test_17434,0.42259997
test_17435,0.08568001
test_17436,0.00136000
test_17437,0.10715002
test_17438,0.00066000
test_17439,0.00238001
test_17440,0.00016999
test_17441,0.00194001
test_17442,0.00002003
test_17443,0.00397998
test_17444,0.01349002
test_17445,0.01160002
test_17446,0.37918001
test_17447,0.00635999
test_17448,0.00084001
test_17449,0.03794998
test_17450,0.00032997
test_17451,0.11190999
test_17452,0.00625002
test_17453,0.05655998
test_17454,0.28639001
test_17455,0.40101999
test_17456,0.06155998
test_17457,0.00690001
test_17458,0.26665998
test_17459,0.10855001
test_17460,0.02653998
test_17461,0.00919998
test_17462,0.36120999
test_17463,0.00032997
test_17464,0.11638999
test_17465,0.00036001
test_17466,0.10514998
test_17467,0.00015002
test_17468,0.00059003
test_17469,0.04837000
test_17470,0.02029997
test_17471,0.40846997
test_17472,0.99826998
test_17473,0.99883002
test_17474,0.99928999
test_17475,0.77094001
test_17476,0.75424999
test_17477,0.93018001
test_17478,0.85716999
test_17479,0.92093998
test_17480,0.98266000
test_17481,0.75282001
test_17482,0.95684999
test_17483,0.67795998
test_17484,0.98896003
test_17485,0.99484003
test_17486,0.89713001
test_17487,0.97956002
test_17488,0.99014997
test_17489,0.99984998
test_17490,0.99807000
test_17491,0.66158003
test_17492,0.99934000
test_17493,0.99997997
test_17494,0.99392998
test_17495,0.92866999
test_17496,0.87785000
test_17497,0.89533001
test_17498,0.57379001
test_17499,0.99930000
test_17500,0.99989998
test_17501,0.85131001
test_17502,0.99997002
test_17503,0.99998999
test_17504,0.00589001
test_17505,0.04653001
test_17506,0.00235999
test_17507,0.00015998
test_17508,0.00002003
test_17509,0.00046003
test_17510,0.00110000
test_17511,0.11127001
test_17512,0.18033999
test_17513,0.00076002
test_17514,0.00167000
test_17515,0.00022000
test_17516,0.01181000
test_17517,0.00198001
test_17518,0.04288000
test_17519,0.00107998
test_17520,0.49800003
test_17521,0.00016999
test_17522,0.33455002
test_17523,0.01466000
test_17524,0.01618999
test_17525,0.24629003
test_17526,0.00019997
test_17527,0.33205998
test_17528,0.20135999
test_17529,0.00919002
test_17530,0.00050002
test_17531,0.00112998
test_17532,0.07244998
test_17533,0.00001001
test_17534,0.00474000
test_17535,0.00007999
test_17536,0.99777001
test_17537,0.88119000
test_17538,0.88247001
test_17539,0.95292002
test_17540,0.99693000
test_17541,0.99902999
test_17542,0.99991000
test_17543,0.99706000
test_17544,0.98580003
test_17545,0.99943000
test_17546,0.98575997
test_17547,0.76467001
test_17548,0.96000999
test_17549,0.99994999
test_17550,0.99992001
test_17551,0.99989998
test_17552,0.99918002
test_17553,0.84047002
test_17554,0.89969999
test_17555,0.68272001
test_17556,0.99978000
test_17557,0.99989003
test_17558,0.98496002
test_17559,0.99971998
test_17560,0.99939001
test_17561,0.72961003
test_17562,0.99984998
test_17563,0.97724998
test_17564,0.55176997
test_17565,0.99545997
test_17566,0.52692002
test_17567,0.96701002
test_17568,0.00098997
test_17569,0.05313998
test_17570,0.17045999
test_17571,0.07748997
test_17572,0.00510001
test_17573,0.00392002
test_17574,0.24873000
test_17575,0.11319000
test_17576,0.00809997
test_17577,0.00001001
test_17578,0.00559002
test_17579,0.42755002
test_17580,0.19621003
test_17581,0.03868002
test_17582,0.00027001
test_17583,0.06448001
test_17584,0.01569003
test_17585,0.00064999
test_17586,0.00001001
test_17587,0.07528001
test_17588,0.29566002
test_17589,0.10434002
test_17590,0.23935002
test_17591,0.22959000
test_17592,0.14555001
test_17593,0.00112998
test_17594,0.05953997
test_17595,0.00005001
test_17596,0.00041002
test_17597,0.49848002
test_17598,0.33863997
test_17599,0.03773999
test_17600,0.51802999
test_17601,0.54614002
test_17602,0.91306001
test_17603,0.96924001
test_17604,1.00000000
test_17605,0.96269000
test_17606,0.99998999
test_17607,0.89105999
test_17608,0.99250001
test_17609,0.99787998
test_17610,0.98782998
test_17611,0.99312001
test_17612,0.66218001
test_17613,0.98422003
test_17614,0.99950999
test_17615,0.99404001
test_17616,0.99559999
test_17617,0.84026003
test_17618,0.99764001
test_17619,0.84701002
test_17620,0.96398002
test_17621,0.80049998
test_17622,0.94128001
test_17623,0.78601998
test_17624,0.97507000
test_17625,0.99997002
test_17626,0.99611002
test_17627,0.96077001
test_17628,0.97715002
test_17629,0.99848998
test_17630,0.99826998
test_17631,0.98433000
test_17632,0.00212997
test_17633,0.00011998
test_17634,0.00408000
test_17635,0.13319999
test_17636,0.06638002
test_17637,0.03812999
test_17638,0.10759997
test_17639,0.34653997
test_17640,0.01464999
test_17641,0.04516000
test_17642,0.00015002
test_17643,0.00112998
test_17644,0.38264000
test_17645,0.00476003
test_17646,0.15643001
test_17647,0.00000000
test_17648,0.16473001
test_17649,0.18452001
test_17650,0.25791001
test_17651,0.08133000
test_17652,0.14534998
test_17653,0.28241003
test_17654,0.00020999
test_17655,0.00002003
test_17656,0.00628000
test_17657,0.07468998
test_17658,0.00621003
test_17659,0.24234003
test_17660,0.00059998
test_17661,0.43317002
test_17662,0.06042999
test_17663,0.00005001
test_17664,0.01574999
test_17665,0.04496002
test_17666,0.04544002
test_17667,0.00770998
test_17668,0.01139998
test_17669,0.02565998
test_17670,0.00005001
test_17671,0.11273003
test_17672,0.00001001
test_17673,0.00309002
test_17674,0.00024998
test_17675,0.00000000
test_17676,0.00116998
test_17677,0.02904999
test_17678,0.00290000
test_17679,0.00462002
test_17680,0.02442998
test_17681,0.44340998
test_17682,0.01251000
test_17683,0.00652999
test_17684,0.00002998
test_17685,0.00041002
test_17686,0.29099000
test_17687,0.00401998
test_17688,0.00951999
test_17689,0.00001001
test_17690,0.06446999
test_17691,0.30439001
test_17692,0.01344001
test_17693,0.32700002
test_17694,0.00234002
test_17695,0.02872998
test_17696,0.99997997
test_17697,0.99980003
test_17698,0.98193997
test_17699,0.97460997
test_17700,0.99019998
test_17701,0.87096000
test_17702,0.80818999
test_17703,0.73808998
test_17704,0.99882001
test_17705,0.99991000
test_17706,0.93255001
test_17707,0.99546999
test_17708,0.99474001
test_17709,0.96991998
test_17710,0.73922002
test_17711,0.99441999
test_17712,0.93992001
test_17713,0.99882001
test_17714,0.99945003
test_17715,0.75313997
test_17716,0.99905002
test_17717,0.99993002
test_17718,0.81784999
test_17719,0.93941998
test_17720,0.74517000
test_17721,0.99813998
test_17722,0.53705001
test_17723,0.99813998
test_17724,0.99862999
test_17725,0.95573997
test_17726,0.96701998
test_17727,0.50852001
test_17728,0.99914002
test_17729,0.93712002
test_17730,0.99998999
test_17731,0.81884003
test_17732,0.98179001
test_17733,0.99996001
test_17734,0.75379997
test_17735,0.99943000
test_17736,0.99798000
test_17737,0.90851998
test_17738,0.51165998
test_17739,0.57247001
test_17740,0.99997002
test_17741,0.99992001
test_17742,0.98408002
test_17743,1.00000000
test_17744,0.99958003
test_17745,0.99765003
test_17746,0.95249999
test_17747,0.73389000
test_17748,0.97645003
test_17749,0.72697997
test_17750,0.99513000
test_17751,0.64999002
test_17752,0.89249998
test_17753,0.99923998
test_17754,0.61760998
test_17755,0.96741003
test_17756,0.77354997
test_17757,0.99475002
test_17758,0.99655998
test_17759,1.00000000
test_17760,0.67524999
test_17761,0.99969000
test_17762,0.93835998
test_17763,0.99807000
test_17764,0.99574000
test_17765,0.99983001
test_17766,0.99716997
test_17767,0.99871999
test_17768,0.99890000
test_17769,0.62974000
test_17770,0.86895001
test_17771,0.68633002
test_17772,0.99449998
test_17773,0.93978000
test_17774,0.99958003
test_17775,0.87671000
test_17776,0.99987000
test_17777,0.61782998
test_17778,0.75989997
test_17779,0.96885002
test_17780,0.99962002
test_17781,0.99989003
test_17782,0.99712002
test_17783,0.99923003
test_17784,0.84893000
test_17785,0.99374998
test_17786,0.99124998
test_17787,0.63116997
test_17788,0.98262000
test_17789,0.52970999
test_17790,0.77569997
test_17791,0.99673998
test_17792,0.00604999
test_17793,0.11237001
test_17794,0.07681000
test_17795,0.08095002
test_17796,0.40408999
test_17797,0.00326002
test_17798,0.00444001
test_17799,0.14244998
test_17800,0.00089002
test_17801,0.13547999
test_17802,0.03371000
test_17803,0.02717000
test_17804,0.00119001
test_17805,0.00405002
test_17806,0.00182003
test_17807,0.00319999
test_17808,0.47545999
test_17809,0.00401002
test_17810,0.02512002
test_17811,0.35381001
test_17812,0.08468002
test_17813,0.03267002
test_17814,0.00336999
test_17815,0.01372999
test_17816,0.00037998
test_17817,0.07527000
test_17818,0.03710002
test_17819,0.00325000
test_17820,0.00314999
test_17821,0.00266999
test_17822,0.01999998
test_17823,0.01174003
test_17824,0.98442000
test_17825,0.99768001
test_17826,0.91567999
test_17827,0.98319000
test_17828,0.99803001
test_17829,0.61179000
test_17830,0.99754000
test_17831,0.56883001
test_17832,0.99510998
test_17833,0.99937999
test_17834,0.63384998
test_17835,0.99992001
test_17836,0.99286997
test_17837,0.80991000
test_17838,0.76915997
test_17839,0.99971002
test_17840,0.77859002
test_17841,0.92398000
test_17842,0.99957001
test_17843,0.97182000
test_17844,0.98844999
test_17845,0.81296998
test_17846,0.98479003
test_17847,0.99541003
test_17848,0.93014002
test_17849,0.63792998
test_17850,0.84408998
test_17851,0.81782001
test_17852,0.99919999
test_17853,0.99879998
test_17854,0.99706000
test_17855,0.92333001
test_17856,0.99992001
test_17857,0.99983001
test_17858,0.98740000
test_17859,0.90072000
test_17860,0.89605999
test_17861,0.73085999
test_17862,0.99997997
test_17863,0.99374002
test_17864,0.75920999
test_17865,0.55124003
test_17866,0.79850000
test_17867,0.52652001
test_17868,0.57230997
test_17869,0.94459999
test_17870,0.99927002
test_17871,0.81672001
test_17872,0.51805001
test_17873,0.99998999
test_17874,0.87652999
test_17875,0.99287999
test_17876,0.98302001
test_17877,0.61211002
test_17878,0.95503998
test_17879,0.99997997
test_17880,0.68232000
test_17881,0.87352997
test_17882,0.97263998
test_17883,0.52572000
test_17884,0.99935001
test_17885,0.99976999
test_17886,0.99734002
test_17887,0.99994999
test_17888,0.11562997
test_17889,0.00123000
test_17890,0.00274998
test_17891,0.00572002
test_17892,0.00002003
test_17893,0.00164002
test_17894,0.00177997
test_17895,0.38591999
test_17896,0.00006002
test_17897,0.05759001
test_17898,0.00765997
test_17899,0.00524998
test_17900,0.00099999
test_17901,0.00057000
test_17902,0.01475000
test_17903,0.00005001
test_17904,0.00045002
test_17905,0.04404002
test_17906,0.00001001
test_17907,0.16136003
test_17908,0.31167001
test_17909,0.20893002
test_17910,0.02405000
test_17911,0.04451001
test_17912,0.00015998
test_17913,0.17636001
test_17914,0.17466998
test_17915,0.00933999
test_17916,0.00489998
test_17917,0.02072001
test_17918,0.02446002
test_17919,0.01887000
test_17920,0.29667997
test_17921,0.02256000
test_17922,0.00406998
test_17923,0.34236997
test_17924,0.01111001
test_17925,0.45678997
test_17926,0.11918002
test_17927,0.02148998
test_17928,0.00022000
test_17929,0.25088000
test_17930,0.00050998
test_17931,0.00658000
test_17932,0.16687000
test_17933,0.04194999
test_17934,0.00046003
test_17935,0.39638001
test_17936,0.00035000
test_17937,0.33429998
test_17938,0.00211000
test_17939,0.00001001
test_17940,0.00001001
test_17941,0.20104003
test_17942,0.00040001
test_17943,0.17192000
test_17944,0.00382000
test_17945,0.02490002
test_17946,0.31035000
test_17947,0.17619997
test_17948,0.43685001
test_17949,0.00035000
test_17950,0.00682002
test_17951,0.10126001
test_17952,0.24173999
test_17953,0.00240999
test_17954,0.08480000
test_17955,0.00664997
test_17956,0.00235999
test_17957,0.01041001
test_17958,0.16004997
test_17959,0.00440001
test_17960,0.00142002
test_17961,0.00207001
test_17962,0.04245001
test_17963,0.00071001
test_17964,0.19466001
test_17965,0.00097001
test_17966,0.01941001
test_17967,0.49008000
test_17968,0.38436002
test_17969,0.01269001
test_17970,0.00296003
test_17971,0.00266999
test_17972,0.06506002
test_17973,0.00011998
test_17974,0.02371001
test_17975,0.13304001
test_17976,0.27196997
test_17977,0.05520999
test_17978,0.00400001
test_17979,0.07552999
test_17980,0.06663001
test_17981,0.00060999
test_17982,0.00006002
test_17983,0.04184002
test_17984,0.00002003
test_17985,0.23821998
test_17986,0.48746997
test_17987,0.05663002
test_17988,0.00291997
test_17989,0.01314002
test_17990,0.12677997
test_17991,0.00002003
test_17992,0.15985000
test_17993,0.23233998
test_17994,0.19673002
test_17995,0.10890001
test_17996,0.00683999
test_17997,0.00130999
test_17998,0.03770000
test_17999,0.17699999
test_18000,0.00879002
test_18001,0.04841000
test_18002,0.00006002
test_18003,0.03279001
test_18004,0.00782001
test_18005,0.04759002
test_18006,0.32176000
test_18007,0.01125997
test_18008,0.00041997
test_18009,0.00006002
test_18010,0.00695997
test_18011,0.01874000
test_18012,0.02291000
test_18013,0.03644001
test_18014,0.00001001
test_18015,0.00094998
test_18016,0.97579998
test_18017,0.89782000
test_18018,0.91245002
test_18019,0.97564000
test_18020,0.93128997
test_18021,0.84820002
test_18022,0.99962002
test_18023,0.99997997
test_18024,0.85751998
test_18025,0.76113999
test_18026,0.77138001
test_18027,0.99979001
test_18028,0.99882001
test_18029,0.74447000
test_18030,0.99948001
test_18031,0.99952000
test_18032,0.86527002
test_18033,0.99997997
test_18034,0.99840999
test_18035,0.78830999
test_18036,0.99434000
test_18037,0.97200000
test_18038,0.88808000
test_18039,0.92728001
test_18040,0.99998999
test_18041,0.99896997
test_18042,0.99996001
test_18043,0.99967003
test_18044,0.99282002
test_18045,0.99396002
test_18046,0.95217001
test_18047,0.66439003
test_18048,0.02552998
test_18049,0.00028002
test_18050,0.05416000
test_18051,0.00988001
test_18052,0.12361997
test_18053,0.46761000
test_18054,0.02402002
test_18055,0.01605999
test_18056,0.12224001
test_18057,0.28951001
test_18058,0.00001001
test_18059,0.00239003
test_18060,0.32147002
test_18061,0.00007999
test_18062,0.00001001
test_18063,0.03671998
test_18064,0.00102001
test_18065,0.15653002
test_18066,0.04437000
test_18067,0.33433002
test_18068,0.19107002
test_18069,0.03728002
test_18070,0.00007999
test_18071,0.00386000
test_18072,0.21021003
test_18073,0.10110003
test_18074,0.29636002
test_18075,0.00180000
test_18076,0.00450999
test_18077,0.00010997
test_18078,0.00092000
test_18079,0.00005001
test_18080,0.99159002
test_18081,0.99997997
test_18082,0.99400997
test_18083,0.99256003
test_18084,0.99607998
test_18085,0.86466998
test_18086,1.00000000
test_18087,0.94042999
test_18088,0.99997997
test_18089,0.96713001
test_18090,0.90218002
test_18091,0.81694001
test_18092,0.97962999
test_18093,0.89538002
test_18094,0.56619000
test_18095,0.58429003
test_18096,0.51675999
test_18097,1.00000000
test_18098,0.96596003
test_18099,0.98756999
test_18100,0.99214000
test_18101,0.72957999
test_18102,0.99991000
test_18103,0.84882998
test_18104,0.94610000
test_18105,0.99980003
test_18106,0.89823997
test_18107,0.80975002
test_18108,0.57323003
test_18109,1.00000000
test_18110,0.51786000
test_18111,0.99839997
test_18112,0.24912000
test_18113,0.10051000
test_18114,0.04188001
test_18115,0.00668001
test_18116,0.01226997
test_18117,0.00226998
test_18118,0.00142998
test_18119,0.22974002
test_18120,0.00639999
test_18121,0.11225998
test_18122,0.02056998
test_18123,0.07695001
test_18124,0.00054002
test_18125,0.00519001
test_18126,0.13884002
test_18127,0.03388000
test_18128,0.16338998
test_18129,0.00386000
test_18130,0.00071001
test_18131,0.05812001
test_18132,0.00169998
test_18133,0.17157000
test_18134,0.21775001
test_18135,0.38129002
test_18136,0.24507999
test_18137,0.00351000
test_18138,0.00568002
test_18139,0.14288002
test_18140,0.00001001
test_18141,0.25885999
test_18142,0.00929999
test_18143,0.04548001
test_18144,0.01423001
test_18145,0.00019997
test_18146,0.00819999
test_18147,0.00002998
test_18148,0.12831002
test_18149,0.00129998
test_18150,0.01321000
test_18151,0.00027001
test_18152,0.49597001
test_18153,0.04970998
test_18154,0.05466998
test_18155,0.00195003
test_18156,0.04917002
test_18157,0.01226002
test_18158,0.00312001
test_18159,0.46271002
test_18160,0.00049001
test_18161,0.12888002
test_18162,0.40516001
test_18163,0.00049001
test_18164,0.00151002
test_18165,0.02686000
test_18166,0.30575001
test_18167,0.00016999
test_18168,0.00000000
test_18169,0.00316000
test_18170,0.00525999
test_18171,0.16522998
test_18172,0.08872002
test_18173,0.00015998
test_18174,0.00000000
test_18175,0.47447002
test_18176,1.00000000
test_18177,0.99856001
test_18178,0.90539998
test_18179,0.95832002
test_18180,0.76264000
test_18181,0.99849999
test_18182,0.99984002
test_18183,0.99998999
test_18184,0.95766997
test_18185,0.91310000
test_18186,0.99425000
test_18187,0.99954998
test_18188,0.94562000
test_18189,0.70561999
test_18190,0.99997997
test_18191,0.60883999
test_18192,1.00000000
test_18193,0.72184998
test_18194,0.90452999
test_18195,0.99339002
test_18196,0.62509000
test_18197,0.99593002
test_18198,0.86588001
test_18199,0.98604000
test_18200,0.99779999
test_18201,1.00000000
test_18202,0.90842998
test_18203,0.97420001
test_18204,0.99967998
test_18205,0.81699002
test_18206,0.98517001
test_18207,0.99318999
test_18208,0.75761998
test_18209,0.99963999
test_18210,0.98602998
test_18211,0.52717000
test_18212,0.99151999
test_18213,0.79753000
test_18214,0.93541002
test_18215,0.84377998
test_18216,0.58209002
test_18217,0.50707000
test_18218,0.99186999
test_18219,0.92207003
test_18220,0.99177003
test_18221,0.64960003
test_18222,0.91990000
test_18223,0.99913001
test_18224,0.98389000
test_18225,0.93472999
test_18226,0.99848002
test_18227,0.99971002
test_18228,0.99869001
test_18229,0.73386002
test_18230,1.00000000
test_18231,0.56377000
test_18232,0.88835001
test_18233,0.99554002
test_18234,0.96693999
test_18235,0.99993002
test_18236,0.96902001
test_18237,0.99989998
test_18238,0.99921000
test_18239,0.95472997
test_18240,0.79481000
test_18241,0.96306002
test_18242,0.99677998
test_18243,0.98259997
test_18244,0.99952000
test_18245,0.65656000
test_18246,0.99685001
test_18247,0.97750998
test_18248,0.96585000
test_18249,0.83794999
test_18250,0.99742001
test_18251,0.87608999
test_18252,0.99789000
test_18253,0.94430000
test_18254,0.99697000
test_18255,0.99905998
test_18256,0.99931997
test_18257,1.00000000
test_18258,0.98918003
test_18259,0.64218998
test_18260,0.98558003
test_18261,0.99989998
test_18262,0.97005999
test_18263,0.98593003
test_18264,0.99877000
test_18265,0.51710999
test_18266,0.99934000
test_18267,0.83824998
test_18268,0.74176002
test_18269,0.99997002
test_18270,0.99959999
test_18271,0.81430000
test_18272,0.00200999
test_18273,0.01708001
test_18274,0.01655000
test_18275,0.01722002
test_18276,0.04174000
test_18277,0.00098002
test_18278,0.00040001
test_18279,0.27237999
test_18280,0.00261998
test_18281,0.00339001
test_18282,0.02403003
test_18283,0.00211000
test_18284,0.02683002
test_18285,0.00379002
test_18286,0.26473999
test_18287,0.03908002
test_18288,0.00180000
test_18289,0.02626997
test_18290,0.00007999
test_18291,0.00230002
test_18292,0.09429997
test_18293,0.00316000
test_18294,0.25064999
test_18295,0.00949001
test_18296,0.00239003
test_18297,0.02315003
test_18298,0.15640002
test_18299,0.00782001
test_18300,0.40701997
test_18301,0.05903000
test_18302,0.01925999
test_18303,0.01564997
test_18304,0.00002003
test_18305,0.07722002
test_18306,0.07805997
test_18307,0.00082999
test_18308,0.02174997
test_18309,0.06356001
test_18310,0.00586998
test_18311,0.12738001
test_18312,0.31094998
test_18313,0.00002003
test_18314,0.30861002
test_18315,0.03029001
test_18316,0.28415000
test_18317,0.05061001
test_18318,0.00405002
test_18319,0.44227999
test_18320,0.20933998
test_18321,0.00022000
test_18322,0.00011998
test_18323,0.06282997
test_18324,0.00892001
test_18325,0.45616001
test_18326,0.00976002
test_18327,0.04000002
test_18328,0.00419998
test_18329,0.00000000
test_18330,0.00041997
test_18331,0.00906003
test_18332,0.00063998
test_18333,0.37790000
test_18334,0.04082000
test_18335,0.00217003
test_18336,0.00002003
test_18337,0.00011998
test_18338,0.24471998
test_18339,0.28969997
test_18340,0.00158000
test_18341,0.00963002
test_18342,0.00159001
test_18343,0.00115001
test_18344,0.00545001
test_18345,0.20247000
test_18346,0.04566002
test_18347,0.34456998
test_18348,0.00102001
test_18349,0.01789999
test_18350,0.10698003
test_18351,0.25748003
test_18352,0.16386998
test_18353,0.00041002
test_18354,0.49068999
test_18355,0.05311000
test_18356,0.02460998
test_18357,0.00441998
test_18358,0.03696001
test_18359,0.01955003
test_18360,0.04655999
test_18361,0.00002003
test_18362,0.48470002
test_18363,0.00037998
test_18364,0.18471998
test_18365,0.33008999
test_18366,0.18067998
test_18367,0.05340999
test_18368,0.99941999
test_18369,0.99988002
test_18370,0.99908000
test_18371,0.54934001
test_18372,0.99992001
test_18373,0.96556002
test_18374,0.90836000
test_18375,0.99967998
test_18376,0.86558002
test_18377,0.95200998
test_18378,0.66272998
test_18379,0.99965000
test_18380,0.98216999
test_18381,0.99471003
test_18382,0.82872999
test_18383,0.92079997
test_18384,0.73610997
test_18385,0.60400999
test_18386,0.99378002
test_18387,0.85413003
test_18388,0.99785000
test_18389,0.99510002
test_18390,0.96632999
test_18391,0.99905998
test_18392,0.95315999
test_18393,0.93226999
test_18394,0.99954998
test_18395,0.99650002
test_18396,0.87963998
test_18397,0.99987000
test_18398,0.91159999
test_18399,0.99563998
test_18400,0.00647002
test_18401,0.05418003
test_18402,0.06726003
test_18403,0.00283998
test_18404,0.49360001
test_18405,0.08407998
test_18406,0.00310999
test_18407,0.00935000
test_18408,0.01912999
test_18409,0.06089997
test_18410,0.00058001
test_18411,0.00356001
test_18412,0.02363002
test_18413,0.00303000
test_18414,0.00575000
test_18415,0.00031000
test_18416,0.00376999
test_18417,0.00700003
test_18418,0.17565000
test_18419,0.00708002
test_18420,0.01748002
test_18421,0.39854997
test_18422,0.00006002
test_18423,0.00707000
test_18424,0.00026000
test_18425,0.00036001
test_18426,0.00000000
test_18427,0.01731998
test_18428,0.00234002
test_18429,0.00970000
test_18430,0.00261998
test_18431,0.00195998
test_18432,0.26020002
test_18433,0.00019997
test_18434,0.11274999
test_18435,0.00106001
test_18436,0.01853001
test_18437,0.42758000
test_18438,0.10579997
test_18439,0.00037998
test_18440,0.04168999
test_18441,0.05098999
test_18442,0.00016999
test_18443,0.08020997
test_18444,0.01244998
test_18445,0.00138003
test_18446,0.11409998
test_18447,0.47030997
test_18448,0.01296997
test_18449,0.02164000
test_18450,0.21144998
test_18451,0.37819999
test_18452,0.36109000
test_18453,0.01927000
test_18454,0.00063002
test_18455,0.00011998
test_18456,0.46275997
test_18457,0.13598001
test_18458,0.00378001
test_18459,0.00172001
test_18460,0.00003999
test_18461,0.09737998
test_18462,0.00001001
test_18463,0.01309001
test_18464,0.55879003
test_18465,0.82639003
test_18466,0.95661998
test_18467,0.85355002
test_18468,0.99927998
test_18469,0.99781001
test_18470,0.96745998
test_18471,0.99883002
test_18472,0.68878001
test_18473,0.99993002
test_18474,0.80362999
test_18475,0.95350999
test_18476,0.98768002
test_18477,0.87075001
test_18478,0.69985998
test_18479,0.99981999
test_18480,0.72149003
test_18481,0.99122000
test_18482,0.64757001
test_18483,0.99759001
test_18484,0.99097002
test_18485,0.79338998
test_18486,0.99074000
test_18487,0.89239001
test_18488,0.94501001
test_18489,0.99574000
test_18490,0.99962002
test_18491,0.99428999
test_18492,0.56057000
test_18493,0.99206001
test_18494,0.74535000
test_18495,0.99912000
test_18496,0.98436999
test_18497,0.96087003
test_18498,0.99861997
test_18499,0.81445003
test_18500,0.98006999
test_18501,0.99949002
test_18502,0.99699998
test_18503,0.97336000
test_18504,0.96569997
test_18505,0.96831000
test_18506,0.99998999
test_18507,0.99967998
test_18508,0.93146002
test_18509,0.99940997
test_18510,0.99989003
test_18511,0.57949001
test_18512,0.99989998
test_18513,0.97017998
test_18514,0.99781001
test_18515,0.99880999
test_18516,0.99930000
test_18517,0.99510002
test_18518,0.67796999
test_18519,0.99996001
test_18520,0.95258999
test_18521,0.51819003
test_18522,0.95723999
test_18523,0.63758999
test_18524,0.78403002
test_18525,0.93585998
test_18526,0.54745001
test_18527,0.64003003
test_18528,0.01141000
test_18529,0.00116003
test_18530,0.05018002
test_18531,0.00000000
test_18532,0.00037998
test_18533,0.00000000
test_18534,0.00001001
test_18535,0.00357997
test_18536,0.00005001
test_18537,0.00533998
test_18538,0.18829000
test_18539,0.48212999
test_18540,0.12768000
test_18541,0.35540998
test_18542,0.34298003
test_18543,0.13176000
test_18544,0.01625001
test_18545,0.00001001
test_18546,0.00033998
test_18547,0.00010002
test_18548,0.00018001
test_18549,0.17110997
test_18550,0.00019002
test_18551,0.00263000
test_18552,0.18462002
test_18553,0.00002003
test_18554,0.04588002
test_18555,0.46605998
test_18556,0.01178998
test_18557,0.19507003
test_18558,0.05936003
test_18559,0.00028998
test_18560,0.00000000
test_18561,0.30856001
test_18562,0.00156999
test_18563,0.00010002
test_18564,0.00440001
test_18565,0.00077999
test_18566,0.07578999
test_18567,0.00895000
test_18568,0.10185999
test_18569,0.00129002
test_18570,0.01681000
test_18571,0.00050002
test_18572,0.00075001
test_18573,0.03223002
test_18574,0.00814998
test_18575,0.00619000
test_18576,0.06546003
test_18577,0.08306003
test_18578,0.02288002
test_18579,0.00751001
test_18580,0.04997998
test_18581,0.00000000
test_18582,0.00013000
test_18583,0.03872001
test_18584,0.08987999
test_18585,0.47144997
test_18586,0.00112998
test_18587,0.00002998
test_18588,0.00863999
test_18589,0.01169002
test_18590,0.00002998
test_18591,0.00933999
test_18592,0.01852000
test_18593,0.00000000
test_18594,0.02530003
test_18595,0.00129998
test_18596,0.00787997
test_18597,0.00446999
test_18598,0.00006002
test_18599,0.00015002
test_18600,0.00872999
test_18601,0.07902998
test_18602,0.00000000
test_18603,0.00053000
test_18604,0.15397000
test_18605,0.04500997
test_18606,0.00107002
test_18607,0.08696997
test_18608,0.41290998
test_18609,0.06265002
test_18610,0.08712000
test_18611,0.46474999
test_18612,0.00001001
test_18613,0.29175001
test_18614,0.09113997
test_18615,0.00114000
test_18616,0.00020999
test_18617,0.00586998
test_18618,0.05817997
test_18619,0.00501001
test_18620,0.00000000
test_18621,0.06295002
test_18622,0.00721997
test_18623,0.00198001
test_18624,0.87840003
test_18625,0.99987000
test_18626,0.99044001
test_18627,0.92716998
test_18628,0.99833000
test_18629,0.99795997
test_18630,0.79097003
test_18631,0.95457000
test_18632,0.92268997
test_18633,0.99931002
test_18634,0.92553002
test_18635,0.99643999
test_18636,1.00000000
test_18637,0.98465002
test_18638,0.93937999
test_18639,0.99994999
test_18640,0.99994999
test_18641,0.96393001
test_18642,0.99967998
test_18643,0.95124000
test_18644,0.98359001
test_18645,0.93786001
test_18646,0.99039000
test_18647,0.84423000
test_18648,0.99993998
test_18649,0.93739003
test_18650,0.98977000
test_18651,0.94645000
test_18652,0.65482998
test_18653,0.99852997
test_18654,0.89126003
test_18655,0.80616999
test_18656,0.32160997
test_18657,0.01231998
test_18658,0.16499001
test_18659,0.01574999
test_18660,0.00138998
test_18661,0.00032002
test_18662,0.00005001
test_18663,0.46002001
test_18664,0.00002998
test_18665,0.06579000
test_18666,0.01576000
test_18667,0.01326001
test_18668,0.00051999
test_18669,0.00006998
test_18670,0.01463997
test_18671,0.00455999
test_18672,0.01098001
test_18673,0.00040001
test_18674,0.01300001
test_18675,0.07049000
test_18676,0.00095999
test_18677,0.01488000
test_18678,0.01244003
test_18679,0.03623998
test_18680,0.00476998
test_18681,0.00020999
test_18682,0.12685001
test_18683,0.00318998
test_18684,0.00130999
test_18685,0.40272999
test_18686,0.01394999
test_18687,0.02551001
test_18688,0.00792003
test_18689,0.18199998
test_18690,0.44660997
test_18691,0.00257999
test_18692,0.02581000
test_18693,0.00465000
test_18694,0.10363001
test_18695,0.00006998
test_18696,0.00003999
test_18697,0.34517002
test_18698,0.00089997
test_18699,0.08015001
test_18700,0.04323000
test_18701,0.01485002
test_18702,0.05154002
test_18703,0.00042999
test_18704,0.00265002
test_18705,0.08216000
test_18706,0.06874001
test_18707,0.00001001
test_18708,0.00001001
test_18709,0.00002003
test_18710,0.00103998
test_18711,0.00054002
test_18712,0.00506997
test_18713,0.00006998
test_18714,0.36561000
test_18715,0.00400001
test_18716,0.00024998
test_18717,0.06639999
test_18718,0.14639997
test_18719,0.01925999
test_18720,0.05520999
test_18721,0.00312001
test_18722,0.00569999
test_18723,0.01475000
test_18724,0.00748998
test_18725,0.01468003
test_18726,0.00028002
test_18727,0.00503999
test_18728,0.27929997
test_18729,0.09622002
test_18730,0.40009999
test_18731,0.00024003
test_18732,0.00019002
test_18733,0.00107998
test_18734,0.00167000
test_18735,0.00189000
test_18736,0.00002998
test_18737,0.01150000
test_18738,0.00269997
test_18739,0.17951000
test_18740,0.00599998
test_18741,0.28179002
test_18742,0.33870000
test_18743,0.00000000
test_18744,0.00176001
test_18745,0.00001001
test_18746,0.00006998
test_18747,0.00077999
test_18748,0.07287002
test_18749,0.01431000
test_18750,0.00718999
test_18751,0.04522997
test_18752,0.00384003
test_18753,0.00089997
test_18754,0.33932000
test_18755,0.01034999
test_18756,0.21542001
test_18757,0.20962000
test_18758,0.00070000
test_18759,0.04315001
test_18760,0.15333998
test_18761,0.27073997
test_18762,0.04865998
test_18763,0.00026000
test_18764,0.00024998
test_18765,0.29017001
test_18766,0.00068003
test_18767,0.00208002
test_18768,0.45513999
test_18769,0.01253003
test_18770,0.06369001
test_18771,0.41734999
test_18772,0.00357002
test_18773,0.17483002
test_18774,0.05994999
test_18775,0.00805002
test_18776,0.12010002
test_18777,0.04803002
test_18778,0.00332999
test_18779,0.07448000
test_18780,0.02802002
test_18781,0.00560999
test_18782,0.00003999
test_18783,0.04470998
test_18784,0.00044000
test_18785,0.03178000
test_18786,0.00826001
test_18787,0.00001001
test_18788,0.00348997
test_18789,0.00063002
test_18790,0.05755001
test_18791,0.02521998
test_18792,0.00362003
test_18793,0.00001001
test_18794,0.00051999
test_18795,0.01454997
test_18796,0.00006998
test_18797,0.00428998
test_18798,0.20991999
test_18799,0.01872998
test_18800,0.06808001
test_18801,0.07132000
test_18802,0.02468997
test_18803,0.42369002
test_18804,0.14420998
test_18805,0.01327997
test_18806,0.00006002
test_18807,0.00051999
test_18808,0.17545998
test_18809,0.09200001
test_18810,0.15902001
test_18811,0.21338999
test_18812,0.00145000
test_18813,0.00392002
test_18814,0.47365999
test_18815,0.21392000
test_18816,0.99984002
test_18817,0.97917002
test_18818,0.99513000
test_18819,0.99998999
test_18820,0.61565000
test_18821,1.00000000
test_18822,0.99603999
test_18823,0.99992001
test_18824,0.99761999
test_18825,0.99908000
test_18826,0.99971002
test_18827,0.99965000
test_18828,0.89033997
test_18829,0.99168003
test_18830,0.99975997
test_18831,0.99947000
test_18832,0.99185997
test_18833,0.96157998
test_18834,0.51955003
test_18835,0.99015999
test_18836,0.98183000
test_18837,0.99971002
test_18838,0.98224002
test_18839,0.75777000
test_18840,0.99541003
test_18841,0.99852997
test_18842,0.87303001
test_18843,0.99972999
test_18844,0.86619997
test_18845,0.99100000
test_18846,0.70757002
test_18847,0.99829000
test_18848,0.00259000
test_18849,0.04084003
test_18850,0.00427997
test_18851,0.00297999
test_18852,0.00476003
test_18853,0.00228000
test_18854,0.03983003
test_18855,0.00073999
test_18856,0.00560999
test_18857,0.00000000
test_18858,0.06326997
test_18859,0.16619003
test_18860,0.12105000
test_18861,0.45692998
test_18862,0.00013000
test_18863,0.00200999
test_18864,0.00001001
test_18865,0.01051003
test_18866,0.05146003
test_18867,0.00000000
test_18868,0.00696999
test_18869,0.09489000
test_18870,0.49994999
test_18871,0.02450001
test_18872,0.27427000
test_18873,0.42031002
test_18874,0.00713003
test_18875,0.01512003
test_18876,0.00002003
test_18877,0.00085002
test_18878,0.04795998
test_18879,0.00016999
test_18880,0.99026000
test_18881,1.00000000
test_18882,0.99672002
test_18883,0.89229000
test_18884,0.65149999
test_18885,0.99896997
test_18886,0.84131998
test_18887,0.77715999
test_18888,0.96056002
test_18889,0.99937999
test_18890,0.99930000
test_18891,0.99757999
test_18892,1.00000000
test_18893,0.99430001
test_18894,0.99870002
test_18895,0.90951997
test_18896,0.99983001
test_18897,0.86571997
test_18898,0.98681003
test_18899,0.51889998
test_18900,0.60973001
test_18901,0.99399000
test_18902,0.98655999
test_18903,0.79667002
test_18904,0.94534999
test_18905,0.84792000
test_18906,0.99229002
test_18907,0.99800998
test_18908,0.99638999
test_18909,0.99987000
test_18910,0.90533000
test_18911,0.79711998
test_18912,0.98651999
test_18913,0.69437999
test_18914,0.50411999
test_18915,0.88843000
test_18916,0.95789999
test_18917,0.96803999
test_18918,0.99998999
test_18919,0.99755001
test_18920,0.88515002
test_18921,0.99974000
test_18922,0.99078000
test_18923,0.96494001
test_18924,1.00000000
test_18925,0.96667999
test_18926,0.99971998
test_18927,0.90956998
test_18928,0.98268002
test_18929,0.84131998
test_18930,0.99967003
test_18931,0.99136001
test_18932,0.99800003
test_18933,0.98468000
test_18934,0.99681002
test_18935,0.89895999
test_18936,0.52353001
test_18937,0.99998999
test_18938,0.98861003
test_18939,0.97399998
test_18940,0.98460001
test_18941,0.97582000
test_18942,0.98258001
test_18943,0.72623998
test_18944,0.01374000
test_18945,0.00000000
test_18946,0.00537997
test_18947,0.00360000
test_18948,0.49708003
test_18949,0.00002003
test_18950,0.05469000
test_18951,0.01678997
test_18952,0.39394999
test_18953,0.46168000
test_18954,0.00130999
test_18955,0.02578002
test_18956,0.06472999
test_18957,0.00477999
test_18958,0.01492000
test_18959,0.00883001
test_18960,0.09210002
test_18961,0.06992000
test_18962,0.00382000
test_18963,0.17852998
test_18964,0.02525002
test_18965,0.04698002
test_18966,0.00054997
test_18967,0.00221997
test_18968,0.02367002
test_18969,0.00002003
test_18970,0.25534999
test_18971,0.00193000
test_18972,0.01082999
test_18973,0.00164998
test_18974,0.00002003
test_18975,0.11356997
test_18976,0.97154999
test_18977,0.99998999
test_18978,0.99975002
test_18979,0.99952000
test_18980,0.99970001
test_18981,0.65134001
test_18982,0.94455999
test_18983,0.99627000
test_18984,0.99915999
test_18985,0.80535001
test_18986,0.98403001
test_18987,0.97694999
test_18988,0.91709000
test_18989,0.99996001
test_18990,0.99915999
test_18991,0.99975997
test_18992,0.95771998
test_18993,0.99893999
test_18994,0.68189001
test_18995,0.99326003
test_18996,0.99704999
test_18997,0.99980998
test_18998,0.99888003
test_18999,0.58218002
test_19000,0.99985999
test_19001,0.57739002
test_19002,0.86619997
test_19003,0.96350998
test_19004,0.66799998
test_19005,0.58160001
test_19006,0.99981999
test_19007,0.99893999
test_19008,0.94084001
test_19009,0.99162000
test_19010,0.77051997
test_19011,0.99923998
test_19012,0.98264998
test_19013,0.86963999
test_19014,0.99611002
test_19015,0.84303999
test_19016,0.99743998
test_19017,0.71999002
test_19018,0.72869998
test_19019,0.99971002
test_19020,0.52746999
test_19021,0.99998999
test_19022,0.99998999
test_19023,0.99985999
test_19024,0.89358997
test_19025,0.99687999
test_19026,0.99967003
test_19027,0.99726999
test_19028,0.74076998
test_19029,0.77654999
test_19030,0.99919999
test_19031,1.00000000
test_19032,0.78509998
test_19033,0.99637002
test_19034,0.95173001
test_19035,0.99511999
test_19036,0.73566997
test_19037,1.00000000
test_19038,0.99989998
test_19039,0.92522001
test_19040,0.99895000
test_19041,0.98736000
test_19042,0.99994999
test_19043,0.72464001
test_19044,0.96438998
test_19045,0.81233001
test_19046,0.98738998
test_19047,0.65394998
test_19048,0.98965001
test_19049,0.99917001
test_19050,0.96401000
test_19051,0.79706001
test_19052,0.85202003
test_19053,0.98875999
test_19054,0.99800003
test_19055,0.99794000
test_19056,0.76238000
test_19057,0.99879998
test_19058,0.93529999
test_19059,0.99669999
test_19060,0.99997002
test_19061,0.99989003
test_19062,0.82681000
test_19063,0.99542999
test_19064,0.93599999
test_19065,0.97951001
test_19066,0.88252997
test_19067,0.99980003
test_19068,0.97263998
test_19069,0.98079002
test_19070,0.66654998
test_19071,0.58582002
test_19072,0.41044003
test_19073,0.00861001
test_19074,0.00584000
test_19075,0.00015002
test_19076,0.00000000
test_19077,0.00022000
test_19078,0.09322000
test_19079,0.24346000
test_19080,0.00462002
test_19081,0.00309998
test_19082,0.08217001
test_19083,0.23561001
test_19084,0.00357997
test_19085,0.02305001
test_19086,0.20607001
test_19087,0.00080001
test_19088,0.00891000
test_19089,0.27336001
test_19090,0.00037998
test_19091,0.00067002
test_19092,0.02237999
test_19093,0.04159999
test_19094,0.01718998
test_19095,0.00549001
test_19096,0.00003999
test_19097,0.10095000
test_19098,0.14186001
test_19099,0.00000000
test_19100,0.00042999
test_19101,0.00594002
test_19102,0.01367003
test_19103,0.02460003
test_19104,0.06709999
test_19105,0.00966001
test_19106,0.00511003
test_19107,0.00137001
test_19108,0.00735998
test_19109,0.43593001
test_19110,0.44792998
test_19111,0.05868000
test_19112,0.00597000
test_19113,0.01405001
test_19114,0.00211000
test_19115,0.34443998
test_19116,0.04053998
test_19117,0.33990002
test_19118,0.00070000
test_19119,0.30805999
test_19120,0.01336002
test_19121,0.00081998
test_19122,0.00068003
test_19123,0.02613002
test_19124,0.00419998
test_19125,0.00028998
test_19126,0.45542997
test_19127,0.17550999
test_19128,0.26823997
test_19129,0.00195003
test_19130,0.00058001
test_19131,0.00037998
test_19132,0.02164000
test_19133,0.00194001
test_19134,0.22474998
test_19135,0.02517003
test_19136,0.98078001
test_19137,0.99905002
test_19138,0.97083998
test_19139,0.65423000
test_19140,0.99943000
test_19141,0.84175003
test_19142,0.99927998
test_19143,0.99998999
test_19144,0.99998999
test_19145,0.99807000
test_19146,0.92026001
test_19147,0.99993002
test_19148,0.99984998
test_19149,0.99251002
test_19150,0.98554999
test_19151,0.99817997
test_19152,0.98706001
test_19153,0.75345999
test_19154,0.52411997
test_19155,0.99962997
test_19156,0.99614000
test_19157,0.97345001
test_19158,0.96451002
test_19159,0.99984002
test_19160,0.99984002
test_19161,0.93588001
test_19162,0.88898998
test_19163,0.99974000
test_19164,0.74435002
test_19165,0.97083998
test_19166,0.75716001
test_19167,0.99702001
test_19168,0.99943000
test_19169,0.99997997
test_19170,1.00000000
test_19171,0.99998999
test_19172,0.57045001
test_19173,0.99406999
test_19174,0.99870002
test_19175,0.99839002
test_19176,0.98480999
test_19177,0.99282002
test_19178,0.99642998
test_19179,0.97097999
test_19180,0.98483002
test_19181,0.80878001
test_19182,0.99967003
test_19183,0.96403003
test_19184,0.82819998
test_19185,0.98333001
test_19186,0.82890999
test_19187,0.99967003
test_19188,0.99545002
test_19189,0.62567002
test_19190,0.99998999
test_19191,0.97877997
test_19192,0.99453002
test_19193,0.96789002
test_19194,0.98984998
test_19195,0.87842000
test_19196,0.99994999
test_19197,0.95674002
test_19198,0.99856001
test_19199,0.96816999
test_19200,0.98342001
test_19201,0.99989998
test_19202,0.98062998
test_19203,0.99997997
test_19204,0.98035997
test_19205,0.60255003
test_19206,0.99738997
test_19207,0.59021002
test_19208,0.99880999
test_19209,0.97468001
test_19210,0.96161002
test_19211,0.99972999
test_19212,0.89105999
test_19213,0.99909002
test_19214,0.98378998
test_19215,0.99401999
test_19216,0.65793002
test_19217,0.99743003
test_19218,0.63674998
test_19219,0.78711998
test_19220,0.79955000
test_19221,0.97766000
test_19222,0.96649998
test_19223,0.99998999
test_19224,0.99193001
test_19225,0.99792999
test_19226,0.99997002
test_19227,0.66439003
test_19228,0.97163999
test_19229,0.99422997
test_19230,0.59175003
test_19231,0.98923999
test_19232,0.99980998
test_19233,0.99909002
test_19234,0.99673003
test_19235,0.99768001
test_19236,0.94949001
test_19237,0.99967003
test_19238,0.92056000
test_19239,0.99603999
test_19240,0.99875998
test_19241,0.81954998
test_19242,0.99181998
test_19243,0.99144000
test_19244,0.99998999
test_19245,0.99943000
test_19246,0.99703002
test_19247,0.99651998
test_19248,0.99981999
test_19249,0.99997002
test_19250,0.99870002
test_19251,0.98527002
test_19252,0.99993998
test_19253,0.99993002
test_19254,0.99238998
test_19255,0.99744999
test_19256,0.99834001
test_19257,0.99160999
test_19258,0.52858001
test_19259,0.99662000
test_19260,0.82479000
test_19261,0.99526000
test_19262,0.96113002
test_19263,0.52445000
test_19264,0.96410000
test_19265,0.76910001
test_19266,0.99961001
test_19267,0.98491001
test_19268,0.97188002
test_19269,0.99655998
test_19270,0.97452003
test_19271,0.99682999
test_19272,0.98487002
test_19273,0.99730003
test_19274,0.99691999
test_19275,0.95245999
test_19276,0.91294003
test_19277,0.97733003
test_19278,0.75516999
test_19279,0.97750002
test_19280,0.96433002
test_19281,0.65990001
test_19282,0.99928999
test_19283,0.92442000
test_19284,0.89598000
test_19285,0.68804002
test_19286,0.97223002
test_19287,0.99998999
test_19288,0.75108999
test_19289,0.99416000
test_19290,1.00000000
test_19291,0.96581000
test_19292,0.86041999
test_19293,0.96943998
test_19294,0.98817998
test_19295,0.99945998
test_19296,0.94616997
test_19297,1.00000000
test_19298,0.99971998
test_19299,0.53245002
test_19300,0.99782002
test_19301,0.93795002
test_19302,1.00000000
test_19303,0.99997997
test_19304,0.99989003
test_19305,0.98272997
test_19306,0.99996001
test_19307,0.99997002
test_19308,0.99759001
test_19309,0.89150000
test_19310,0.99861002
test_19311,0.99985999
test_19312,0.59596002
test_19313,0.99790001
test_19314,0.82454002
test_19315,0.99949002
test_19316,0.98333001
test_19317,0.82666999
test_19318,0.96588999
test_19319,0.77482003
test_19320,0.99975997
test_19321,0.93419999
test_19322,0.80189002
test_19323,0.99724001
test_19324,0.88257998
test_19325,0.99851000
test_19326,0.87610000
test_19327,0.76901001
test_19328,0.23662001
test_19329,0.06204998
test_19330,0.10865998
test_19331,0.01284999
test_19332,0.00024998
test_19333,0.07252002
test_19334,0.27767003
test_19335,0.00180000
test_19336,0.02234000
test_19337,0.00005001
test_19338,0.00010002
test_19339,0.10797000
test_19340,0.23231000
test_19341,0.08392000
test_19342,0.01411998
test_19343,0.00032997
test_19344,0.01077002
test_19345,0.00005001
test_19346,0.00151998
test_19347,0.00089002
test_19348,0.17210001
test_19349,0.24212998
test_19350,0.00428998
test_19351,0.03509998
test_19352,0.22872001
test_19353,0.01015002
test_19354,0.00009000
test_19355,0.00045002
test_19356,0.13225001
test_19357,0.17475998
test_19358,0.00862002
test_19359,0.00428998
test_19360,0.31361002
test_19361,0.01874000
test_19362,0.02578998
test_19363,0.36138999
test_19364,0.01980001
test_19365,0.34912002
test_19366,0.16250998
test_19367,0.22095001
test_19368,0.00708997
test_19369,0.29255998
test_19370,0.38655001
test_19371,0.02800000
test_19372,0.19430000
test_19373,0.28943002
test_19374,0.00103998
test_19375,0.03842998
test_19376,0.00129998
test_19377,0.00057000
test_19378,0.00669998
test_19379,0.00726002
test_19380,0.00063998
test_19381,0.15199000
test_19382,0.00059998
test_19383,0.00152999
test_19384,0.00001001
test_19385,0.00485998
test_19386,0.06054002
test_19387,0.10262001
test_19388,0.17075002
test_19389,0.04960001
test_19390,0.00000000
test_19391,0.01603001
test_19392,0.00726002
test_19393,0.02165002
test_19394,0.00000000
test_19395,0.02661997
test_19396,0.00353998
test_19397,0.11133999
test_19398,0.29136997
test_19399,0.24765003
test_19400,0.00274998
test_19401,0.01630998
test_19402,0.04719001
test_19403,0.23374999
test_19404,0.03301001
test_19405,0.00817001
test_19406,0.00081998
test_19407,0.07385999
test_19408,0.36194998
test_19409,0.01681000
test_19410,0.01857001
test_19411,0.00015002
test_19412,0.22578001
test_19413,0.00079000
test_19414,0.40094000
test_19415,0.07244998
test_19416,0.00246000
test_19417,0.40956002
test_19418,0.01536000
test_19419,0.16303998
test_19420,0.01394999
test_19421,0.38358003
test_19422,0.00007999
test_19423,0.00038999
test_19424,0.90526998
test_19425,0.92817998
test_19426,0.85066998
test_19427,0.99435002
test_19428,0.99994999
test_19429,0.98784000
test_19430,0.85952002
test_19431,0.99730998
test_19432,0.99998999
test_19433,0.99698001
test_19434,0.99842000
test_19435,0.99998999
test_19436,0.99347001
test_19437,0.99985999
test_19438,0.99514002
test_19439,0.61140001
test_19440,0.95687997
test_19441,0.99996001
test_19442,0.61733001
test_19443,0.99830002
test_19444,0.95218998
test_19445,0.97916001
test_19446,0.99998999
test_19447,0.71925002
test_19448,0.98762000
test_19449,1.00000000
test_19450,0.97698998
test_19451,0.96362001
test_19452,0.99980998
test_19453,0.58463001
test_19454,0.98657000
test_19455,0.68719000
test_19456,0.00546002
test_19457,0.00559002
test_19458,0.00007999
test_19459,0.05536002
test_19460,0.21025997
test_19461,0.45691001
test_19462,0.38020998
test_19463,0.01337999
test_19464,0.26436001
test_19465,0.29957998
test_19466,0.46550000
test_19467,0.00106001
test_19468,0.02907997
test_19469,0.00343001
test_19470,0.00255001
test_19471,0.01441997
test_19472,0.00002003
test_19473,0.01633000
test_19474,0.05321002
test_19475,0.00072002
test_19476,0.09930003
test_19477,0.21333998
test_19478,0.37673002
test_19479,0.00181001
test_19480,0.00007999
test_19481,0.00151998
test_19482,0.04272997
test_19483,0.00748998
test_19484,0.03092998
test_19485,0.00019997
test_19486,0.46262002
test_19487,0.18273997
test_19488,0.99317002
test_19489,0.99201000
test_19490,0.98203999
test_19491,0.72178000
test_19492,0.94915998
test_19493,0.99957001
test_19494,0.92277002
test_19495,0.99844003
test_19496,0.99962997
test_19497,0.74548000
test_19498,0.99909002
test_19499,0.70030999
test_19500,0.99927998
test_19501,0.99580002
test_19502,0.89658999
test_19503,0.70310003
test_19504,0.67566001
test_19505,0.99840999
test_19506,0.89657998
test_19507,0.99528998
test_19508,0.99978000
test_19509,0.99716997
test_19510,0.99936002
test_19511,0.92197001
test_19512,0.60614002
test_19513,0.74953002
test_19514,0.86739999
test_19515,0.99610001
test_19516,0.99996001
test_19517,0.98708999
test_19518,0.99519002
test_19519,0.99979001
test_19520,0.10258001
test_19521,0.00309002
test_19522,0.08319002
test_19523,0.00533998
test_19524,0.39410001
test_19525,0.06033999
test_19526,0.18220001
test_19527,0.28491998
test_19528,0.07731998
test_19529,0.33442998
test_19530,0.00474000
test_19531,0.09621000
test_19532,0.46416003
test_19533,0.30048001
test_19534,0.00000000
test_19535,0.07404000
test_19536,0.20753998
test_19537,0.21653998
test_19538,0.00002003
test_19539,0.00015998
test_19540,0.07528001
test_19541,0.00006002
test_19542,0.02502000
test_19543,0.26353002
test_19544,0.00002998
test_19545,0.00062001
test_19546,0.16224998
test_19547,0.00699002
test_19548,0.00107998
test_19549,0.00007999
test_19550,0.00000000
test_19551,0.09030002
test_19552,0.98439002
test_19553,0.55065000
test_19554,0.51600999
test_19555,0.96873999
test_19556,0.95984000
test_19557,0.98593003
test_19558,0.99344999
test_19559,0.81926000
test_19560,0.98856002
test_19561,0.97680002
test_19562,0.91908997
test_19563,0.52517003
test_19564,0.93765002
test_19565,0.94725001
test_19566,0.99001002
test_19567,0.99515998
test_19568,0.76181000
test_19569,0.78675997
test_19570,0.56187999
test_19571,0.95191997
test_19572,0.97974002
test_19573,0.96836001
test_19574,0.99769998
test_19575,0.99761999
test_19576,0.99614000
test_19577,0.93763000
test_19578,0.99730003
test_19579,0.99949002
test_19580,0.98582000
test_19581,0.95280999
test_19582,0.99957001
test_19583,1.00000000
test_19584,0.41623002
test_19585,0.00799000
test_19586,0.22223997
test_19587,0.37987000
test_19588,0.00010997
test_19589,0.00005001
test_19590,0.25917000
test_19591,0.01815999
test_19592,0.08754998
test_19593,0.19916999
test_19594,0.00031000
test_19595,0.00147003
test_19596,0.00005001
test_19597,0.00274998
test_19598,0.00050998
test_19599,0.02516001
test_19600,0.01907998
test_19601,0.02227998
test_19602,0.01887000
test_19603,0.00256002
test_19604,0.00024003
test_19605,0.37335998
test_19606,0.00376999
test_19607,0.00134999
test_19608,0.00531000
test_19609,0.12006998
test_19610,0.01266998
test_19611,0.00005001
test_19612,0.32151002
test_19613,0.00010002
test_19614,0.01179999
test_19615,0.04348999
test_19616,0.08607000
test_19617,0.14038002
test_19618,0.01472998
test_19619,0.00248998
test_19620,0.07499999
test_19621,0.00514001
test_19622,0.00147003
test_19623,0.00739998
test_19624,0.23618001
test_19625,0.00000000
test_19626,0.00721002
test_19627,0.00022000
test_19628,0.06066000
test_19629,0.00080001
test_19630,0.00001001
test_19631,0.00059998
test_19632,0.02917999
test_19633,0.00936002
test_19634,0.15933001
test_19635,0.00111002
test_19636,0.01650000
test_19637,0.09992999
test_19638,0.00055999
test_19639,0.01481003
test_19640,0.00085998
test_19641,0.08134001
test_19642,0.02368999
test_19643,0.00072002
test_19644,0.00514001
test_19645,0.42954999
test_19646,0.00761002
test_19647,0.00033998
test_19648,0.49967998
test_19649,0.00585002
test_19650,0.00168002
test_19651,0.00269002
test_19652,0.00072998
test_19653,0.07028002
test_19654,0.04395998
test_19655,0.48343003
test_19656,0.01433998
test_19657,0.16711003
test_19658,0.19679999
test_19659,0.28113002
test_19660,0.00072002
test_19661,0.23659003
test_19662,0.13108999
test_19663,0.29264998
test_19664,0.21174002
test_19665,0.00147998
test_19666,0.00076997
test_19667,0.00051999
test_19668,0.05421001
test_19669,0.04421997
test_19670,0.00001001
test_19671,0.08568001
test_19672,0.10437000
test_19673,0.16589999
test_19674,0.02732998
test_19675,0.04399002
test_19676,0.20617002
test_19677,0.02480000
test_19678,0.00155002
test_19679,0.00138998
test_19680,0.99864000
test_19681,0.93230999
test_19682,0.96109998
test_19683,0.99984002
test_19684,0.97742999
test_19685,0.97684997
test_19686,0.99915999
test_19687,0.99987000
test_19688,0.93729001
test_19689,0.95519000
test_19690,0.93858999
test_19691,0.99963999
test_19692,0.99992001
test_19693,0.64783001
test_19694,0.95323998
test_19695,0.99728000
test_19696,0.99900001
test_19697,0.66056001
test_19698,0.99945998
test_19699,0.99984998
test_19700,0.98591000
test_19701,0.87677997
test_19702,0.91316003
test_19703,0.99980998
test_19704,0.99970001
test_19705,0.96073997
test_19706,0.99926001
test_19707,0.70196003
test_19708,0.98912001
test_19709,0.99971998
test_19710,0.99835998
test_19711,0.94546998
test_19712,0.92758000
test_19713,1.00000000
test_19714,0.99957001
test_19715,0.99965000
test_19716,0.98522002
test_19717,1.00000000
test_19718,0.98168999
test_19719,0.99997002
test_19720,0.99750000
test_19721,0.96885002
test_19722,0.99474001
test_19723,0.99658000
test_19724,0.99979001
test_19725,0.99975002
test_19726,1.00000000
test_19727,0.97871000
test_19728,0.96674001
test_19729,0.94935000
test_19730,0.67265999
test_19731,0.88761997
test_19732,0.99315000
test_19733,0.96639001
test_19734,0.93646002
test_19735,0.94367999
test_19736,0.99984002
test_19737,0.98772001
test_19738,0.60022002
test_19739,0.99888003
test_19740,0.99725002
test_19741,0.99997997
test_19742,0.99760002
test_19743,0.98123997
test_19744,0.99984998
test_19745,0.99331999
test_19746,0.99993002
test_19747,0.97718000
test_19748,0.92082000
test_19749,0.85632002
test_19750,0.99998999
test_19751,0.99947000
test_19752,0.99721003
test_19753,0.99902999
test_19754,0.78525001
test_19755,0.99998999
test_19756,0.96161002
test_19757,0.99563998
test_19758,0.91483998
test_19759,0.94213003
test_19760,0.99703002
test_19761,0.54518998
test_19762,0.99989998
test_19763,0.54602998
test_19764,0.66715002
test_19765,0.99949002
test_19766,0.99905002
test_19767,0.89346999
test_19768,0.66791999
test_19769,0.89020997
test_19770,0.99975997
test_19771,0.99988002
test_19772,0.99998999
test_19773,0.99997002
test_19774,0.76344001
test_19775,0.87777001
test_19776,0.99870998
test_19777,0.99106002
test_19778,0.99914002
test_19779,0.99321002
test_19780,0.89450002
test_19781,0.99905002
test_19782,0.64877999
test_19783,0.63168001
test_19784,0.99959999
test_19785,0.96945000
test_19786,0.99575001
test_19787,0.99984002
test_19788,0.98334998
test_19789,0.91271001
test_19790,0.98654002
test_19791,0.61281002
test_19792,0.93950999
test_19793,0.90052998
test_19794,1.00000000
test_19795,0.96526998
test_19796,0.99247003
test_19797,0.98869002
test_19798,0.84201998
test_19799,0.96278000
test_19800,0.98387998
test_19801,0.56373000
test_19802,0.98413998
test_19803,0.97391999
test_19804,0.93493998
test_19805,0.98838001
test_19806,0.68115997
test_19807,0.99998999
test_19808,0.05012000
test_19809,0.25948000
test_19810,0.00032002
test_19811,0.00599998
test_19812,0.10689002
test_19813,0.07589000
test_19814,0.00133002
test_19815,0.03713000
test_19816,0.11265999
test_19817,0.00002998
test_19818,0.34153003
test_19819,0.17470998
test_19820,0.13345999
test_19821,0.00651002
test_19822,0.00072002
test_19823,0.00028002
test_19824,0.20055997
test_19825,0.00853002
test_19826,0.03140002
test_19827,0.00002998
test_19828,0.38760000
test_19829,0.03560001
test_19830,0.07815999
test_19831,0.25853002
test_19832,0.00247002
test_19833,0.02952999
test_19834,0.05159998
test_19835,0.03495002
test_19836,0.00142002
test_19837,0.00651002
test_19838,0.00006998
test_19839,0.16529000
test_19840,0.79377002
test_19841,0.91263998
test_19842,0.62042999
test_19843,0.99860001
test_19844,0.99742001
test_19845,0.91285002
test_19846,0.95227998
test_19847,0.99852002
test_19848,0.92982000
test_19849,0.98616999
test_19850,0.99963999
test_19851,0.96306998
test_19852,0.93638998
test_19853,0.99763000
test_19854,0.99527001
test_19855,0.99261999
test_19856,0.99937999
test_19857,0.51314002
test_19858,0.95427001
test_19859,0.82393998
test_19860,0.99948001
test_19861,0.99766999
test_19862,0.75582999
test_19863,0.73372000
test_19864,0.99892002
test_19865,0.98461998
test_19866,0.99992001
test_19867,0.99921000
test_19868,0.95275998
test_19869,0.94779998
test_19870,0.79483002
test_19871,0.99984002
test_19872,0.99804002
test_19873,0.89503002
test_19874,0.99989998
test_19875,0.99998999
test_19876,0.96135998
test_19877,0.99066001
test_19878,0.77920002
test_19879,0.99783999
test_19880,0.98084003
test_19881,0.99998999
test_19882,0.99997997
test_19883,0.85955000
test_19884,0.96989000
test_19885,0.90145999
test_19886,0.99997002
test_19887,0.99998999
test_19888,0.99228001
test_19889,0.65477002
test_19890,0.94152999
test_19891,0.94958001
test_19892,0.61224997
test_19893,0.98334002
test_19894,0.73523003
test_19895,0.99983001
test_19896,0.63698000
test_19897,0.99305999
test_19898,0.99219000
test_19899,0.99697000
test_19900,0.92839003
test_19901,0.99993998
test_19902,0.55765998
test_19903,0.98483998
test_19904,0.99891001
test_19905,0.99101001
test_19906,0.97836000
test_19907,0.97408998
test_19908,0.99817997
test_19909,0.99915999
test_19910,0.99360001
test_19911,0.97069001
test_19912,0.98281002
test_19913,0.99158001
test_19914,0.99083000
test_19915,0.90329999
test_19916,0.67549998
test_19917,0.92088002
test_19918,0.72772002
test_19919,0.99632001
test_19920,0.92673999
test_19921,0.98890001
test_19922,0.99993998
test_19923,0.99379998
test_19924,0.73131001
test_19925,0.99884999
test_19926,0.99888998
test_19927,0.57451999
test_19928,0.83718997
test_19929,0.99155998
test_19930,0.95146000
test_19931,0.54122001
test_19932,0.98110998
test_19933,0.99910003
test_19934,0.97062999
test_19935,0.99912000
test_19936,0.99996001
test_19937,0.99852002
test_19938,0.99654001
test_19939,0.96666002
test_19940,0.90691000
test_19941,0.88628000
test_19942,0.85298997
test_19943,0.87128001
test_19944,0.99904001
test_19945,0.58872002
test_19946,0.99954998
test_19947,0.99061000
test_19948,0.99997002
test_19949,0.99101001
test_19950,0.58239001
test_19951,0.99998999
test_19952,0.99519002
test_19953,0.99984998
test_19954,0.96645999
test_19955,0.77373999
test_19956,0.99901003
test_19957,0.99208999
test_19958,0.89445001
test_19959,0.99976999
test_19960,0.65609002
test_19961,0.96882999
test_19962,0.99747998
test_19963,0.98392999
test_19964,0.92369998
test_19965,0.63599998
test_19966,1.00000000
test_19967,0.97237003
test_19968,0.99974000
test_19969,0.96596003
test_19970,0.98439002
test_19971,0.82541001
test_19972,0.97627997
test_19973,0.99782997
test_19974,0.62026000
test_19975,0.99948001
test_19976,0.99347001
test_19977,0.91801000
test_19978,0.54734999
test_19979,0.99934000
test_19980,0.99631000
test_19981,0.99716997
test_19982,0.99878001
test_19983,0.99905998
test_19984,0.68693000
test_19985,0.99857002
test_19986,0.99834001
test_19987,0.55460000
test_19988,0.98530000
test_19989,0.91439998
test_19990,0.65930998
test_19991,0.97904998
test_19992,0.99646002
test_19993,0.99725002
test_19994,0.63764000
test_19995,0.97518998
test_19996,0.99908000
test_19997,0.99800998
test_19998,0.99927998
test_19999,0.64652002
